Library_name	RAS_id	Read_name	Length	Breadth_coverage	Mean_depth_coverage	CVPG	CV_per_genome	seq_name	taxonomy
4752_BW_run525_CCS_trimmed_deduplicated	9_2016_F4_1	5068_N_run562_hifi_trimmed_deduplicated_s1960.ctg002023l||full	28482	0.2615687100624956	0.2615687100624956	0.240072	0.000824618	5068_N_run562_hifi_trimmed_deduplicated_s1960.ctg002023l||full	Megaviricetes
4752_BW_run525_CCS_trimmed_deduplicated	9_2016_F4_1	5068_N_run562_hifi_trimmed_deduplicated_s2831.ctg002928l||full	20798	0.44220598134436	0.44220598134436	0.405865	0.00139409	5068_N_run562_hifi_trimmed_deduplicated_s2831.ctg002928l||full	Megaviricetes
4752_BW_run525_CCS_trimmed_deduplicated	9_2016_F4_1	5068_N_run562_hifi_trimmed_deduplicated_s3354.ctg003466l||full	27405	0.1403758438241197	0.1403758438241197	0.128839	0.000442547	5068_N_run562_hifi_trimmed_deduplicated_s3354.ctg003466l||full	Megaviricetes
4752_BW_run525_CCS_trimmed_deduplicated	9_2016_F4_1	5068_N_run562_hifi_trimmed_deduplicated_s3416.ctg003532l||full	22159	0.1343472178347398	0.1343472178347398	0.123306	0.000423541	5068_N_run562_hifi_trimmed_deduplicated_s3416.ctg003532l||full	Megaviricetes
4752_BW_run525_CCS_trimmed_deduplicated	9_2016_F4_1	5068_N_run562_hifi_trimmed_deduplicated_s3686.ctg003811l||full	27572	0.4253590599158566	0.4253590599158566	0.390402	0.00134098	5068_N_run562_hifi_trimmed_deduplicated_s3686.ctg003811l||full	Megaviricetes
4752_BW_run525_CCS_trimmed_deduplicated	9_2016_F4_1	5068_N_run562_hifi_trimmed_deduplicated_s4323.ctg004477l||full	24242	0.2038610675686824	0.2038610675686824	0.187107	0.000642689	5068_N_run562_hifi_trimmed_deduplicated_s4323.ctg004477l||full	Megaviricetes
4752_BW_run525_CCS_trimmed_deduplicated	9_2016_F4_1	5068_N_run562_hifi_trimmed_deduplicated_s4481.ctg004642l||full	19699	0.1374689070511193	0.1374689070511193	0.126171	0.000433382	5068_N_run562_hifi_trimmed_deduplicated_s4481.ctg004642l||full	Megaviricetes
4752_BW_run525_CCS_trimmed_deduplicated	9_2016_F4_1	5068_N_run562_hifi_trimmed_deduplicated_s4602.ctg004769l||full	25339	0.4914953234144993	0.6233474091321678	0.57212	0.00196516	5068_N_run562_hifi_trimmed_deduplicated_s4602.ctg004769l||full	Megaviricetes
4752_BW_run525_CCS_trimmed_deduplicated	9_2016_F4_1	5068_N_run562_hifi_trimmed_deduplicated_s72.ctg000078l||full	34379	0.1630064865179324	0.1630064865179324	0.14961	0.000513892	5068_N_run562_hifi_trimmed_deduplicated_s72.ctg000078l||full	Megaviricetes
4752_BW_run525_CCS_trimmed_deduplicated	9_2016_F4_1	5068_N_run562_hifi_trimmed_deduplicated_s911.ctg000943l||full	49062	0.0154906037258978	0.0154906037258978	0.0142176	4.88354e-05	5068_N_run562_hifi_trimmed_deduplicated_s911.ctg000943l||full	Megaviricetes
4752_BW_run525_CCS_trimmed_deduplicated	9_2016_F4_1	5516.AE.hifi_reads_s2440.ctg002481l||full	29943	0.3509000434158233	0.3509000434158233	0.322062	0.00110624	5516.AE.hifi_reads_s2440.ctg002481l||full	Megaviricetes
4752_BW_run525_CCS_trimmed_deduplicated	9_2016_F4_1	5516.AE.hifi_reads_s2935.ctg002980l||full	21281	0.5441473614961703	0.6171232554861144	0.566407	0.00194553	5516.AE.hifi_reads_s2935.ctg002980l||full	Megaviricetes
4752_BW_run525_CCS_trimmed_deduplicated	9_2016_F4_1	5516.J.hifi_reads_s1068.ctg001072l||full	14958	0.2043722422783794	0.2043722422783794	0.187577	0.000644301	5516.J.hifi_reads_s1068.ctg001072l||full	Megaviricetes
4752_BW_run525_CCS_trimmed_deduplicated	9_2016_F4_1	5516.J.hifi_reads_s1203.ctg001207l||full	33814	0.0263204589814869	0.0263204589814869	0.0241574	8.29775e-05	5516.J.hifi_reads_s1203.ctg001207l||full	Megaviricetes
4752_BW_run525_CCS_trimmed_deduplicated	9_2016_F4_1	5516.J.hifi_reads_s1319.ctg001323l||full	48218	0.2256418764776639	0.3821187108548675	0.350715	0.00120466	5516.J.hifi_reads_s1319.ctg001323l||full	Megaviricetes
4752_BW_run525_CCS_trimmed_deduplicated	9_2016_F4_1	5516.J.hifi_reads_s1458.ctg001463l||full	35889	0.118476413385717	0.118476413385717	0.10874	0.000373507	5516.J.hifi_reads_s1458.ctg001463l||full	Megaviricetes
4752_BW_run525_CCS_trimmed_deduplicated	9_2016_F4_1	5516.J.hifi_reads_s1606.ctg001613l||full	26581	0.2445355705202964	0.2445355705202964	0.224439	0.000770919	5516.J.hifi_reads_s1606.ctg001613l||full	Megaviricetes
4752_BW_run525_CCS_trimmed_deduplicated	9_2016_F4_1	5516.J.hifi_reads_s228.ctg000231l||full	17113	0.1855899024133699	0.1855899024133699	0.170338	0.000585088	5516.J.hifi_reads_s228.ctg000231l||full	Megaviricetes
4752_BW_run525_CCS_trimmed_deduplicated	9_2016_F4_1	5516.J.hifi_reads_s914.ctg000917l||full	17680	0.0714932126696832	0.0714932126696832	0.0656178	0.000225388	5516.J.hifi_reads_s914.ctg000917l||full	Megaviricetes
4752_BW_run525_CCS_trimmed_deduplicated	9_2016_F4_1	5516.K.hifi_reads_s168.ctg000174l||full	26529	0.2242828602661238	0.2788646386972747	0.255947	0.000879145	5516.K.hifi_reads_s168.ctg000174l||full	Megaviricetes
4752_BW_run525_CCS_trimmed_deduplicated	9_2016_F4_1	5516.K.hifi_reads_s275.ctg000282l||full	11450	0.5514410480349345	0.5514410480349345	0.506123	0.00173846	5516.K.hifi_reads_s275.ctg000282l||full	Megaviricetes
4752_BW_run525_CCS_trimmed_deduplicated	9_2016_F4_1	5516.K.hifi_reads_s559.ctg000568l||full	16736	0.4644478967495219	0.4644478967495219	0.426279	0.00146421	5516.K.hifi_reads_s559.ctg000568l||full	Megaviricetes
4752_BW_run525_CCS_trimmed_deduplicated	9_2016_F4_1	5516.N.hifi_reads_s11.ctg000012l||full	21307	0.1662833810484817	0.1662833810484817	0.152618	0.000524223	5516.N.hifi_reads_s11.ctg000012l||full	Megaviricetes
4752_BW_run525_CCS_trimmed_deduplicated	9_2016_F4_1	5516.S.hifi_reads_s1.ctg000002l||full	41765	0.0702023225188555	0.0702023225188555	0.064433	0.000221319	5516.S.hifi_reads_s1.ctg000002l||full	Megaviricetes
4752_BW_run525_CCS_trimmed_deduplicated	9_2016_F4_1	5516.S.hifi_reads_s169.ctg000173l||full	26528	0.099479794933655	0.099479794933655	0.0913044	0.000313619	5516.S.hifi_reads_s169.ctg000173l||full	Megaviricetes
4752_BW_run525_CCS_trimmed_deduplicated	9_2016_F4_1	5516.S.hifi_reads_s193.ctg000198l||full	14806	0.2573956504119951	0.2573956504119951	0.236242	0.000811462	5516.S.hifi_reads_s193.ctg000198l||full	Megaviricetes
4752_BW_run525_CCS_trimmed_deduplicated	9_2016_F4_1	5516.S.hifi_reads_s24.ctg000025l||full	27110	0.2780154924382146	0.2780154924382146	0.255168	0.000876468	5516.S.hifi_reads_s24.ctg000025l||full	Megaviricetes
4752_BW_run525_CCS_trimmed_deduplicated	9_2016_F4_1	5516.S.hifi_reads_s421.ctg000440l||full	12909	0.1399798590130916	0.1399798590130916	0.128476	0.000441298	5516.S.hifi_reads_s421.ctg000440l||full	Megaviricetes
4752_BW_run525_CCS_trimmed_deduplicated	9_2016_F4_1	5516.S.hifi_reads_s441.ctg000460l||full	24898	0.09836131416178	0.1401317374889549	0.128615	0.000441777	5516.S.hifi_reads_s441.ctg000460l||full	Megaviricetes
4752_BW_run525_CCS_trimmed_deduplicated	9_2016_F4_1	5516.S.hifi_reads_s458.ctg000478l||full	19860	0.13202416918429	0.13202416918429	0.121174	0.000416217	5516.S.hifi_reads_s458.ctg000478l||full	Megaviricetes
4752_CA_run525_CCS_trimmed_deduplicated	12_2016_F4	5068_G_run562_hifi_trimmed_deduplicated_s4881.ctg004884l||full	14110	0.4749114103472714	0.4749114103472714	0.46639	0.00144482	5068_G_run562_hifi_trimmed_deduplicated_s4881.ctg004884l||full	Megaviricetes
4752_CA_run525_CCS_trimmed_deduplicated	12_2016_F4	5068_N_run562_hifi_trimmed_deduplicated_s3686.ctg003811l||full	27572	0.4146960684752647	0.4819381981720586	0.47329	0.00146619	5068_N_run562_hifi_trimmed_deduplicated_s3686.ctg003811l||full	Megaviricetes
4752_CA_run525_CCS_trimmed_deduplicated	12_2016_F4	5068_N_run562_hifi_trimmed_deduplicated_s4323.ctg004477l||full	24242	0.0495833677089349	0.0495833677089349	0.0486937	0.000150847	5068_N_run562_hifi_trimmed_deduplicated_s4323.ctg004477l||full	Megaviricetes
4752_CA_run525_CCS_trimmed_deduplicated	12_2016_F4	5516.J.hifi_reads_s1203.ctg001207l||full	33814	0.1019695983911989	0.1019695983911989	0.10014	0.000310221	5516.J.hifi_reads_s1203.ctg001207l||full	Megaviricetes
4752_CA_run525_CCS_trimmed_deduplicated	12_2016_F4	5516.S.hifi_reads_s1.ctg000002l||full	41765	0.0697473961450975	0.0697473961450975	0.0684959	0.000212192	5516.S.hifi_reads_s1.ctg000002l||full	Megaviricetes
4752_CA_run525_CCS_trimmed_deduplicated	12_2016_F4	5516.S.hifi_reads_s458.ctg000478l||full	19860	0.0833836858006042	0.0833836858006042	0.0818875	0.000253677	5516.S.hifi_reads_s458.ctg000478l||full	Megaviricetes
4752_CF_run525_CCS_trimmed_deduplicated	3_2017_F4_2	5068_G_run562_hifi_trimmed_deduplicated_s4881.ctg004884l||full	14110	0.2355067328136073	0.2355067328136073	0.0810687	0.000298828	5068_G_run562_hifi_trimmed_deduplicated_s4881.ctg004884l||full	Megaviricetes
4752_CF_run525_CCS_trimmed_deduplicated	3_2017_F4_2	5068_N_run562_hifi_trimmed_deduplicated_s3676.ctg003801l||full	26801	0.119958210514533	0.119958210514533	0.0412933	0.000152212	5068_N_run562_hifi_trimmed_deduplicated_s3676.ctg003801l||full	Megaviricetes
4752_CF_run525_CCS_trimmed_deduplicated	3_2017_F4_2	5068_N_run562_hifi_trimmed_deduplicated_s3686.ctg003811l||full	27572	0.1936022051356448	0.1936022051356448	0.0666438	0.000245657	5068_N_run562_hifi_trimmed_deduplicated_s3686.ctg003811l||full	Megaviricetes
4752_CF_run525_CCS_trimmed_deduplicated	3_2017_F4_2	5516.I.hifi_reads_s121.ctg000122l||full	108794	0.0591209074029817	0.0591209074029817	0.0203512	7.5017e-05	5516.I.hifi_reads_s121.ctg000122l||full	Megaviricetes
4752_CF_run525_CCS_trimmed_deduplicated	3_2017_F4_2	5516.J.hifi_reads_s1203.ctg001207l||full	33814	0.0118294197669604	0.0118294197669604	0.00407205	1.501e-05	5516.J.hifi_reads_s1203.ctg001207l||full	Megaviricetes
4752_CF_run525_CCS_trimmed_deduplicated	3_2017_F4_2	5516.J.hifi_reads_s1319.ctg001323l||full	48218	0.0495250736239578	0.0495250736239578	0.0170481	6.28411e-05	5516.J.hifi_reads_s1319.ctg001323l||full	Megaviricetes
4752_CF_run525_CCS_trimmed_deduplicated	3_2017_F4_2	5516.J.hifi_reads_s1496.ctg001501l||full	31019	0.0932009413585222	0.0932009413585222	0.0320826	0.00011826	5516.J.hifi_reads_s1496.ctg001501l||full	Megaviricetes
4752_CF_run525_CCS_trimmed_deduplicated	3_2017_F4_2	5516.S.hifi_reads_s1.ctg000002l||full	41765	0.1434454686938824	0.1434454686938824	0.0493784	0.000182014	5516.S.hifi_reads_s1.ctg000002l||full	Megaviricetes
4752_CF_run525_CCS_trimmed_deduplicated	3_2017_F4_2	5516.S.hifi_reads_s24.ctg000025l||full	27110	0.2808926595352268	0.2808926595352268	0.0966919	0.000356418	5516.S.hifi_reads_s24.ctg000025l||full	Megaviricetes
4752_CF_run525_CCS_trimmed_deduplicated	3_2017_F4_2	5516.S.hifi_reads_s458.ctg000478l||full	19860	0.095619335347432	0.095619335347432	0.0329151	0.000121329	5516.S.hifi_reads_s458.ctg000478l||full	Megaviricetes
4752_CP_run525_CCS_trimmed_deduplicated	7_2017_F4_2	5068_N_run562_hifi_trimmed_deduplicated_s1960.ctg002023l||full	28482	0.4359946632961168	0.5729583596657538	0.822169	0.00259023	5068_N_run562_hifi_trimmed_deduplicated_s1960.ctg002023l||full	Megaviricetes
4752_CP_run525_CCS_trimmed_deduplicated	7_2017_F4_2	5068_N_run562_hifi_trimmed_deduplicated_s2646.ctg002734l||full	34651	0.4036535742114224	0.764451242388387	1.09695	0.00345593	5068_N_run562_hifi_trimmed_deduplicated_s2646.ctg002734l||full	Megaviricetes
4752_CP_run525_CCS_trimmed_deduplicated	7_2017_F4_2	5068_N_run562_hifi_trimmed_deduplicated_s2831.ctg002928l||full	20798	0.1556880469275892	0.1556880469275892	0.223405	0.000703834	5068_N_run562_hifi_trimmed_deduplicated_s2831.ctg002928l||full	Megaviricetes
4752_CP_run525_CCS_trimmed_deduplicated	7_2017_F4_2	5068_N_run562_hifi_trimmed_deduplicated_s3952.ctg004086l||full	17211	0.0156876416245424	0.0156876416245424	0.0225111	7.09206e-05	5068_N_run562_hifi_trimmed_deduplicated_s3952.ctg004086l||full	Megaviricetes
4752_CP_run525_CCS_trimmed_deduplicated	7_2017_F4_2	5068_N_run562_hifi_trimmed_deduplicated_s4323.ctg004477l||full	24242	0.0508621400874515	0.0508621400874515	0.0729849	0.000229937	5068_N_run562_hifi_trimmed_deduplicated_s4323.ctg004477l||full	Megaviricetes
4752_CP_run525_CCS_trimmed_deduplicated	7_2017_F4_2	5068_N_run562_hifi_trimmed_deduplicated_s5662.ctg005890l||full	24930	0.077135980746089	0.077135980746089	0.110687	0.000348716	5068_N_run562_hifi_trimmed_deduplicated_s5662.ctg005890l||full	Megaviricetes
4752_CP_run525_CCS_trimmed_deduplicated	7_2017_F4_2	5068_N_run562_hifi_trimmed_deduplicated_s72.ctg000078l||full	34379	0.1983478286163064	0.1983478286163064	0.28462	0.00089669	5068_N_run562_hifi_trimmed_deduplicated_s72.ctg000078l||full	Megaviricetes
4752_CP_run525_CCS_trimmed_deduplicated	7_2017_F4_2	5516.AH.hifi_reads_s6697.ctg006711l||full	16534	0.1230192330954397	0.1230192330954397	0.176527	0.000556145	5516.AH.hifi_reads_s6697.ctg006711l||full	Megaviricetes
4752_CP_run525_CCS_trimmed_deduplicated	7_2017_F4_2	5516.I.hifi_reads_s121.ctg000122l||full	108794	0.2410243211941835	0.2688659301064396	0.385811	0.00121549	5516.I.hifi_reads_s121.ctg000122l||full	Megaviricetes
4752_CP_run525_CCS_trimmed_deduplicated	7_2017_F4_2	5516.I.hifi_reads_s187.ctg000189l||full	21504	0.8256603422619048	0.8256603422619048	1.18479	0.00373264	5516.I.hifi_reads_s187.ctg000189l||full	Megaviricetes
4752_CP_run525_CCS_trimmed_deduplicated	7_2017_F4_2	5516.I.hifi_reads_s204.ctg000206l||full	26872	0.1655254540041679	0.1655254540041679	0.237522	0.000748307	5516.I.hifi_reads_s204.ctg000206l||full	Megaviricetes
4752_CP_run525_CCS_trimmed_deduplicated	7_2017_F4_2	5516.I.hifi_reads_s499.ctg000511l||full_1	125104	0.1312268192863537	0.1846383808671185	0.264948	0.000834712	5516.I.hifi_reads_s499.ctg000511l||full_1	Megaviricetes
4752_CP_run525_CCS_trimmed_deduplicated	7_2017_F4_2	5516.I.hifi_reads_s532.ctg000548l||full	72062	0.0177624823069023	0.0177624823069023	0.0254884	8.03006e-05	5516.I.hifi_reads_s532.ctg000548l||full	Megaviricetes
4752_CP_run525_CCS_trimmed_deduplicated	7_2017_F4_2	5516.J.hifi_reads_s1068.ctg001072l||full	14958	0.1074341489503944	0.1074341489503944	0.154163	0.000485688	5516.J.hifi_reads_s1068.ctg001072l||full	Megaviricetes
4752_CP_run525_CCS_trimmed_deduplicated	7_2017_F4_2	5516.J.hifi_reads_s1203.ctg001207l||full	33814	0.0910273851067605	0.1377831667356716	0.197713	0.00062289	5516.J.hifi_reads_s1203.ctg001207l||full	Megaviricetes
4752_CP_run525_CCS_trimmed_deduplicated	7_2017_F4_2	5516.J.hifi_reads_s1319.ctg001323l||full	48218	0.0743705670081712	0.0743705670081712	0.106718	0.000336214	5516.J.hifi_reads_s1319.ctg001323l||full	Megaviricetes
4752_CP_run525_CCS_trimmed_deduplicated	7_2017_F4_2	5516.J.hifi_reads_s1496.ctg001501l||full	31019	0.1424933105515974	0.1424933105515974	0.204471	0.000644183	5516.J.hifi_reads_s1496.ctg001501l||full	Megaviricetes
4752_CP_run525_CCS_trimmed_deduplicated	7_2017_F4_2	5516.J.hifi_reads_s1606.ctg001613l||full	26581	0.0930740002257251	0.0930740002257251	0.133557	0.000420769	5516.J.hifi_reads_s1606.ctg001613l||full	Megaviricetes
4752_CP_run525_CCS_trimmed_deduplicated	7_2017_F4_2	5516.J.hifi_reads_s236.ctg000239l||full	41038	0.1996685998342999	0.1996685998342999	0.286515	0.000902661	5516.J.hifi_reads_s236.ctg000239l||full	Megaviricetes
4752_CP_run525_CCS_trimmed_deduplicated	7_2017_F4_2	5516.J.hifi_reads_s293.ctg000296l||full	44247	0.2905055709991638	0.2905055709991638	0.416862	0.00131332	5516.J.hifi_reads_s293.ctg000296l||full	Megaviricetes
4752_CP_run525_CCS_trimmed_deduplicated	7_2017_F4_2	5516.J.hifi_reads_s385.ctg000388l||full	25616	0.1235165521549031	0.1235165521549031	0.177241	0.000558393	5516.J.hifi_reads_s385.ctg000388l||full	Megaviricetes
4752_CP_run525_CCS_trimmed_deduplicated	7_2017_F4_2	5516.J.hifi_reads_s682.ctg000685l||full	63094	0.0780898342156148	0.0780898342156148	0.112055	0.000353028	5516.J.hifi_reads_s682.ctg000685l||full	Megaviricetes
4752_CP_run525_CCS_trimmed_deduplicated	7_2017_F4_2	5516.J.hifi_reads_s914.ctg000917l||full	17680	0.6333710407239819	1.2573529411764706	1.80424	0.00568424	5516.J.hifi_reads_s914.ctg000917l||full	Megaviricetes
4752_CP_run525_CCS_trimmed_deduplicated	7_2017_F4_2	5516.K.hifi_reads_s128.ctg000132l||full	16992	0.4442678907721281	0.4442678907721281	0.637504	0.00200844	5516.K.hifi_reads_s128.ctg000132l||full	Megaviricetes
4752_CP_run525_CCS_trimmed_deduplicated	7_2017_F4_2	5516.K.hifi_reads_s168.ctg000174l||full	26529	0.3443024614572731	0.3443024614572731	0.494059	0.00155652	5516.K.hifi_reads_s168.ctg000174l||full	Megaviricetes
4752_CP_run525_CCS_trimmed_deduplicated	7_2017_F4_2	5516.K.hifi_reads_s559.ctg000568l||full	16736	0.279098948374761	0.279098948374761	0.400494	0.00126175	5516.K.hifi_reads_s559.ctg000568l||full	Megaviricetes
4752_CP_run525_CCS_trimmed_deduplicated	7_2017_F4_2	5516.S.hifi_reads_s1.ctg000002l||full	41765	0.0629235005387286	0.0629235005387286	0.0902924	0.000284464	5516.S.hifi_reads_s1.ctg000002l||full	Megaviricetes
4752_CP_run525_CCS_trimmed_deduplicated	7_2017_F4_2	5516.S.hifi_reads_s148.ctg000151l||full	19685	0.2896621793243586	0.2896621793243586	0.415652	0.0013095	5516.S.hifi_reads_s148.ctg000151l||full	Megaviricetes
4752_CP_run525_CCS_trimmed_deduplicated	7_2017_F4_2	5516.S.hifi_reads_s169.ctg000173l||full	26528	0.1198356453558504	0.1198356453558504	0.171959	0.000541752	5516.S.hifi_reads_s169.ctg000173l||full	Megaviricetes
4752_CP_run525_CCS_trimmed_deduplicated	7_2017_F4_2	5516.S.hifi_reads_s339.ctg000349l||full	16084	0.9569758766476	1.2198458095001243	1.75042	0.00551467	5516.S.hifi_reads_s339.ctg000349l||full	Megaviricetes
4752_CP_run525_CCS_trimmed_deduplicated	7_2017_F4_2	5516.S.hifi_reads_s421.ctg000440l||full	12909	0.0746765822294523	0.1474165311023317	0.211536	0.00066644	5516.S.hifi_reads_s421.ctg000440l||full	Megaviricetes
4752_CP_run525_CCS_trimmed_deduplicated	7_2017_F4_2	5516.S.hifi_reads_s458.ctg000478l||full	19860	0.1105740181268882	0.1105740181268882	0.158669	0.000499883	5516.S.hifi_reads_s458.ctg000478l||full	Megaviricetes
4752_CP_run525_CCS_trimmed_deduplicated	7_2017_F4_2	5516_AB_hifi_reads_s181.ctg000182l||full	11270	0.0346938775510204	0.0346938775510204	0.0497842	0.000156844	5516_AB_hifi_reads_s181.ctg000182l||full	Megaviricetes
4752_CP_run525_CCS_trimmed_deduplicated	7_2017_F4_2	5516_AB_hifi_reads_s207.ctg000208l||full	26340	0.2034168564920273	0.2034168564920273	0.291894	0.000919606	5516_AB_hifi_reads_s207.ctg000208l||full	Megaviricetes
4752_CP_run525_CCS_trimmed_deduplicated	7_2017_F4_2	5516_AB_hifi_reads_s512.ctg000513l||full	19603	0.0647349895424169	0.0647349895424169	0.0928918	0.000292654	5516_AB_hifi_reads_s512.ctg000513l||full	Megaviricetes
4752_CP_run525_CCS_trimmed_deduplicated	7_2017_F4_2	5516_AB_hifi_reads_s61.ctg000062l||full	19927	0.0814974657499874	0.0814974657499874	0.116945	0.000368433	5516_AB_hifi_reads_s61.ctg000062l||full	Megaviricetes
4752_CP_run525_CCS_trimmed_deduplicated	7_2017_F4_2	5516_M_hifi_reads_s593.ctg000594l||full	10175	0.1835872235872236	0.1835872235872236	0.263439	0.00082996	5516_M_hifi_reads_s593.ctg000594l||full	Megaviricetes
4752_E_run525_CCS_trimmed_deduplicated	RAS_EGC_09_1617_1	5068_N_run562_hifi_trimmed_deduplicated_s3354.ctg003466l||full	27405	0.0193395365809158	0.0193395365809158	0.0149909	2.72891e-05	5068_N_run562_hifi_trimmed_deduplicated_s3354.ctg003466l||full	Megaviricetes
4752_E_run525_CCS_trimmed_deduplicated	RAS_EGC_09_1617_1	5068_N_run562_hifi_trimmed_deduplicated_s3686.ctg003811l||full	27572	0.0761642245756564	0.0761642245756564	0.0590383	0.000107472	5068_N_run562_hifi_trimmed_deduplicated_s3686.ctg003811l||full	Megaviricetes
4752_E_run525_CCS_trimmed_deduplicated	RAS_EGC_09_1617_1	5068_N_run562_hifi_trimmed_deduplicated_s4603.ctg004770l||full	14809	0.1287730434195421	0.1287730434195421	0.0998177	0.000181706	5068_N_run562_hifi_trimmed_deduplicated_s4603.ctg004770l||full	Megaviricetes
4752_E_run525_CCS_trimmed_deduplicated	RAS_EGC_09_1617_1	5516.I.hifi_reads_s121.ctg000122l||full	108794	0.2575877346177179	0.3806000330900601	0.29502	0.000537047	5516.I.hifi_reads_s121.ctg000122l||full	Megaviricetes
4752_E_run525_CCS_trimmed_deduplicated	RAS_EGC_09_1617_1	5516.I.hifi_reads_s204.ctg000206l||full	26872	0.0252307234295921	0.0252307234295921	0.0195575	3.56019e-05	5516.I.hifi_reads_s204.ctg000206l||full	Megaviricetes
4752_E_run525_CCS_trimmed_deduplicated	RAS_EGC_09_1617_1	5516.I.hifi_reads_s499.ctg000511l||full_1	125104	0.2831963806113314	0.3916261670290318	0.303567	0.000552606	5516.I.hifi_reads_s499.ctg000511l||full_1	Megaviricetes
4752_E_run525_CCS_trimmed_deduplicated	RAS_EGC_09_1617_1	5516.I.hifi_reads_s521.ctg000536l||full_1	53345	0.0460024369669134	0.0460024369669134	0.0356585	6.49119e-05	5516.I.hifi_reads_s521.ctg000536l||full_1	Megaviricetes
4752_E_run525_CCS_trimmed_deduplicated	RAS_EGC_09_1617_1	5516.I.hifi_reads_s532.ctg000548l||full	72062	0.123213344064833	0.123213344064833	0.0955081	0.000173861	5516.I.hifi_reads_s532.ctg000548l||full	Megaviricetes
4752_E_run525_CCS_trimmed_deduplicated	RAS_EGC_09_1617_1	5516.J.hifi_reads_s1606.ctg001613l||full	26581	0.0977766073511154	0.0977766073511154	0.075791	0.000137968	5516.J.hifi_reads_s1606.ctg001613l||full	Megaviricetes
4752_E_run525_CCS_trimmed_deduplicated	RAS_EGC_09_1617_1	5516.J.hifi_reads_s293.ctg000296l||full	44247	0.1781589712296878	0.1781589712296878	0.138099	0.000251392	5516.J.hifi_reads_s293.ctg000296l||full	Megaviricetes
4752_E_run525_CCS_trimmed_deduplicated	RAS_EGC_09_1617_1	5516.J.hifi_reads_s385.ctg000388l||full	25616	0.1314412866958151	0.1314412866958151	0.101886	0.000185471	5516.J.hifi_reads_s385.ctg000388l||full	Megaviricetes
4752_E_run525_CCS_trimmed_deduplicated	RAS_EGC_09_1617_1	5516.S.hifi_reads_s458.ctg000478l||full	19860	0.2400805639476334	0.2400805639476334	0.186097	0.000338767	5516.S.hifi_reads_s458.ctg000478l||full	Megaviricetes
4752_E_run525_CCS_trimmed_deduplicated	RAS_EGC_09_1617_1	5516_AB_hifi_reads_s207.ctg000208l||full	26340	0.1467729688686408	0.1467729688686408	0.11377	0.000207105	5516_AB_hifi_reads_s207.ctg000208l||full	Megaviricetes
4752_E_run525_CCS_trimmed_deduplicated	RAS_EGC_09_1617_1	5516_AB_hifi_reads_s312.ctg000313l||full	34290	0.1449110527850685	0.1449110527850685	0.112327	0.000204477	5516_AB_hifi_reads_s312.ctg000313l||full	Megaviricetes
4752_E_run525_CCS_trimmed_deduplicated	RAS_EGC_09_1617_1	5516_AB_hifi_reads_s532.ctg000533l||full	23774	0.1033481955076974	0.1033481955076974	0.0801098	0.00014583	5516_AB_hifi_reads_s532.ctg000533l||full	Megaviricetes
4752_J_run525_CCS_trimmed_deduplicated	RAS_EGC_12_1617_1	5068_N_run562_hifi_trimmed_deduplicated_s3416.ctg003532l||full	22159	0.1157994494336387	0.1157994494336387	0.123959	0.000305539	5068_N_run562_hifi_trimmed_deduplicated_s3416.ctg003532l||full	Megaviricetes
4752_J_run525_CCS_trimmed_deduplicated	RAS_EGC_12_1617_1	5068_N_run562_hifi_trimmed_deduplicated_s4602.ctg004769l||full	25339	0.082797269031927	0.082797269031927	0.0886311	0.000218462	5068_N_run562_hifi_trimmed_deduplicated_s4602.ctg004769l||full	Megaviricetes
4752_J_run525_CCS_trimmed_deduplicated	RAS_EGC_12_1617_1	5068_N_run562_hifi_trimmed_deduplicated_s4603.ctg004770l||full	14809	0.1471402525491255	0.1471402525491255	0.157508	0.000388233	5068_N_run562_hifi_trimmed_deduplicated_s4603.ctg004770l||full	Megaviricetes
4752_J_run525_CCS_trimmed_deduplicated	RAS_EGC_12_1617_1	5516.J.hifi_reads_s1203.ctg001207l||full	33814	0.0450996628615366	0.0450996628615366	0.0482774	0.000118996	5516.J.hifi_reads_s1203.ctg001207l||full	Megaviricetes
4752_Q_run525_CCS_trimmed_deduplicated	RAS_EGC_03_1617_2	5068_N_run562_hifi_trimmed_deduplicated_s1960.ctg002023l||full	28482	0.3020855277017063	0.3020855277017063	0.222811	0.000587075	5068_N_run562_hifi_trimmed_deduplicated_s1960.ctg002023l||full	Megaviricetes
4752_Q_run525_CCS_trimmed_deduplicated	RAS_EGC_03_1617_2	5068_N_run562_hifi_trimmed_deduplicated_s3686.ctg003811l||full	27572	0.0635427245031191	0.0635427245031191	0.0468677	0.000123489	5068_N_run562_hifi_trimmed_deduplicated_s3686.ctg003811l||full	Megaviricetes
4752_Q_run525_CCS_trimmed_deduplicated	RAS_EGC_03_1617_2	5516.J.hifi_reads_s1203.ctg001207l||full	33814	0.1038327320044951	0.1038327320044951	0.0765846	0.000201789	5516.J.hifi_reads_s1203.ctg001207l||full	Megaviricetes
4752_Q_run525_CCS_trimmed_deduplicated	RAS_EGC_03_1617_2	5516.J.hifi_reads_s1319.ctg001323l||full	48218	0.026504624828902	0.026504624828902	0.0195492	5.15093e-05	5516.J.hifi_reads_s1319.ctg001323l||full	Megaviricetes
4752_Q_run525_CCS_trimmed_deduplicated	RAS_EGC_03_1617_2	5516.J.hifi_reads_s682.ctg000685l||full	63094	0.1107395314926934	0.1107395314926934	0.0816789	0.000215212	5516.J.hifi_reads_s682.ctg000685l||full	Megaviricetes
4752_Q_run525_CCS_trimmed_deduplicated	RAS_EGC_03_1617_2	5516.S.hifi_reads_s169.ctg000173l||full	26528	0.0951447527141133	0.0951447527141133	0.0701766	0.000184905	5516.S.hifi_reads_s169.ctg000173l||full	Megaviricetes
5068_A_run562_hifi_trimmed_deduplicated	RAS_EGC_07_1617_1	5068_A_run562_hifi_trimmed_deduplicated_s274.ctg000312l||full	44582	0.9998654165358216	2.0423040689067338	1.28307	0.0026412	5068_A_run562_hifi_trimmed_deduplicated_s274.ctg000312l||full	Megaviricetes
5068_A_run562_hifi_trimmed_deduplicated	RAS_EGC_07_1617_1	5068_N_run562_hifi_trimmed_deduplicated_s3416.ctg003532l||full	22159	0.0676023286249379	0.0676023286249379	0.0424709	8.74262e-05	5068_N_run562_hifi_trimmed_deduplicated_s3416.ctg003532l||full	Megaviricetes
5068_A_run562_hifi_trimmed_deduplicated	RAS_EGC_07_1617_1	5516.I.hifi_reads_s121.ctg000122l||full	108794	0.1949831792194422	0.1982278434472489	0.124536	0.000256357	5516.I.hifi_reads_s121.ctg000122l||full	Megaviricetes
5068_A_run562_hifi_trimmed_deduplicated	RAS_EGC_07_1617_1	5516.I.hifi_reads_s187.ctg000189l||full	21504	0.4876767113095238	0.4876767113095238	0.306381	0.000630684	5516.I.hifi_reads_s187.ctg000189l||full	Megaviricetes
5068_A_run562_hifi_trimmed_deduplicated	RAS_EGC_07_1617_1	5516.I.hifi_reads_s204.ctg000206l||full	26872	0.0438374516225067	0.0438374516225067	0.0275407	5.66925e-05	5516.I.hifi_reads_s204.ctg000206l||full	Megaviricetes
5068_A_run562_hifi_trimmed_deduplicated	RAS_EGC_07_1617_1	5516.I.hifi_reads_s372.ctg000376l||full	21102	0.4940290019903327	0.4940290019903327	0.310372	0.000638899	5516.I.hifi_reads_s372.ctg000376l||full	Megaviricetes
5068_A_run562_hifi_trimmed_deduplicated	RAS_EGC_07_1617_1	5516.I.hifi_reads_s499.ctg000511l||full_1	125104	0.4376838470392633	0.5325169459010104	0.334552	0.000688674	5516.I.hifi_reads_s499.ctg000511l||full_1	Megaviricetes
5068_A_run562_hifi_trimmed_deduplicated	RAS_EGC_07_1617_1	5516.I.hifi_reads_s521.ctg000536l||full_1	53345	0.31026337988565	0.31026337988565	0.194922	0.000401246	5516.I.hifi_reads_s521.ctg000536l||full_1	Megaviricetes
5068_A_run562_hifi_trimmed_deduplicated	RAS_EGC_07_1617_1	5516.I.hifi_reads_s532.ctg000548l||full	72062	0.1704504454497516	0.2421109600066609	0.152105	0.000313108	5516.I.hifi_reads_s532.ctg000548l||full	Megaviricetes
5068_A_run562_hifi_trimmed_deduplicated	RAS_EGC_07_1617_1	5516.I.hifi_reads_s681.ctg000706l||full	15560	0.2656169665809769	0.2656169665809769	0.166873	0.000343507	5516.I.hifi_reads_s681.ctg000706l||full	Megaviricetes
5068_A_run562_hifi_trimmed_deduplicated	RAS_EGC_07_1617_1	5516.J.hifi_reads_s1157.ctg001161l||full	21774	0.6004868191420961	0.675254891154588	0.424226	0.000873269	5516.J.hifi_reads_s1157.ctg001161l||full	Megaviricetes
5068_A_run562_hifi_trimmed_deduplicated	RAS_EGC_07_1617_1	5516.J.hifi_reads_s1203.ctg001207l||full	33814	0.0477612823091027	0.0477612823091027	0.0300058	6.17669e-05	5516.J.hifi_reads_s1203.ctg001207l||full	Megaviricetes
5068_A_run562_hifi_trimmed_deduplicated	RAS_EGC_07_1617_1	5516.J.hifi_reads_s1606.ctg001613l||full	26581	0.0440164026936533	0.0440164026936533	0.0276531	5.69239e-05	5516.J.hifi_reads_s1606.ctg001613l||full	Megaviricetes
5068_A_run562_hifi_trimmed_deduplicated	RAS_EGC_07_1617_1	5516.J.hifi_reads_s293.ctg000296l||full	44247	0.0823558659344136	0.0823558659344136	0.0517397	0.000106506	5516.J.hifi_reads_s293.ctg000296l||full	Megaviricetes
5068_A_run562_hifi_trimmed_deduplicated	RAS_EGC_07_1617_1	5516.K.hifi_reads_s275.ctg000282l||full	11450	0.5414847161572053	0.5414847161572053	0.340185	0.000700271	5516.K.hifi_reads_s275.ctg000282l||full	Megaviricetes
5068_A_run562_hifi_trimmed_deduplicated	RAS_EGC_07_1617_1	5516.S.hifi_reads_s1.ctg000002l||full	41765	0.0375433975817071	0.0375433975817071	0.0235865	4.85527e-05	5516.S.hifi_reads_s1.ctg000002l||full	Megaviricetes
5068_A_run562_hifi_trimmed_deduplicated	RAS_EGC_07_1617_1	5516.S.hifi_reads_s421.ctg000440l||full	12909	0.0469439925633279	0.0469439925633279	0.0294924	6.071e-05	5516.S.hifi_reads_s421.ctg000440l||full	Megaviricetes
5068_A_run562_hifi_trimmed_deduplicated	RAS_EGC_07_1617_1	5516.S.hifi_reads_s458.ctg000478l||full	19860	0.2961732124874119	0.2961732124874119	0.18607	0.000383024	5516.S.hifi_reads_s458.ctg000478l||full	Megaviricetes
5068_A_run562_hifi_trimmed_deduplicated	RAS_EGC_07_1617_1	5516_AB_hifi_reads_s156.ctg000157l||full	31855	0.1971119133574007	0.1971119133574007	0.123835	0.000254914	5516_AB_hifi_reads_s156.ctg000157l||full	Megaviricetes
5068_A_run562_hifi_trimmed_deduplicated	RAS_EGC_07_1617_1	5516_AB_hifi_reads_s194.ctg000195l||full	29105	0.615564336024738	0.7309397010822882	0.45921	0.000945283	5516_AB_hifi_reads_s194.ctg000195l||full	Megaviricetes
5068_A_run562_hifi_trimmed_deduplicated	RAS_EGC_07_1617_1	5516_AB_hifi_reads_s212.ctg000213l||full	38847	0.1792158982675624	0.1792158982675624	0.112592	0.00023177	5516_AB_hifi_reads_s212.ctg000213l||full	Megaviricetes
5068_A_run562_hifi_trimmed_deduplicated	RAS_EGC_07_1617_1	5516_AB_hifi_reads_s312.ctg000313l||full	34290	0.3367745698454359	0.6648877223680373	0.417713	0.000859861	5516_AB_hifi_reads_s312.ctg000313l||full	Megaviricetes
5068_A_run562_hifi_trimmed_deduplicated	RAS_EGC_07_1617_1	5516_AB_hifi_reads_s42.ctg000043l||full	33972	0.2537678087837042	0.2537678087837042	0.159429	0.000328183	5516_AB_hifi_reads_s42.ctg000043l||full	Megaviricetes
5068_A_run562_hifi_trimmed_deduplicated	RAS_EGC_07_1617_1	5516_AB_hifi_reads_s553.ctg000554l||full	17057	0.6084891833264935	0.6084891833264935	0.382281	0.000786924	5516_AB_hifi_reads_s553.ctg000554l||full	Megaviricetes
5068_B_run562_hifi_trimmed_deduplicated	RAS_EGC_08_1617_1	5068_N_run562_hifi_trimmed_deduplicated_s1960.ctg002023l||full	28482	0.1222175409030264	0.1222175409030264	0.0839483	0.000154815	5068_N_run562_hifi_trimmed_deduplicated_s1960.ctg002023l||full	Megaviricetes
5068_B_run562_hifi_trimmed_deduplicated	RAS_EGC_08_1617_1	5516.I.hifi_reads_s121.ctg000122l||full	108794	0.0300108461863705	0.0300108461863705	0.0206137	3.80154e-05	5516.I.hifi_reads_s121.ctg000122l||full	Megaviricetes
5068_B_run562_hifi_trimmed_deduplicated	RAS_EGC_08_1617_1	5516.I.hifi_reads_s187.ctg000189l||full	21504	0.3615141369047619	0.3615141369047619	0.248315	0.000457937	5516.I.hifi_reads_s187.ctg000189l||full	Megaviricetes
5068_B_run562_hifi_trimmed_deduplicated	RAS_EGC_08_1617_1	5516.I.hifi_reads_s499.ctg000511l||full_1	125104	0.0636990024299782	0.0636990024299782	0.0437533	8.06888e-05	5516.I.hifi_reads_s499.ctg000511l||full_1	Megaviricetes
5068_B_run562_hifi_trimmed_deduplicated	RAS_EGC_08_1617_1	5516.I.hifi_reads_s521.ctg000536l||full_1	53345	0.1197675508482519	0.1197675508482519	0.0822654	0.000151712	5516.I.hifi_reads_s521.ctg000536l||full_1	Megaviricetes
5068_B_run562_hifi_trimmed_deduplicated	RAS_EGC_08_1617_1	5516.J.hifi_reads_s1319.ctg001323l||full	48218	0.0327056286034261	0.0327056286034261	0.0224647	4.14289e-05	5516.J.hifi_reads_s1319.ctg001323l||full	Megaviricetes
5068_B_run562_hifi_trimmed_deduplicated	RAS_EGC_08_1617_1	5516.J.hifi_reads_s293.ctg000296l||full	44247	0.3526114764842814	0.4739304359617601	0.325531	0.000600337	5516.J.hifi_reads_s293.ctg000296l||full	Megaviricetes
5068_B_run562_hifi_trimmed_deduplicated	RAS_EGC_08_1617_1	5516.K.hifi_reads_s526.ctg000535l||full	11640	0.045446735395189	0.045446735395189	0.0312163	5.75683e-05	5516.K.hifi_reads_s526.ctg000535l||full	Megaviricetes
5068_B_run562_hifi_trimmed_deduplicated	RAS_EGC_08_1617_1	5516.S.hifi_reads_s458.ctg000478l||full	19860	0.0393756294058408	0.0393756294058408	0.0270462	4.98779e-05	5516.S.hifi_reads_s458.ctg000478l||full	Megaviricetes
5068_B_run562_hifi_trimmed_deduplicated	RAS_EGC_08_1617_1	5516_AB_hifi_reads_s207.ctg000208l||full	26340	0.2249810174639331	0.2249810174639331	0.154534	0.000284988	5516_AB_hifi_reads_s207.ctg000208l||full	Megaviricetes
5068_C_run562_hifi_trimmed_deduplicated	RAS_EGC_10_1617_2	5068_G_run562_hifi_trimmed_deduplicated_s4881.ctg004884l||full	14110	0.2019844082211197	0.2019844082211197	0.108651	0.000241121	5068_G_run562_hifi_trimmed_deduplicated_s4881.ctg004884l||full	Megaviricetes
5068_C_run562_hifi_trimmed_deduplicated	RAS_EGC_10_1617_2	5068_N_run562_hifi_trimmed_deduplicated_s1960.ctg002023l||full	28482	0.1231303981461976	0.1231303981461976	0.0662342	0.000146988	5068_N_run562_hifi_trimmed_deduplicated_s1960.ctg002023l||full	Megaviricetes
5068_C_run562_hifi_trimmed_deduplicated	RAS_EGC_10_1617_2	5068_N_run562_hifi_trimmed_deduplicated_s2831.ctg002928l||full	20798	0.1175593807096836	0.1175593807096836	0.0632374	0.000140338	5068_N_run562_hifi_trimmed_deduplicated_s2831.ctg002928l||full	Megaviricetes
5068_C_run562_hifi_trimmed_deduplicated	RAS_EGC_10_1617_2	5068_N_run562_hifi_trimmed_deduplicated_s3416.ctg003532l||full	22159	0.0797418656076537	0.0797418656076537	0.0428947	9.51926e-05	5068_N_run562_hifi_trimmed_deduplicated_s3416.ctg003532l||full	Megaviricetes
5068_C_run562_hifi_trimmed_deduplicated	RAS_EGC_10_1617_2	5068_N_run562_hifi_trimmed_deduplicated_s3686.ctg003811l||full	27572	0.363883650079791	0.3868417234875961	0.20809	0.000461796	5068_N_run562_hifi_trimmed_deduplicated_s3686.ctg003811l||full	Megaviricetes
5068_C_run562_hifi_trimmed_deduplicated	RAS_EGC_10_1617_2	5068_N_run562_hifi_trimmed_deduplicated_s3952.ctg004086l||full	17211	0.3740630991807565	0.4994480274243216	0.268663	0.000596221	5068_N_run562_hifi_trimmed_deduplicated_s3952.ctg004086l||full	Megaviricetes
5068_C_run562_hifi_trimmed_deduplicated	RAS_EGC_10_1617_2	5516.G.hifi_reads_s1412.ctg001430l||full	41548	0.0840232983537113	0.0840232983537113	0.0451977	0.000100304	5516.G.hifi_reads_s1412.ctg001430l||full	Megaviricetes
5068_C_run562_hifi_trimmed_deduplicated	RAS_EGC_10_1617_2	5516.I.hifi_reads_s121.ctg000122l||full	108794	0.0432836369652738	0.0432836369652738	0.0232831	5.16702e-05	5516.I.hifi_reads_s121.ctg000122l||full	Megaviricetes
5068_C_run562_hifi_trimmed_deduplicated	RAS_EGC_10_1617_2	5516.J.hifi_reads_s1068.ctg001072l||full	14958	0.3021125818959754	0.3021125818959754	0.162512	0.00036065	5516.J.hifi_reads_s1068.ctg001072l||full	Megaviricetes
5068_C_run562_hifi_trimmed_deduplicated	RAS_EGC_10_1617_2	5516.J.hifi_reads_s1203.ctg001207l||full	33814	0.2413497367954102	0.2413497367954102	0.129827	0.000288113	5516.J.hifi_reads_s1203.ctg001207l||full	Megaviricetes
5068_C_run562_hifi_trimmed_deduplicated	RAS_EGC_10_1617_2	5516.J.hifi_reads_s1319.ctg001323l||full	48218	0.1981832510680658	0.2886681322327761	0.15528	0.0003446	5516.J.hifi_reads_s1319.ctg001323l||full	Megaviricetes
5068_C_run562_hifi_trimmed_deduplicated	RAS_EGC_10_1617_2	5516.J.hifi_reads_s1606.ctg001613l||full	26581	0.2580414581844174	0.2718106918475603	0.146212	0.000324476	5516.J.hifi_reads_s1606.ctg001613l||full	Megaviricetes
5068_C_run562_hifi_trimmed_deduplicated	RAS_EGC_10_1617_2	5516.J.hifi_reads_s327.ctg000330l||full	17538	0.3880716159197171	0.3880716159197171	0.208751	0.000463264	5516.J.hifi_reads_s327.ctg000330l||full	Megaviricetes
5068_C_run562_hifi_trimmed_deduplicated	RAS_EGC_10_1617_2	5516.J.hifi_reads_s752.ctg000755l||full	40831	0.1430530724204648	0.1430530724204648	0.076951	0.000170771	5516.J.hifi_reads_s752.ctg000755l||full	Megaviricetes
5068_C_run562_hifi_trimmed_deduplicated	RAS_EGC_10_1617_2	5516.J.hifi_reads_s914.ctg000917l||full	17680	0.0950791855203619	0.0950791855203619	0.0511449	0.000113502	5516.J.hifi_reads_s914.ctg000917l||full	Megaviricetes
5068_C_run562_hifi_trimmed_deduplicated	RAS_EGC_10_1617_2	5516.K.hifi_reads_s526.ctg000535l||full	11640	0.045446735395189	0.090893470790378	0.0488933	0.000108505	5516.K.hifi_reads_s526.ctg000535l||full	Megaviricetes
5068_C_run562_hifi_trimmed_deduplicated	RAS_EGC_10_1617_2	5516.S.hifi_reads_s1.ctg000002l||full	41765	0.111840057464384	0.111840057464384	0.0601609	0.00013351	5516.S.hifi_reads_s1.ctg000002l||full	Megaviricetes
5068_C_run562_hifi_trimmed_deduplicated	RAS_EGC_10_1617_2	5516.S.hifi_reads_s169.ctg000173l||full	26528	0.2455141737032569	0.3306694813027744	0.177873	0.00039474	5516.S.hifi_reads_s169.ctg000173l||full	Megaviricetes
5068_C_run562_hifi_trimmed_deduplicated	RAS_EGC_10_1617_2	5516.S.hifi_reads_s24.ctg000025l||full	27110	0.10018443378827	0.10018443378827	0.0538911	0.000119596	5516.S.hifi_reads_s24.ctg000025l||full	Megaviricetes
5068_C_run562_hifi_trimmed_deduplicated	RAS_EGC_10_1617_2	5516.S.hifi_reads_s392.ctg000408l||full	14921	0.2394611621205013	0.2394611621205013	0.128811	0.000285859	5516.S.hifi_reads_s392.ctg000408l||full	Megaviricetes
5068_C_run562_hifi_trimmed_deduplicated	RAS_EGC_10_1617_2	5516.S.hifi_reads_s441.ctg000460l||full	24898	0.2295365089565427	0.273234797975741	0.146978	0.000326177	5516.S.hifi_reads_s441.ctg000460l||full	Megaviricetes
5068_C_run562_hifi_trimmed_deduplicated	RAS_EGC_10_1617_2	5516_AB_hifi_reads_s194.ctg000195l||full	29105	0.0985397697990036	0.0985397697990036	0.0530064	0.000117633	5516_AB_hifi_reads_s194.ctg000195l||full	Megaviricetes
5068_D_run562_hifi_trimmed_deduplicated	RAS_EGC_11_1617	5068_N_run562_hifi_trimmed_deduplicated_s2646.ctg002734l||full	34651	0.0277048281434879	0.0277048281434879	0.0123161	2.84461e-05	5068_N_run562_hifi_trimmed_deduplicated_s2646.ctg002734l||full	Megaviricetes
5068_D_run562_hifi_trimmed_deduplicated	RAS_EGC_11_1617	5068_N_run562_hifi_trimmed_deduplicated_s2831.ctg002928l||full	20798	0.2353110876045773	0.2353110876045773	0.104607	0.000241607	5068_N_run562_hifi_trimmed_deduplicated_s2831.ctg002928l||full	Megaviricetes
5068_D_run562_hifi_trimmed_deduplicated	RAS_EGC_11_1617	5068_N_run562_hifi_trimmed_deduplicated_s3354.ctg003466l||full	27405	0.2525816456850939	0.2525816456850939	0.112285	0.00025934	5068_N_run562_hifi_trimmed_deduplicated_s3354.ctg003466l||full	Megaviricetes
5068_D_run562_hifi_trimmed_deduplicated	RAS_EGC_11_1617	5068_N_run562_hifi_trimmed_deduplicated_s3686.ctg003811l||full	27572	0.2522486580589003	0.2522486580589003	0.112137	0.000258998	5068_N_run562_hifi_trimmed_deduplicated_s3686.ctg003811l||full	Megaviricetes
5068_D_run562_hifi_trimmed_deduplicated	RAS_EGC_11_1617	5068_N_run562_hifi_trimmed_deduplicated_s3952.ctg004086l||full	17211	0.3876009528789727	0.3876009528789727	0.172307	0.000397972	5068_N_run562_hifi_trimmed_deduplicated_s3952.ctg004086l||full	Megaviricetes
5068_D_run562_hifi_trimmed_deduplicated	RAS_EGC_11_1617	5068_N_run562_hifi_trimmed_deduplicated_s4323.ctg004477l||full	24242	0.5661661579077634	0.5733437835162115	0.254879	0.000588685	5068_N_run562_hifi_trimmed_deduplicated_s4323.ctg004477l||full	Megaviricetes
5068_D_run562_hifi_trimmed_deduplicated	RAS_EGC_11_1617	5068_N_run562_hifi_trimmed_deduplicated_s911.ctg000943l||full	49062	0.0561126737597325	0.0561126737597325	0.0249448	5.76141e-05	5068_N_run562_hifi_trimmed_deduplicated_s911.ctg000943l||full	Megaviricetes
5068_D_run562_hifi_trimmed_deduplicated	RAS_EGC_11_1617	5516.G.hifi_reads_s1412.ctg001430l||full	41548	0.0648888033118321	0.0648888033118321	0.0288462	6.66251e-05	5516.G.hifi_reads_s1412.ctg001430l||full	Megaviricetes
5068_D_run562_hifi_trimmed_deduplicated	RAS_EGC_11_1617	5516.G.hifi_reads_s745.ctg000756l||full_1	34066	0.2312863265425938	0.2312863265425938	0.102818	0.000237475	5516.G.hifi_reads_s745.ctg000756l||full_1	Megaviricetes
5068_D_run562_hifi_trimmed_deduplicated	RAS_EGC_11_1617	5516.I.hifi_reads_s121.ctg000122l||full	108794	0.0380627608140154	0.0380627608140154	0.0169207	3.90812e-05	5516.I.hifi_reads_s121.ctg000122l||full	Megaviricetes
5068_D_run562_hifi_trimmed_deduplicated	RAS_EGC_11_1617	5516.I.hifi_reads_s499.ctg000511l||full_1	125104	0.061780598542013	0.061780598542013	0.0274645	6.34337e-05	5516.I.hifi_reads_s499.ctg000511l||full_1	Megaviricetes
5068_D_run562_hifi_trimmed_deduplicated	RAS_EGC_11_1617	5516.J.hifi_reads_s1068.ctg001072l||full	14958	0.118063912287739	0.118063912287739	0.0524851	0.000121223	5516.J.hifi_reads_s1068.ctg001072l||full	Megaviricetes
5068_D_run562_hifi_trimmed_deduplicated	RAS_EGC_11_1617	5516.J.hifi_reads_s1203.ctg001207l||full	33814	0.1343526350032531	0.1343526350032531	0.0597263	0.000137948	5516.J.hifi_reads_s1203.ctg001207l||full	Megaviricetes
5068_D_run562_hifi_trimmed_deduplicated	RAS_EGC_11_1617	5516.J.hifi_reads_s1319.ctg001323l||full	48218	0.2665809448753578	0.3103612758720809	0.137971	0.000318666	5516.J.hifi_reads_s1319.ctg001323l||full	Megaviricetes
5068_D_run562_hifi_trimmed_deduplicated	RAS_EGC_11_1617	5516.J.hifi_reads_s1606.ctg001613l||full	26581	0.1222677852601482	0.1222677852601482	0.054354	0.000125539	5516.J.hifi_reads_s1606.ctg001613l||full	Megaviricetes
5068_D_run562_hifi_trimmed_deduplicated	RAS_EGC_11_1617	5516.J.hifi_reads_s336.ctg000339l||full	31858	0.2124741038357712	0.2124741038357712	0.0944551	0.000218159	5516.J.hifi_reads_s336.ctg000339l||full	Megaviricetes
5068_D_run562_hifi_trimmed_deduplicated	RAS_EGC_11_1617	5516.J.hifi_reads_s761.ctg000764l||full	18412	0.2388116445796219	0.2388116445796219	0.106163	0.000245202	5516.J.hifi_reads_s761.ctg000764l||full	Megaviricetes
5068_D_run562_hifi_trimmed_deduplicated	RAS_EGC_11_1617	5516.K.hifi_reads_s526.ctg000535l||full	11640	0.0417525773195876	0.0417525773195876	0.0185611	4.28698e-05	5516.K.hifi_reads_s526.ctg000535l||full	Megaviricetes
5068_D_run562_hifi_trimmed_deduplicated	RAS_EGC_11_1617	5516.S.hifi_reads_s1.ctg000002l||full	41765	0.0963007302765473	0.0963007302765473	0.0428104	9.88775e-05	5516.S.hifi_reads_s1.ctg000002l||full	Megaviricetes
5068_D_run562_hifi_trimmed_deduplicated	RAS_EGC_11_1617	5516.S.hifi_reads_s458.ctg000478l||full	19860	0.0367573011077542	0.0367573011077542	0.0163404	3.77408e-05	5516.S.hifi_reads_s458.ctg000478l||full	Megaviricetes
5068_D_run562_hifi_trimmed_deduplicated	RAS_EGC_11_1617	5516_AB_hifi_reads_s207.ctg000208l||full	26340	0.1633637053910402	0.1633637053910402	0.0726231	0.000167735	5516_AB_hifi_reads_s207.ctg000208l||full	Megaviricetes
5068_E_run562_hifi_trimmed_deduplicated	RAS_EGC_02_1617_1	5516.J.hifi_reads_s1068.ctg001072l||full	14958	0.0747426126487498	0.0747426126487498	0.030114	7.74134e-05	5516.J.hifi_reads_s1068.ctg001072l||full	Megaviricetes
5068_E_run562_hifi_trimmed_deduplicated	RAS_EGC_02_1617_1	5516.S.hifi_reads_s441.ctg000460l||full	24898	0.1028998313117519	0.1028998313117519	0.0414586	0.000106577	5516.S.hifi_reads_s441.ctg000460l||full	Megaviricetes
5068_F_run562_hifi_trimmed_deduplicated	RAS_EGC_05_1617_2	5516.AE.hifi_reads_s2935.ctg002980l||full	21281	0.1350030543677458	0.1350030543677458	0.0958901	0.000206112	5516.AE.hifi_reads_s2935.ctg002980l||full	Megaviricetes
5068_F_run562_hifi_trimmed_deduplicated	RAS_EGC_05_1617_2	5516.S.hifi_reads_s458.ctg000478l||full	19860	0.0139979859013091	0.0139979859013091	0.0099425	2.1371e-05	5516.S.hifi_reads_s458.ctg000478l||full	Megaviricetes
5068_G_run562_hifi_trimmed_deduplicated	10_2016_F4	5068_G_run562_hifi_trimmed_deduplicated_s4881.ctg004884l||full	14110	1.0	3.123954642097803	1.59555	0.00484409	5068_G_run562_hifi_trimmed_deduplicated_s4881.ctg004884l||full	Megaviricetes
5068_G_run562_hifi_trimmed_deduplicated	10_2016_F4	5068_N_run562_hifi_trimmed_deduplicated_s3416.ctg003532l||full	22159	0.1034342704995712	0.1034342704995712	0.0528289	0.000160388	5068_N_run562_hifi_trimmed_deduplicated_s3416.ctg003532l||full	Megaviricetes
5068_G_run562_hifi_trimmed_deduplicated	10_2016_F4	5068_N_run562_hifi_trimmed_deduplicated_s4602.ctg004769l||full	25339	0.1913256245313548	0.297525553494613	0.151961	0.000461351	5068_N_run562_hifi_trimmed_deduplicated_s4602.ctg004769l||full	Megaviricetes
5068_G_run562_hifi_trimmed_deduplicated	10_2016_F4	5516.G.hifi_reads_s1412.ctg001430l||full	41548	0.0667420814479638	0.0667420814479638	0.0340884	0.000103492	5516.G.hifi_reads_s1412.ctg001430l||full	Megaviricetes
5068_G_run562_hifi_trimmed_deduplicated	10_2016_F4	5516.J.hifi_reads_s1068.ctg001072l||full	14958	0.20711325043455	0.20711325043455	0.105783	0.000321156	5516.J.hifi_reads_s1068.ctg001072l||full	Megaviricetes
5068_G_run562_hifi_trimmed_deduplicated	10_2016_F4	5516.J.hifi_reads_s1157.ctg001161l||full	21774	0.3909249563699825	0.3909249563699825	0.199664	0.000606179	5516.J.hifi_reads_s1157.ctg001161l||full	Megaviricetes
5068_G_run562_hifi_trimmed_deduplicated	10_2016_F4	5516.J.hifi_reads_s1319.ctg001323l||full	48218	0.0648513003442697	0.0648513003442697	0.0331227	0.00010056	5516.J.hifi_reads_s1319.ctg001323l||full	Megaviricetes
5068_G_run562_hifi_trimmed_deduplicated	10_2016_F4	5516.J.hifi_reads_s1606.ctg001613l||full	26581	0.3066476054324517	0.4339189646740152	0.221623	0.000672847	5516.J.hifi_reads_s1606.ctg001613l||full	Megaviricetes
5068_G_run562_hifi_trimmed_deduplicated	10_2016_F4	5516.S.hifi_reads_s1.ctg000002l||full	41765	0.0436489883874057	0.0436489883874057	0.0222936	6.76833e-05	5516.S.hifi_reads_s1.ctg000002l||full	Megaviricetes
5068_G_run562_hifi_trimmed_deduplicated	10_2016_F4	5516.S.hifi_reads_s169.ctg000173l||full	26528	0.1250753920386007	0.1250753920386007	0.063882	0.000193945	5516.S.hifi_reads_s169.ctg000173l||full	Megaviricetes
5068_G_run562_hifi_trimmed_deduplicated	10_2016_F4	5516.S.hifi_reads_s24.ctg000025l||full	27110	0.3311324234599778	0.6184802655846551	0.315888	0.000959033	5516.S.hifi_reads_s24.ctg000025l||full	Megaviricetes
5068_G_run562_hifi_trimmed_deduplicated	10_2016_F4	5516.S.hifi_reads_s392.ctg000408l||full	14921	0.1509952416057905	0.1509952416057905	0.0771206	0.000234137	5516.S.hifi_reads_s392.ctg000408l||full	Megaviricetes
5068_G_run562_hifi_trimmed_deduplicated	10_2016_F4	5516.S.hifi_reads_s441.ctg000460l||full	24898	0.0187966904972286	0.0187966904972286	0.00960038	2.91467e-05	5516.S.hifi_reads_s441.ctg000460l||full	Megaviricetes
5068_G_run562_hifi_trimmed_deduplicated	10_2016_F4	5516.S.hifi_reads_s458.ctg000478l||full	19860	0.6799597180261833	0.8013595166163142	0.409293	0.00124261	5516.S.hifi_reads_s458.ctg000478l||full	Megaviricetes
5068_H_run562_hifi_trimmed_deduplicated	11_2016_F4	5068_N_run562_hifi_trimmed_deduplicated_s2831.ctg002928l||full	20798	0.0621694393691701	0.0621694393691701	0.0576724	0.000205383	5068_N_run562_hifi_trimmed_deduplicated_s2831.ctg002928l||full	Megaviricetes
5068_H_run562_hifi_trimmed_deduplicated	11_2016_F4	5516.G.hifi_reads_s745.ctg000756l||full_1	34066	0.02380672811601	0.02380672811601	0.0220847	7.86479e-05	5516.G.hifi_reads_s745.ctg000756l||full_1	Megaviricetes
5068_H_run562_hifi_trimmed_deduplicated	11_2016_F4	5516.J.hifi_reads_s1203.ctg001207l||full	33814	0.1269296740994854	0.1269296740994854	0.117748	0.000419325	5516.J.hifi_reads_s1203.ctg001207l||full	Megaviricetes
5068_H_run562_hifi_trimmed_deduplicated	11_2016_F4	5516.J.hifi_reads_s1606.ctg001613l||full	26581	0.303675557729205	0.303675557729205	0.281709	0.00100322	5516.J.hifi_reads_s1606.ctg001613l||full	Megaviricetes
5068_H_run562_hifi_trimmed_deduplicated	11_2016_F4	5516.K.hifi_reads_s559.ctg000568l||full	16736	0.0270076481835564	0.0270076481835564	0.0250541	8.92225e-05	5516.K.hifi_reads_s559.ctg000568l||full	Megaviricetes
5068_H_run562_hifi_trimmed_deduplicated	11_2016_F4	5516.S.hifi_reads_s1.ctg000002l||full	41765	0.1044894050041901	0.1044894050041901	0.0969312	0.000345191	5516.S.hifi_reads_s1.ctg000002l||full	Megaviricetes
5068_H_run562_hifi_trimmed_deduplicated	11_2016_F4	5516.S.hifi_reads_s169.ctg000173l||full	26528	0.1824864294330518	0.1824864294330518	0.169286	0.000602862	5516.S.hifi_reads_s169.ctg000173l||full	Megaviricetes
5068_J_run562_hifi_trimmed_deduplicated	5_2017_F4_1	5516.S.hifi_reads_s1.ctg000002l||full	41765	0.0697473961450975	0.0697473961450975	0.0443531	0.000143484	5516.S.hifi_reads_s1.ctg000002l||full	Megaviricetes
5068_K_run562_hifi_trimmed_deduplicated	6_2017_F4_1	5068_M_run562_hifi_trimmed_deduplicated_s2872.ctg002873l||full	17001	0.091524027998353	0.091524027998353	0.0617413	0.000187896	5068_M_run562_hifi_trimmed_deduplicated_s2872.ctg002873l||full	Megaviricetes
5068_K_run562_hifi_trimmed_deduplicated	6_2017_F4_1	5068_N_run562_hifi_trimmed_deduplicated_s1960.ctg002023l||full	28482	0.3222737167333754	0.3222737167333754	0.217403	0.000661617	5068_N_run562_hifi_trimmed_deduplicated_s1960.ctg002023l||full	Megaviricetes
5068_K_run562_hifi_trimmed_deduplicated	6_2017_F4_1	5068_N_run562_hifi_trimmed_deduplicated_s2646.ctg002734l||full	34651	0.1249603186055236	0.1249603186055236	0.0842972	0.000256539	5068_N_run562_hifi_trimmed_deduplicated_s2646.ctg002734l||full	Megaviricetes
5068_K_run562_hifi_trimmed_deduplicated	6_2017_F4_1	5068_N_run562_hifi_trimmed_deduplicated_s3354.ctg003466l||full	27405	0.0113118044152526	0.0113118044152526	0.00763085	2.32228e-05	5068_N_run562_hifi_trimmed_deduplicated_s3354.ctg003466l||full	Megaviricetes
5068_K_run562_hifi_trimmed_deduplicated	6_2017_F4_1	5068_N_run562_hifi_trimmed_deduplicated_s4481.ctg004642l||full	19699	0.0667038935986598	0.0864003248895883	0.0582849	0.000177377	5068_N_run562_hifi_trimmed_deduplicated_s4481.ctg004642l||full	Megaviricetes
5068_K_run562_hifi_trimmed_deduplicated	6_2017_F4_1	5068_N_run562_hifi_trimmed_deduplicated_s5662.ctg005890l||full	24930	0.0586843160850381	0.0586843160850381	0.039588	0.000120477	5068_N_run562_hifi_trimmed_deduplicated_s5662.ctg005890l||full	Megaviricetes
5068_K_run562_hifi_trimmed_deduplicated	6_2017_F4_1	5516.S.hifi_reads_s24.ctg000025l||full	27110	0.1572113611213574	0.1572113611213574	0.106053	0.00032275	5516.S.hifi_reads_s24.ctg000025l||full	Megaviricetes
5068_K_run562_hifi_trimmed_deduplicated	6_2017_F4_1	5516.S.hifi_reads_s441.ctg000460l||full	24898	0.1038236002891798	0.1038236002891798	0.0700385	0.000213146	5516.S.hifi_reads_s441.ctg000460l||full	Megaviricetes
5068_K_run562_hifi_trimmed_deduplicated	6_2017_F4_1	5516_AB_hifi_reads_s553.ctg000554l||full	17057	0.0337691270446151	0.0337691270446151	0.0227804	6.93269e-05	5516_AB_hifi_reads_s553.ctg000554l||full	Megaviricetes
5068_K_run562_hifi_trimmed_deduplicated	6_2017_F4_1	5516_AB_hifi_reads_s578.ctg000579l||full	33280	0.2231069711538461	0.3524038461538462	0.237729	0.000723473	5516_AB_hifi_reads_s578.ctg000579l||full	Megaviricetes
5068_K_run562_hifi_trimmed_deduplicated	6_2017_F4_1	5516_AB_hifi_reads_s69.ctg000070l||full	13400	0.1588805970149253	0.1588805970149253	0.10718	0.000326177	5516_AB_hifi_reads_s69.ctg000070l||full	Megaviricetes
5068_K_run562_hifi_trimmed_deduplicated	6_2017_F4_1	5516_AB_hifi_reads_s751.ctg000752l||full	18975	0.4422134387351779	0.4873781291172595	0.328781	0.00100057	5516_AB_hifi_reads_s751.ctg000752l||full	Megaviricetes
5068_L_run562_hifi_trimmed_deduplicated	7_2017_F4_1	5068_A_run562_hifi_trimmed_deduplicated_s274.ctg000312l||full	44582	0.016464043784487	0.016464043784487	0.00957146	3.04664e-05	5068_A_run562_hifi_trimmed_deduplicated_s274.ctg000312l||full	Megaviricetes
5068_L_run562_hifi_trimmed_deduplicated	7_2017_F4_1	5068_L_run562_hifi_trimmed_deduplicated_s2720.ctg002816l||full	29107	1.0	1.5350259387776135	0.892396	0.00284054	5068_L_run562_hifi_trimmed_deduplicated_s2720.ctg002816l||full	Megaviricetes
5068_L_run562_hifi_trimmed_deduplicated	7_2017_F4_1	5068_N_run562_hifi_trimmed_deduplicated_s1960.ctg002023l||full	28482	0.4700512604451934	0.5858436907520539	0.340583	0.00108409	5068_N_run562_hifi_trimmed_deduplicated_s1960.ctg002023l||full	Megaviricetes
5068_L_run562_hifi_trimmed_deduplicated	7_2017_F4_1	5068_N_run562_hifi_trimmed_deduplicated_s2646.ctg002734l||full	34651	0.3804219214452685	0.3804219214452685	0.22116	0.000703964	5068_N_run562_hifi_trimmed_deduplicated_s2646.ctg002734l||full	Megaviricetes
5068_L_run562_hifi_trimmed_deduplicated	7_2017_F4_1	5068_N_run562_hifi_trimmed_deduplicated_s2831.ctg002928l||full	20798	0.0903452255024521	0.0903452255024521	0.0525227	0.000167182	5068_N_run562_hifi_trimmed_deduplicated_s2831.ctg002928l||full	Megaviricetes
5068_L_run562_hifi_trimmed_deduplicated	7_2017_F4_1	5068_N_run562_hifi_trimmed_deduplicated_s3686.ctg003811l||full	27572	0.2120992311040185	0.2120992311040185	0.123305	0.000392486	5068_N_run562_hifi_trimmed_deduplicated_s3686.ctg003811l||full	Megaviricetes
5068_L_run562_hifi_trimmed_deduplicated	7_2017_F4_1	5068_N_run562_hifi_trimmed_deduplicated_s3952.ctg004086l||full	17211	0.3350183022485619	0.3350183022485619	0.194765	0.000619945	5068_N_run562_hifi_trimmed_deduplicated_s3952.ctg004086l||full	Megaviricetes
5068_L_run562_hifi_trimmed_deduplicated	7_2017_F4_1	5068_N_run562_hifi_trimmed_deduplicated_s4323.ctg004477l||full	24242	0.0732612820724362	0.0732612820724362	0.0425909	0.000135569	5068_N_run562_hifi_trimmed_deduplicated_s4323.ctg004477l||full	Megaviricetes
5068_L_run562_hifi_trimmed_deduplicated	7_2017_F4_1	5068_N_run562_hifi_trimmed_deduplicated_s5662.ctg005890l||full	24930	0.5682711592458884	0.5682711592458884	0.330368	0.00105158	5068_N_run562_hifi_trimmed_deduplicated_s5662.ctg005890l||full	Megaviricetes
5068_L_run562_hifi_trimmed_deduplicated	7_2017_F4_1	5068_N_run562_hifi_trimmed_deduplicated_s911.ctg000943l||full	49062	0.1524601524601524	0.1524601524601524	0.0886336	0.000282125	5068_N_run562_hifi_trimmed_deduplicated_s911.ctg000943l||full	Megaviricetes
5068_L_run562_hifi_trimmed_deduplicated	7_2017_F4_1	5516.AE.hifi_reads_s2440.ctg002481l||full	29943	0.1443743111912634	0.1443743111912634	0.0839328	0.000267162	5516.AE.hifi_reads_s2440.ctg002481l||full	Megaviricetes
5068_L_run562_hifi_trimmed_deduplicated	7_2017_F4_1	5516.AH.hifi_reads_s2073.ctg002076l||full_1	13069	0.8207207896549086	0.8207207896549086	0.477131	0.00151873	5516.AH.hifi_reads_s2073.ctg002076l||full_1	Megaviricetes
5068_L_run562_hifi_trimmed_deduplicated	7_2017_F4_1	5516.I.hifi_reads_s121.ctg000122l||full	108794	0.3145761714800448	0.5550857584057944	0.322702	0.00102718	5516.I.hifi_reads_s121.ctg000122l||full	Megaviricetes
5068_L_run562_hifi_trimmed_deduplicated	7_2017_F4_1	5516.I.hifi_reads_s204.ctg000206l||full	26872	0.5878237570705567	0.5878237570705567	0.341735	0.00108776	5516.I.hifi_reads_s204.ctg000206l||full	Megaviricetes
5068_L_run562_hifi_trimmed_deduplicated	7_2017_F4_1	5516.I.hifi_reads_s427.ctg000435l||full	29808	0.0213030059044551	0.0213030059044551	0.0123846	3.94208e-05	5516.I.hifi_reads_s427.ctg000435l||full	Megaviricetes
5068_L_run562_hifi_trimmed_deduplicated	7_2017_F4_1	5516.I.hifi_reads_s499.ctg000511l||full_1	125104	0.5025338918020207	0.7229505051796905	0.420291	0.00133781	5516.I.hifi_reads_s499.ctg000511l||full_1	Megaviricetes
5068_L_run562_hifi_trimmed_deduplicated	7_2017_F4_1	5516.I.hifi_reads_s521.ctg000536l||full_1	53345	0.4395538475958384	0.4946105539413253	0.287545	0.000915267	5516.I.hifi_reads_s521.ctg000536l||full_1	Megaviricetes
5068_L_run562_hifi_trimmed_deduplicated	7_2017_F4_1	5516.I.hifi_reads_s532.ctg000548l||full	72062	0.2602342427354223	0.3228192389886486	0.187673	0.000597371	5516.I.hifi_reads_s532.ctg000548l||full	Megaviricetes
5068_L_run562_hifi_trimmed_deduplicated	7_2017_F4_1	5516.J.hifi_reads_s1157.ctg001161l||full	21774	0.2526407642142004	0.2526407642142004	0.146874	0.000467507	5516.J.hifi_reads_s1157.ctg001161l||full	Megaviricetes
5068_L_run562_hifi_trimmed_deduplicated	7_2017_F4_1	5516.J.hifi_reads_s1203.ctg001207l||full	33814	0.2582066599633288	0.3833914946471876	0.222887	0.000709459	5516.J.hifi_reads_s1203.ctg001207l||full	Megaviricetes
5068_L_run562_hifi_trimmed_deduplicated	7_2017_F4_1	5516.J.hifi_reads_s1319.ctg001323l||full	48218	0.1429756522460492	0.1746028454104276	0.101506	0.000323099	5516.J.hifi_reads_s1319.ctg001323l||full	Megaviricetes
5068_L_run562_hifi_trimmed_deduplicated	7_2017_F4_1	5516.J.hifi_reads_s1458.ctg001463l||full	35889	0.0881885814595001	0.0881885814595001	0.0512689	0.000163191	5516.J.hifi_reads_s1458.ctg001463l||full	Megaviricetes
5068_L_run562_hifi_trimmed_deduplicated	7_2017_F4_1	5516.J.hifi_reads_s1496.ctg001501l||full	31019	0.0168606338050872	0.0168606338050872	0.00980202	3.12003e-05	5516.J.hifi_reads_s1496.ctg001501l||full	Megaviricetes
5068_L_run562_hifi_trimmed_deduplicated	7_2017_F4_1	5516.J.hifi_reads_s1606.ctg001613l||full	26581	0.3326436176216094	0.3326436176216094	0.193384	0.000615551	5516.J.hifi_reads_s1606.ctg001613l||full	Megaviricetes
5068_L_run562_hifi_trimmed_deduplicated	7_2017_F4_1	5516.J.hifi_reads_s236.ctg000239l||full	41038	0.0494419806033432	0.0494419806033432	0.0287434	9.14915e-05	5516.J.hifi_reads_s236.ctg000239l||full	Megaviricetes
5068_L_run562_hifi_trimmed_deduplicated	7_2017_F4_1	5516.J.hifi_reads_s293.ctg000296l||full	44247	0.4849820326801817	0.6692205121251158	0.389055	0.00123838	5516.J.hifi_reads_s293.ctg000296l||full	Megaviricetes
5068_L_run562_hifi_trimmed_deduplicated	7_2017_F4_1	5516.J.hifi_reads_s327.ctg000330l||full	17538	0.3608165127152469	0.3608165127152469	0.209763	0.000667684	5516.J.hifi_reads_s327.ctg000330l||full	Megaviricetes
5068_L_run562_hifi_trimmed_deduplicated	7_2017_F4_1	5516.J.hifi_reads_s336.ctg000339l||full	31858	0.2618808462552577	0.2618808462552577	0.152246	0.000484606	5516.J.hifi_reads_s336.ctg000339l||full	Megaviricetes
5068_L_run562_hifi_trimmed_deduplicated	7_2017_F4_1	5516.J.hifi_reads_s682.ctg000685l||full	63094	0.4359685548546613	0.5250420008241671	0.305236	0.00097158	5516.J.hifi_reads_s682.ctg000685l||full	Megaviricetes
5068_L_run562_hifi_trimmed_deduplicated	7_2017_F4_1	5516.J.hifi_reads_s914.ctg000917l||full	17680	0.2384615384615384	0.34960407239819	0.203244	0.000646936	5516.J.hifi_reads_s914.ctg000917l||full	Megaviricetes
5068_L_run562_hifi_trimmed_deduplicated	7_2017_F4_1	5516.K.hifi_reads_s128.ctg000132l||full	16992	0.3089100753295669	0.3089100753295669	0.179587	0.000571632	5516.K.hifi_reads_s128.ctg000132l||full	Megaviricetes
5068_L_run562_hifi_trimmed_deduplicated	7_2017_F4_1	5516.K.hifi_reads_s168.ctg000174l||full	26529	0.0918617362132006	0.0918617362132006	0.0534043	0.000169988	5516.K.hifi_reads_s168.ctg000174l||full	Megaviricetes
5068_L_run562_hifi_trimmed_deduplicated	7_2017_F4_1	5516.S.hifi_reads_s1.ctg000002l||full	41765	0.18980007183048	0.18980007183048	0.110341	0.000351221	5516.S.hifi_reads_s1.ctg000002l||full	Megaviricetes
5068_L_run562_hifi_trimmed_deduplicated	7_2017_F4_1	5516.S.hifi_reads_s148.ctg000151l||full	19685	0.0724917449834899	0.0724917449834899	0.0421435	0.000134145	5516.S.hifi_reads_s148.ctg000151l||full	Megaviricetes
5068_L_run562_hifi_trimmed_deduplicated	7_2017_F4_1	5516.S.hifi_reads_s169.ctg000173l||full	26528	0.1201372135102533	0.1201372135102533	0.0698424	0.000222312	5516.S.hifi_reads_s169.ctg000173l||full	Megaviricetes
5068_L_run562_hifi_trimmed_deduplicated	7_2017_F4_1	5516.S.hifi_reads_s24.ctg000025l||full	27110	0.0481003319808188	0.0481003319808188	0.0279634	8.90088e-05	5516.S.hifi_reads_s24.ctg000025l||full	Megaviricetes
5068_L_run562_hifi_trimmed_deduplicated	7_2017_F4_1	5516.S.hifi_reads_s339.ctg000349l||full	16084	0.5170355632927133	0.5170355632927133	0.300581	0.000956765	5516.S.hifi_reads_s339.ctg000349l||full	Megaviricetes
5068_L_run562_hifi_trimmed_deduplicated	7_2017_F4_1	5516.S.hifi_reads_s421.ctg000440l||full	12909	0.2368115268417383	0.2368115268417383	0.137672	0.000438215	5516.S.hifi_reads_s421.ctg000440l||full	Megaviricetes
5068_L_run562_hifi_trimmed_deduplicated	7_2017_F4_1	5516.S.hifi_reads_s458.ctg000478l||full	19860	0.0967270896273917	0.0967270896273917	0.0562328	0.000178992	5516.S.hifi_reads_s458.ctg000478l||full	Megaviricetes
5068_L_run562_hifi_trimmed_deduplicated	7_2017_F4_1	5516_AB_hifi_reads_s194.ctg000195l||full	29105	0.0877512454904655	0.0877512454904655	0.0510147	0.000162382	5516_AB_hifi_reads_s194.ctg000195l||full	Megaviricetes
5068_L_run562_hifi_trimmed_deduplicated	7_2017_F4_1	5516_AB_hifi_reads_s207.ctg000208l||full	26340	0.4400151860288535	0.8747152619589977	0.508521	0.00161864	5516_AB_hifi_reads_s207.ctg000208l||full	Megaviricetes
5068_L_run562_hifi_trimmed_deduplicated	7_2017_F4_1	5516_AB_hifi_reads_s312.ctg000313l||full	34290	0.289472149314669	0.4298337707786526	0.249886	0.000795399	5516_AB_hifi_reads_s312.ctg000313l||full	Megaviricetes
5068_L_run562_hifi_trimmed_deduplicated	7_2017_F4_1	5516_AB_hifi_reads_s553.ctg000554l||full	17057	0.2947177112036114	0.2947177112036114	0.171336	0.00054537	5516_AB_hifi_reads_s553.ctg000554l||full	Megaviricetes
5068_L_run562_hifi_trimmed_deduplicated	7_2017_F4_1	5516_AB_hifi_reads_s578.ctg000579l||full	33280	0.0903846153846153	0.0903846153846153	0.0525456	0.000167255	5516_AB_hifi_reads_s578.ctg000579l||full	Megaviricetes
5068_L_run562_hifi_trimmed_deduplicated	7_2017_F4_1	5516_AB_hifi_reads_s751.ctg000752l||full	18975	0.1792885375494071	0.2945454545454545	0.171236	0.000545051	5516_AB_hifi_reads_s751.ctg000752l||full	Megaviricetes
5068_M_run562_hifi_trimmed_deduplicated	7_2017_F4_3	5068_L_run562_hifi_trimmed_deduplicated_s2720.ctg002816l||full	29107	0.0932078194248806	0.0932078194248806	0.0655924	0.000250491	5068_L_run562_hifi_trimmed_deduplicated_s2720.ctg002816l||full	Megaviricetes
5068_M_run562_hifi_trimmed_deduplicated	7_2017_F4_3	5068_M_run562_hifi_trimmed_deduplicated_s2872.ctg002873l||full	17001	1.0	1.3735074407387802	0.966568	0.00369123	5068_M_run562_hifi_trimmed_deduplicated_s2872.ctg002873l||full	Megaviricetes
5068_M_run562_hifi_trimmed_deduplicated	7_2017_F4_3	5068_N_run562_hifi_trimmed_deduplicated_s1960.ctg002023l||full	28482	0.402745593708307	0.4460009830770311	0.313861	0.00119861	5068_N_run562_hifi_trimmed_deduplicated_s1960.ctg002023l||full	Megaviricetes
5068_M_run562_hifi_trimmed_deduplicated	7_2017_F4_3	5068_N_run562_hifi_trimmed_deduplicated_s2239.ctg002313l||full	31632	0.0718892261001517	0.0718892261001517	0.0505901	0.000193199	5068_N_run562_hifi_trimmed_deduplicated_s2239.ctg002313l||full	Megaviricetes
5068_M_run562_hifi_trimmed_deduplicated	7_2017_F4_3	5068_N_run562_hifi_trimmed_deduplicated_s2646.ctg002734l||full	34651	0.5168682000519466	0.6089290352370783	0.428517	0.00163647	5068_N_run562_hifi_trimmed_deduplicated_s2646.ctg002734l||full	Megaviricetes
5068_M_run562_hifi_trimmed_deduplicated	7_2017_F4_3	5068_N_run562_hifi_trimmed_deduplicated_s2831.ctg002928l||full	20798	0.1227041061640542	0.1227041061640542	0.0863496	0.000329761	5068_N_run562_hifi_trimmed_deduplicated_s2831.ctg002928l||full	Megaviricetes
5068_M_run562_hifi_trimmed_deduplicated	7_2017_F4_3	5068_N_run562_hifi_trimmed_deduplicated_s3686.ctg003811l||full	27572	0.6550848687073842	0.6550848687073842	0.460998	0.00176051	5068_N_run562_hifi_trimmed_deduplicated_s3686.ctg003811l||full	Megaviricetes
5068_M_run562_hifi_trimmed_deduplicated	7_2017_F4_3	5068_N_run562_hifi_trimmed_deduplicated_s72.ctg000078l||full	34379	0.2912242939003461	0.2912242939003461	0.204941	0.000782651	5068_N_run562_hifi_trimmed_deduplicated_s72.ctg000078l||full	Megaviricetes
5068_M_run562_hifi_trimmed_deduplicated	7_2017_F4_3	5068_N_run562_hifi_trimmed_deduplicated_s911.ctg000943l||full	49062	0.1730259671436142	0.1730259671436142	0.121762	0.000464999	5068_N_run562_hifi_trimmed_deduplicated_s911.ctg000943l||full	Megaviricetes
5068_M_run562_hifi_trimmed_deduplicated	7_2017_F4_3	5516.AE.hifi_reads_s2440.ctg002481l||full	29943	0.2850749757873292	0.319540460207728	0.224868	0.000858749	5516.AE.hifi_reads_s2440.ctg002481l||full	Megaviricetes
5068_M_run562_hifi_trimmed_deduplicated	7_2017_F4_3	5516.AE.hifi_reads_s2935.ctg002980l||full	21281	0.1285653869648982	0.1285653869648982	0.0904743	0.000345513	5516.AE.hifi_reads_s2935.ctg002980l||full	Megaviricetes
5068_M_run562_hifi_trimmed_deduplicated	7_2017_F4_3	5516.AH.hifi_reads_s2869.ctg002872l||full	14752	0.4046231019522776	0.4046231019522776	0.284742	0.0010874	5516.AH.hifi_reads_s2869.ctg002872l||full	Megaviricetes
5068_M_run562_hifi_trimmed_deduplicated	7_2017_F4_3	5516.AH.hifi_reads_s6697.ctg006711l||full	16534	0.1515664690939881	0.1951131002782146	0.137305	0.000524357	5516.AH.hifi_reads_s6697.ctg006711l||full	Megaviricetes
5068_M_run562_hifi_trimmed_deduplicated	7_2017_F4_3	5516.I.hifi_reads_s121.ctg000122l||full	108794	0.0105060940860709	0.0105060940860709	0.00739337	2.82346e-05	5516.I.hifi_reads_s121.ctg000122l||full	Megaviricetes
5068_M_run562_hifi_trimmed_deduplicated	7_2017_F4_3	5516.I.hifi_reads_s143.ctg000145l||full	23469	0.3012058460096297	0.3012058460096297	0.211965	0.000809476	5516.I.hifi_reads_s143.ctg000145l||full	Megaviricetes
5068_M_run562_hifi_trimmed_deduplicated	7_2017_F4_3	5516.I.hifi_reads_s372.ctg000376l||full	21102	0.4489621836792721	0.4489621836792721	0.315945	0.00120656	5516.I.hifi_reads_s372.ctg000376l||full	Megaviricetes
5068_M_run562_hifi_trimmed_deduplicated	7_2017_F4_3	5516.I.hifi_reads_s499.ctg000511l||full_1	125104	0.1521853817623737	0.1521853817623737	0.107096	0.000408991	5516.I.hifi_reads_s499.ctg000511l||full_1	Megaviricetes
5068_M_run562_hifi_trimmed_deduplicated	7_2017_F4_3	5516.I.hifi_reads_s521.ctg000536l||full_1	53345	0.2253819476989408	0.2253819476989408	0.158606	0.000605703	5516.I.hifi_reads_s521.ctg000536l||full_1	Megaviricetes
5068_M_run562_hifi_trimmed_deduplicated	7_2017_F4_3	5516.I.hifi_reads_s532.ctg000548l||full	72062	0.0843856678970886	0.0843856678970886	0.0593841	0.000226782	5516.I.hifi_reads_s532.ctg000548l||full	Megaviricetes
5068_M_run562_hifi_trimmed_deduplicated	7_2017_F4_3	5516.J.hifi_reads_s1068.ctg001072l||full	14958	0.2050407808530552	0.2050407808530552	0.144292	0.000551037	5516.J.hifi_reads_s1068.ctg001072l||full	Megaviricetes
5068_M_run562_hifi_trimmed_deduplicated	7_2017_F4_3	5516.J.hifi_reads_s1203.ctg001207l||full	33814	0.3367244336665286	0.444253859348199	0.312631	0.00119391	5516.J.hifi_reads_s1203.ctg001207l||full	Megaviricetes
5068_M_run562_hifi_trimmed_deduplicated	7_2017_F4_3	5516.J.hifi_reads_s1319.ctg001323l||full	48218	0.1816126757642374	0.2086979965987805	0.146865	0.000560865	5516.J.hifi_reads_s1319.ctg001323l||full	Megaviricetes
5068_M_run562_hifi_trimmed_deduplicated	7_2017_F4_3	5516.J.hifi_reads_s1496.ctg001501l||full	31019	0.2575195847706245	0.2575195847706245	0.181222	0.000692071	5516.J.hifi_reads_s1496.ctg001501l||full	Megaviricetes
5068_M_run562_hifi_trimmed_deduplicated	7_2017_F4_3	5516.J.hifi_reads_s1606.ctg001613l||full	26581	0.2368985365486625	0.2790338963921598	0.196362	0.00074989	5516.J.hifi_reads_s1606.ctg001613l||full	Megaviricetes
5068_M_run562_hifi_trimmed_deduplicated	7_2017_F4_3	5516.J.hifi_reads_s1797.ctg001805l||full	24644	0.2281691283882486	0.2281691283882486	0.160568	0.000613193	5516.J.hifi_reads_s1797.ctg001805l||full	Megaviricetes
5068_M_run562_hifi_trimmed_deduplicated	7_2017_F4_3	5516.J.hifi_reads_s228.ctg000231l||full	17113	0.1759481096242622	0.1759481096242622	0.123819	0.000472852	5516.J.hifi_reads_s228.ctg000231l||full	Megaviricetes
5068_M_run562_hifi_trimmed_deduplicated	7_2017_F4_3	5516.J.hifi_reads_s236.ctg000239l||full	41038	0.142404600614065	0.2023246746917491	0.14238	0.000543737	5516.J.hifi_reads_s236.ctg000239l||full	Megaviricetes
5068_M_run562_hifi_trimmed_deduplicated	7_2017_F4_3	5516.J.hifi_reads_s327.ctg000330l||full	17538	0.066484205724712	0.066484205724712	0.0467864	0.000178673	5516.J.hifi_reads_s327.ctg000330l||full	Megaviricetes
5068_M_run562_hifi_trimmed_deduplicated	7_2017_F4_3	5516.J.hifi_reads_s336.ctg000339l||full	31858	0.2064159708707389	0.2064159708707389	0.14526	0.000554733	5516.J.hifi_reads_s336.ctg000339l||full	Megaviricetes
5068_M_run562_hifi_trimmed_deduplicated	7_2017_F4_3	5516.J.hifi_reads_s682.ctg000685l||full	63094	0.073398421402986	0.073398421402986	0.0516521	0.000197255	5516.J.hifi_reads_s682.ctg000685l||full	Megaviricetes
5068_M_run562_hifi_trimmed_deduplicated	7_2017_F4_3	5516.J.hifi_reads_s914.ctg000917l||full	17680	0.3774886877828054	0.3774886877828054	0.265647	0.00101448	5516.J.hifi_reads_s914.ctg000917l||full	Megaviricetes
5068_M_run562_hifi_trimmed_deduplicated	7_2017_F4_3	5516.K.hifi_reads_s168.ctg000174l||full	26529	0.0954427230577858	0.0954427230577858	0.0671652	0.000256498	5516.K.hifi_reads_s168.ctg000174l||full	Megaviricetes
5068_M_run562_hifi_trimmed_deduplicated	7_2017_F4_3	5516.K.hifi_reads_s275.ctg000282l||full	11450	0.634235807860262	0.634235807860262	0.446326	0.00170448	5516.K.hifi_reads_s275.ctg000282l||full	Megaviricetes
5068_M_run562_hifi_trimmed_deduplicated	7_2017_F4_3	5516.K.hifi_reads_s559.ctg000568l||full	16736	0.5500119502868069	0.5500119502868069	0.387056	0.00147813	5516.K.hifi_reads_s559.ctg000568l||full	Megaviricetes
5068_M_run562_hifi_trimmed_deduplicated	7_2017_F4_3	5516.S.hifi_reads_s169.ctg000173l||full	26528	0.2788751507840772	0.2788751507840772	0.196251	0.000749463	5516.S.hifi_reads_s169.ctg000173l||full	Megaviricetes
5068_M_run562_hifi_trimmed_deduplicated	7_2017_F4_3	5516.S.hifi_reads_s421.ctg000440l||full	12909	0.5942365791308389	0.8207452165156093	0.577577	0.00220571	5516.S.hifi_reads_s421.ctg000440l||full	Megaviricetes
5068_M_run562_hifi_trimmed_deduplicated	7_2017_F4_3	5516.S.hifi_reads_s441.ctg000460l||full	24898	0.2172062013013093	0.266246284842156	0.187363	0.000715523	5516.S.hifi_reads_s441.ctg000460l||full	Megaviricetes
5068_M_run562_hifi_trimmed_deduplicated	7_2017_F4_3	5516_AB_hifi_reads_s155.ctg000156l||full	28602	0.1532759946856863	0.1532759946856863	0.107864	0.000411922	5516_AB_hifi_reads_s155.ctg000156l||full	Megaviricetes
5068_M_run562_hifi_trimmed_deduplicated	7_2017_F4_3	5516_AB_hifi_reads_s156.ctg000157l||full	31855	0.0875529744153194	0.0875529744153194	0.061613	0.000235294	5516_AB_hifi_reads_s156.ctg000157l||full	Megaviricetes
5068_M_run562_hifi_trimmed_deduplicated	7_2017_F4_3	5516_AB_hifi_reads_s181.ctg000182l||full	11270	0.0834072759538598	0.0834072759538598	0.0586956	0.000224153	5516_AB_hifi_reads_s181.ctg000182l||full	Megaviricetes
5068_M_run562_hifi_trimmed_deduplicated	7_2017_F4_3	5516_AB_hifi_reads_s312.ctg000313l||full	34290	0.1413531641878098	0.2355205599300087	0.165741	0.00063295	5516_AB_hifi_reads_s312.ctg000313l||full	Megaviricetes
5068_M_run562_hifi_trimmed_deduplicated	7_2017_F4_3	5516_AB_hifi_reads_s471.ctg000472l||full	14323	0.2341688193814145	0.2341688193814145	0.16479	0.000629317	5516_AB_hifi_reads_s471.ctg000472l||full	Megaviricetes
5068_M_run562_hifi_trimmed_deduplicated	7_2017_F4_3	5516_AB_hifi_reads_s512.ctg000513l||full	19603	0.167117277967658	0.167117277967658	0.117604	0.000449119	5516_AB_hifi_reads_s512.ctg000513l||full	Megaviricetes
5068_M_run562_hifi_trimmed_deduplicated	7_2017_F4_3	5516_AB_hifi_reads_s61.ctg000062l||full	19927	0.6167511416670849	0.7571636473126914	0.532833	0.00203484	5516_AB_hifi_reads_s61.ctg000062l||full	Megaviricetes
5068_M_run562_hifi_trimmed_deduplicated	7_2017_F4_3	5516_AB_hifi_reads_s624.ctg000625l||full	13807	0.5066995002534946	0.5066995002534946	0.356576	0.00136173	5516_AB_hifi_reads_s624.ctg000625l||full	Megaviricetes
5068_M_run562_hifi_trimmed_deduplicated	7_2017_F4_3	5516_AB_hifi_reads_s667.ctg000668l||full	24396	0.4189211346122315	0.4189211346122315	0.294804	0.00112583	5516_AB_hifi_reads_s667.ctg000668l||full	Megaviricetes
5068_M_run562_hifi_trimmed_deduplicated	7_2017_F4_3	5516_AB_hifi_reads_s751.ctg000752l||full	18975	0.2942819499341238	0.2942819499341238	0.207093	0.000790868	5516_AB_hifi_reads_s751.ctg000752l||full	Megaviricetes
5068_N_run562_hifi_trimmed_deduplicated	7_2017_F4_4	5068_M_run562_hifi_trimmed_deduplicated_s2872.ctg002873l||full	17001	0.8127757190753485	1.1230515852008705	0.507976	0.00186275	5068_M_run562_hifi_trimmed_deduplicated_s2872.ctg002873l||full	Megaviricetes
5068_N_run562_hifi_trimmed_deduplicated	7_2017_F4_4	5068_N_run562_hifi_trimmed_deduplicated_s1960.ctg002023l||full	28482	1.0	3.3727617442595323	1.52556	0.00559423	5068_N_run562_hifi_trimmed_deduplicated_s1960.ctg002023l||full	Megaviricetes
5068_N_run562_hifi_trimmed_deduplicated	7_2017_F4_4	5068_N_run562_hifi_trimmed_deduplicated_s2239.ctg002313l||full	31632	0.9999367728882144	3.375	1.52657	0.00559794	5068_N_run562_hifi_trimmed_deduplicated_s2239.ctg002313l||full	Megaviricetes
5068_N_run562_hifi_trimmed_deduplicated	7_2017_F4_4	5068_N_run562_hifi_trimmed_deduplicated_s2646.ctg002734l||full	34651	1.0	3.9575481227093015	1.79007	0.00656419	5068_N_run562_hifi_trimmed_deduplicated_s2646.ctg002734l||full	Megaviricetes
5068_N_run562_hifi_trimmed_deduplicated	7_2017_F4_4	5068_N_run562_hifi_trimmed_deduplicated_s2831.ctg002928l||full	20798	0.9999519184536976	6.388546975670738	2.88965	0.0105964	5068_N_run562_hifi_trimmed_deduplicated_s2831.ctg002928l||full	Megaviricetes
5068_N_run562_hifi_trimmed_deduplicated	7_2017_F4_4	5068_N_run562_hifi_trimmed_deduplicated_s3354.ctg003466l||full	27405	1.0	3.765115854771027	1.70303	0.00624501	5068_N_run562_hifi_trimmed_deduplicated_s3354.ctg003466l||full	Megaviricetes
5068_N_run562_hifi_trimmed_deduplicated	7_2017_F4_4	5068_N_run562_hifi_trimmed_deduplicated_s3416.ctg003532l||full	22159	0.9999548716097296	4.981316846428088	2.25314	0.00826226	5068_N_run562_hifi_trimmed_deduplicated_s3416.ctg003532l||full	Megaviricetes
5068_N_run562_hifi_trimmed_deduplicated	7_2017_F4_4	5068_N_run562_hifi_trimmed_deduplicated_s3676.ctg003801l||full	26801	0.96865788589978	1.3862169322040223	0.62701	0.00229925	5068_N_run562_hifi_trimmed_deduplicated_s3676.ctg003801l||full	Megaviricetes
5068_N_run562_hifi_trimmed_deduplicated	7_2017_F4_4	5068_N_run562_hifi_trimmed_deduplicated_s3686.ctg003811l||full	27572	1.0	2.041672711446395	0.923484	0.00338642	5068_N_run562_hifi_trimmed_deduplicated_s3686.ctg003811l||full	Megaviricetes
5068_N_run562_hifi_trimmed_deduplicated	7_2017_F4_4	5068_N_run562_hifi_trimmed_deduplicated_s3952.ctg004086l||full	17211	0.999709488118064	4.204520364882924	1.90178	0.00697383	5068_N_run562_hifi_trimmed_deduplicated_s3952.ctg004086l||full	Megaviricetes
5068_N_run562_hifi_trimmed_deduplicated	7_2017_F4_4	5068_N_run562_hifi_trimmed_deduplicated_s4323.ctg004477l||full	24242	1.0	2.839122184638231	1.28418	0.00470911	5068_N_run562_hifi_trimmed_deduplicated_s4323.ctg004477l||full	Megaviricetes
5068_N_run562_hifi_trimmed_deduplicated	7_2017_F4_4	5068_N_run562_hifi_trimmed_deduplicated_s4481.ctg004642l||full	19699	1.0	2.276257678054724	1.02959	0.00377551	5068_N_run562_hifi_trimmed_deduplicated_s4481.ctg004642l||full	Megaviricetes
5068_N_run562_hifi_trimmed_deduplicated	7_2017_F4_4	5068_N_run562_hifi_trimmed_deduplicated_s4602.ctg004769l||full	25339	1.0	4.282805162003236	1.93719	0.00710367	5068_N_run562_hifi_trimmed_deduplicated_s4602.ctg004769l||full	Megaviricetes
5068_N_run562_hifi_trimmed_deduplicated	7_2017_F4_4	5068_N_run562_hifi_trimmed_deduplicated_s4603.ctg004770l||full	14809	1.0	2.6997096360321424	1.22113	0.00447787	5068_N_run562_hifi_trimmed_deduplicated_s4603.ctg004770l||full	Megaviricetes
5068_N_run562_hifi_trimmed_deduplicated	7_2017_F4_4	5068_N_run562_hifi_trimmed_deduplicated_s5662.ctg005890l||full	24930	1.0	2.124669073405536	0.961025	0.00352408	5068_N_run562_hifi_trimmed_deduplicated_s5662.ctg005890l||full	Megaviricetes
5068_N_run562_hifi_trimmed_deduplicated	7_2017_F4_4	5068_N_run562_hifi_trimmed_deduplicated_s72.ctg000078l||full	34379	1.0	3.2272026527822217	1.45972	0.0053528	5068_N_run562_hifi_trimmed_deduplicated_s72.ctg000078l||full	Megaviricetes
5068_N_run562_hifi_trimmed_deduplicated	7_2017_F4_4	5068_N_run562_hifi_trimmed_deduplicated_s911.ctg000943l||full	49062	0.9999388528800294	3.218376747788513	1.45573	0.00533816	5068_N_run562_hifi_trimmed_deduplicated_s911.ctg000943l||full	Megaviricetes
5068_N_run562_hifi_trimmed_deduplicated	7_2017_F4_4	5516.AE.hifi_reads_s2440.ctg002481l||full	29943	0.7888655111378285	2.024847209698427	0.915874	0.00335851	5516.AE.hifi_reads_s2440.ctg002481l||full	Megaviricetes
5068_N_run562_hifi_trimmed_deduplicated	7_2017_F4_4	5516.AE.hifi_reads_s2935.ctg002980l||full	21281	0.314881819463371	0.4084394530332221	0.184744	0.000677458	5516.AE.hifi_reads_s2935.ctg002980l||full	Megaviricetes
5068_N_run562_hifi_trimmed_deduplicated	7_2017_F4_4	5516.AE.hifi_reads_s993.ctg001017l||full	17436	0.5092337692131222	0.5092337692131222	0.230335	0.000844641	5516.AE.hifi_reads_s993.ctg001017l||full	Megaviricetes
5068_N_run562_hifi_trimmed_deduplicated	7_2017_F4_4	5516.AH.hifi_reads_s3350.ctg003354l||full_1	12839	0.2795389048991354	0.2795389048991354	0.12644	0.000463657	5516.AH.hifi_reads_s3350.ctg003354l||full_1	Megaviricetes
5068_N_run562_hifi_trimmed_deduplicated	7_2017_F4_4	5516.I.hifi_reads_s121.ctg000122l||full	108794	0.119216133242642	0.119216133242642	0.0539235	0.000197738	5516.I.hifi_reads_s121.ctg000122l||full	Megaviricetes
5068_N_run562_hifi_trimmed_deduplicated	7_2017_F4_4	5516.I.hifi_reads_s204.ctg000206l||full	26872	0.1821598690086335	0.1821598690086335	0.0823941	0.000302139	5516.I.hifi_reads_s204.ctg000206l||full	Megaviricetes
5068_N_run562_hifi_trimmed_deduplicated	7_2017_F4_4	5516.I.hifi_reads_s499.ctg000511l||full_1	125104	0.1789870827471543	0.1789870827471543	0.080959	0.000296877	5516.I.hifi_reads_s499.ctg000511l||full_1	Megaviricetes
5068_N_run562_hifi_trimmed_deduplicated	7_2017_F4_4	5516.I.hifi_reads_s521.ctg000536l||full_1	53345	0.1351766801012278	0.1351766801012278	0.0611428	0.000224211	5516.I.hifi_reads_s521.ctg000536l||full_1	Megaviricetes
5068_N_run562_hifi_trimmed_deduplicated	7_2017_F4_4	5516.I.hifi_reads_s532.ctg000548l||full	72062	0.0834420360245344	0.0834420360245344	0.0377423	0.000138401	5516.I.hifi_reads_s532.ctg000548l||full	Megaviricetes
5068_N_run562_hifi_trimmed_deduplicated	7_2017_F4_4	5516.J.hifi_reads_s1061.ctg001065l||full	19185	0.2204847537138389	0.584831899921814	0.26453	0.000970031	5516.J.hifi_reads_s1061.ctg001065l||full	Megaviricetes
5068_N_run562_hifi_trimmed_deduplicated	7_2017_F4_4	5516.J.hifi_reads_s1068.ctg001072l||full	14958	0.3243080625752106	0.4176360475999465	0.188904	0.000692712	5516.J.hifi_reads_s1068.ctg001072l||full	Megaviricetes
5068_N_run562_hifi_trimmed_deduplicated	7_2017_F4_4	5516.J.hifi_reads_s1203.ctg001207l||full	33814	0.5878630153190986	0.7666055479978707	0.346749	0.00127153	5516.J.hifi_reads_s1203.ctg001207l||full	Megaviricetes
5068_N_run562_hifi_trimmed_deduplicated	7_2017_F4_4	5516.J.hifi_reads_s1319.ctg001323l||full	48218	0.3031855323738023	1.475818159193662	0.667538	0.00244787	5516.J.hifi_reads_s1319.ctg001323l||full	Megaviricetes
5068_N_run562_hifi_trimmed_deduplicated	7_2017_F4_4	5516.J.hifi_reads_s1458.ctg001463l||full	35889	0.5119117278274681	0.5778929476998523	0.261391	0.000958522	5516.J.hifi_reads_s1458.ctg001463l||full	Megaviricetes
5068_N_run562_hifi_trimmed_deduplicated	7_2017_F4_4	5516.J.hifi_reads_s1496.ctg001501l||full	31019	0.1358199813017827	0.1358199813017827	0.0614338	0.000225278	5516.J.hifi_reads_s1496.ctg001501l||full	Megaviricetes
5068_N_run562_hifi_trimmed_deduplicated	7_2017_F4_4	5516.J.hifi_reads_s1606.ctg001613l||full	26581	0.4351980738121214	1.0916444076596066	0.49377	0.00181066	5516.J.hifi_reads_s1606.ctg001613l||full	Megaviricetes
5068_N_run562_hifi_trimmed_deduplicated	7_2017_F4_4	5516.J.hifi_reads_s1797.ctg001805l||full	24644	0.7041876318779419	1.3622382730076286	0.616164	0.00225948	5516.J.hifi_reads_s1797.ctg001805l||full	Megaviricetes
5068_N_run562_hifi_trimmed_deduplicated	7_2017_F4_4	5516.J.hifi_reads_s228.ctg000231l||full	17113	0.5750014608776953	3.1886285280196343	1.44227	0.00528882	5516.J.hifi_reads_s228.ctg000231l||full	Megaviricetes
5068_N_run562_hifi_trimmed_deduplicated	7_2017_F4_4	5516.J.hifi_reads_s236.ctg000239l||full	41038	0.7475023149276281	1.5065061650177884	0.681419	0.00249877	5516.J.hifi_reads_s236.ctg000239l||full	Megaviricetes
5068_N_run562_hifi_trimmed_deduplicated	7_2017_F4_4	5516.J.hifi_reads_s293.ctg000296l||full	44247	0.22430899270007	0.22430899270007	0.101459	0.00037205	5516.J.hifi_reads_s293.ctg000296l||full	Megaviricetes
5068_N_run562_hifi_trimmed_deduplicated	7_2017_F4_4	5516.J.hifi_reads_s327.ctg000330l||full	17538	0.3617858364693808	0.3617858364693808	0.163642	0.000600076	5516.J.hifi_reads_s327.ctg000330l||full	Megaviricetes
5068_N_run562_hifi_trimmed_deduplicated	7_2017_F4_4	5516.J.hifi_reads_s336.ctg000339l||full	31858	0.0263042249984305	0.0263042249984305	0.0118979	4.36295e-05	5516.J.hifi_reads_s336.ctg000339l||full	Megaviricetes
5068_N_run562_hifi_trimmed_deduplicated	7_2017_F4_4	5516.J.hifi_reads_s682.ctg000685l||full	63094	0.3361967857482486	0.3969632611658795	0.179553	0.000658423	5516.J.hifi_reads_s682.ctg000685l||full	Megaviricetes
5068_N_run562_hifi_trimmed_deduplicated	7_2017_F4_4	5516.J.hifi_reads_s761.ctg000764l||full	18412	0.221105800564849	0.221105800564849	0.10001	0.000366737	5516.J.hifi_reads_s761.ctg000764l||full	Megaviricetes
5068_N_run562_hifi_trimmed_deduplicated	7_2017_F4_4	5516.J.hifi_reads_s914.ctg000917l||full	17680	0.7891968325791855	5.115497737556561	2.31383	0.00848482	5516.J.hifi_reads_s914.ctg000917l||full	Megaviricetes
5068_N_run562_hifi_trimmed_deduplicated	7_2017_F4_4	5516.K.hifi_reads_s168.ctg000174l||full	26529	0.6015680952919447	1.0732029100229936	0.485428	0.00178007	5516.K.hifi_reads_s168.ctg000174l||full	Megaviricetes
5068_N_run562_hifi_trimmed_deduplicated	7_2017_F4_4	5516.K.hifi_reads_s275.ctg000282l||full	11450	0.1390393013100436	0.1390393013100436	0.0628899	0.000230618	5516.K.hifi_reads_s275.ctg000282l||full	Megaviricetes
5068_N_run562_hifi_trimmed_deduplicated	7_2017_F4_4	5516.K.hifi_reads_s559.ctg000568l||full	16736	0.3655592734225621	0.3655592734225621	0.165349	0.000606335	5516.K.hifi_reads_s559.ctg000568l||full	Megaviricetes
5068_N_run562_hifi_trimmed_deduplicated	7_2017_F4_4	5516.S.hifi_reads_s1.ctg000002l||full	41765	0.7975098766910093	1.717490721896325	0.776851	0.00284872	5516.S.hifi_reads_s1.ctg000002l||full	Megaviricetes
5068_N_run562_hifi_trimmed_deduplicated	7_2017_F4_4	5516.S.hifi_reads_s148.ctg000151l||full	19685	0.2416052832105664	0.2416052832105664	0.109282	0.000400739	5516.S.hifi_reads_s148.ctg000151l||full	Megaviricetes
5068_N_run562_hifi_trimmed_deduplicated	7_2017_F4_4	5516.S.hifi_reads_s169.ctg000173l||full	26528	0.6066420386007237	1.7604794933655006	0.796296	0.00292002	5516.S.hifi_reads_s169.ctg000173l||full	Megaviricetes
5068_N_run562_hifi_trimmed_deduplicated	7_2017_F4_4	5516.S.hifi_reads_s24.ctg000025l||full	27110	0.8397270379933603	1.6699372925119882	0.755342	0.00276984	5516.S.hifi_reads_s24.ctg000025l||full	Megaviricetes
5068_N_run562_hifi_trimmed_deduplicated	7_2017_F4_4	5516.S.hifi_reads_s339.ctg000349l||full	16084	0.3831136533200696	0.3831136533200696	0.173289	0.000635451	5516.S.hifi_reads_s339.ctg000349l||full	Megaviricetes
5068_N_run562_hifi_trimmed_deduplicated	7_2017_F4_4	5516.S.hifi_reads_s392.ctg000408l||full	14921	0.3505797198579183	0.3505797198579183	0.158573	0.000581489	5516.S.hifi_reads_s392.ctg000408l||full	Megaviricetes
5068_N_run562_hifi_trimmed_deduplicated	7_2017_F4_4	5516.S.hifi_reads_s410.ctg000427l||full	30011	0.1416480623771283	0.1416480623771283	0.0640699	0.000234945	5516.S.hifi_reads_s410.ctg000427l||full	Megaviricetes
5068_N_run562_hifi_trimmed_deduplicated	7_2017_F4_4	5516.S.hifi_reads_s421.ctg000440l||full	12909	0.9983732279804788	3.838097451390503	1.73604	0.00636606	5516.S.hifi_reads_s421.ctg000440l||full	Megaviricetes
5068_N_run562_hifi_trimmed_deduplicated	7_2017_F4_4	5516.S.hifi_reads_s441.ctg000460l||full	24898	0.4159771869226444	0.7878142822716684	0.356342	0.00130671	5516.S.hifi_reads_s441.ctg000460l||full	Megaviricetes
5068_N_run562_hifi_trimmed_deduplicated	7_2017_F4_4	5516.S.hifi_reads_s458.ctg000478l||full	19860	0.9209466263846928	2.325226586102719	1.05174	0.00385674	5516.S.hifi_reads_s458.ctg000478l||full	Megaviricetes
5068_N_run562_hifi_trimmed_deduplicated	7_2017_F4_4	5516.S.hifi_reads_s470.ctg000491l||full	21845	0.3320210574502174	0.3320210574502174	0.150179	0.000550707	5516.S.hifi_reads_s470.ctg000491l||full	Megaviricetes
5068_N_run562_hifi_trimmed_deduplicated	7_2017_F4_4	5516_AB_hifi_reads_s155.ctg000156l||full	28602	0.1155513600447521	0.1155513600447521	0.0522659	0.000191659	5516_AB_hifi_reads_s155.ctg000156l||full	Megaviricetes
5068_N_run562_hifi_trimmed_deduplicated	7_2017_F4_4	5516_AB_hifi_reads_s207.ctg000208l||full	26340	0.3371678056188307	0.3371678056188307	0.152507	0.000559243	5516_AB_hifi_reads_s207.ctg000208l||full	Megaviricetes
5068_N_run562_hifi_trimmed_deduplicated	7_2017_F4_4	5516_AB_hifi_reads_s312.ctg000313l||full	34290	0.1673957421988918	0.1673957421988918	0.075716	0.000277651	5516_AB_hifi_reads_s312.ctg000313l||full	Megaviricetes
5068_N_run562_hifi_trimmed_deduplicated	7_2017_F4_4	5516_AB_hifi_reads_s61.ctg000062l||full	19927	0.2250213278466402	0.2250213278466402	0.101781	0.000373232	5516_AB_hifi_reads_s61.ctg000062l||full	Megaviricetes
5068_N_run562_hifi_trimmed_deduplicated	7_2017_F4_4	5516_AB_hifi_reads_s667.ctg000668l||full	24396	0.1560501721593704	0.1560501721593704	0.0705842	0.000258833	5516_AB_hifi_reads_s667.ctg000668l||full	Megaviricetes
5068_N_run562_hifi_trimmed_deduplicated	7_2017_F4_4	5516_M_hifi_reads_s593.ctg000594l||full	10175	0.9989189189189188	3.9433906633906632	1.78366	0.0065407	5516_M_hifi_reads_s593.ctg000594l||full	Megaviricetes
5514_AA_hifi_reads	5_2019_F4_2	5516.J.hifi_reads_s1606.ctg001613l||full	26581	0.0193371204996049	0.0193371204996049	0.090058	0.000284369	5516.J.hifi_reads_s1606.ctg001613l||full	Megaviricetes
5514_AA_hifi_reads	5_2019_F4_2	5516.S.hifi_reads_s339.ctg000349l||full	16084	0.5095125590649092	0.5095125590649092	2.37293	0.00749283	5516.S.hifi_reads_s339.ctg000349l||full	Megaviricetes
5514_AA_hifi_reads	5_2019_F4_2	5516.S.hifi_reads_s458.ctg000478l||full	19860	0.1643504531722054	0.1643504531722054	0.765423	0.00241692	5516.S.hifi_reads_s458.ctg000478l||full	Megaviricetes
5514_AC_hifi_reads	7_2019_F4_2	5068_A_run562_hifi_trimmed_deduplicated_s274.ctg000312l||full	44582	0.034027185859764	0.034027185859764	0.0756713	0.000232109	5068_A_run562_hifi_trimmed_deduplicated_s274.ctg000312l||full	Megaviricetes
5514_AC_hifi_reads	7_2019_F4_2	5068_L_run562_hifi_trimmed_deduplicated_s2720.ctg002816l||full	29107	0.6343147696430412	0.6709726182705191	1.49214	0.00457689	5068_L_run562_hifi_trimmed_deduplicated_s2720.ctg002816l||full	Megaviricetes
5514_AC_hifi_reads	7_2019_F4_2	5068_N_run562_hifi_trimmed_deduplicated_s1960.ctg002023l||full	28482	0.0860894600098307	0.0860894600098307	0.19145	0.000587241	5068_N_run562_hifi_trimmed_deduplicated_s1960.ctg002023l||full	Megaviricetes
5514_AC_hifi_reads	7_2019_F4_2	5068_N_run562_hifi_trimmed_deduplicated_s2831.ctg002928l||full	20798	0.1193383979228772	0.2792576209250889	0.621027	0.0019049	5068_N_run562_hifi_trimmed_deduplicated_s2831.ctg002928l||full	Megaviricetes
5514_AC_hifi_reads	7_2019_F4_2	5068_N_run562_hifi_trimmed_deduplicated_s3686.ctg003811l||full	27572	0.1237849992746264	0.1237849992746264	0.275279	0.000844372	5068_N_run562_hifi_trimmed_deduplicated_s3686.ctg003811l||full	Megaviricetes
5514_AC_hifi_reads	7_2019_F4_2	5068_N_run562_hifi_trimmed_deduplicated_s4323.ctg004477l||full	24242	0.0879465390644336	0.0879465390644336	0.19558	0.000599908	5068_N_run562_hifi_trimmed_deduplicated_s4323.ctg004477l||full	Megaviricetes
5514_AC_hifi_reads	7_2019_F4_2	5516.AE.hifi_reads_s2440.ctg002481l||full	29943	0.1349898139798951	0.1349898139798951	0.300197	0.000920804	5516.AE.hifi_reads_s2440.ctg002481l||full	Megaviricetes
5514_AC_hifi_reads	7_2019_F4_2	5516.J.hifi_reads_s1068.ctg001072l||full	14958	0.1260195213263805	0.1260195213263805	0.280248	0.000859615	5516.J.hifi_reads_s1068.ctg001072l||full	Megaviricetes
5514_AC_hifi_reads	7_2019_F4_2	5516.J.hifi_reads_s1081.ctg001085l||full	16487	0.0546491174865045	0.0546491174865045	0.121531	0.000372777	5516.J.hifi_reads_s1081.ctg001085l||full	Megaviricetes
5514_AC_hifi_reads	7_2019_F4_2	5516.J.hifi_reads_s1157.ctg001161l||full	21774	0.4152659134747864	0.4152659134747864	0.923489	0.00283265	5516.J.hifi_reads_s1157.ctg001161l||full	Megaviricetes
5514_AC_hifi_reads	7_2019_F4_2	5516.J.hifi_reads_s1203.ctg001207l||full	33814	0.1069083811439048	0.1847459632105045	0.410847	0.0012602	5516.J.hifi_reads_s1203.ctg001207l||full	Megaviricetes
5514_AC_hifi_reads	7_2019_F4_2	5516.J.hifi_reads_s1319.ctg001323l||full	48218	0.1873159401053548	0.213550956074495	0.474905	0.00145669	5516.J.hifi_reads_s1319.ctg001323l||full	Megaviricetes
5514_AC_hifi_reads	7_2019_F4_2	5516.J.hifi_reads_s1496.ctg001501l||full	31019	0.0824333473032657	0.0824333473032657	0.183319	0.000562301	5516.J.hifi_reads_s1496.ctg001501l||full	Megaviricetes
5514_AC_hifi_reads	7_2019_F4_2	5516.J.hifi_reads_s1606.ctg001613l||full	26581	0.2090214815093488	0.2090214815093488	0.464832	0.00142579	5516.J.hifi_reads_s1606.ctg001613l||full	Megaviricetes
5514_AC_hifi_reads	7_2019_F4_2	5516.J.hifi_reads_s1797.ctg001805l||full	24644	0.2952442785262132	0.2952442785262132	0.656579	0.00201394	5516.J.hifi_reads_s1797.ctg001805l||full	Megaviricetes
5514_AC_hifi_reads	7_2019_F4_2	5516.J.hifi_reads_s236.ctg000239l||full	41038	0.0474682002046883	0.0474682002046883	0.105562	0.000323794	5516.J.hifi_reads_s236.ctg000239l||full	Megaviricetes
5514_AC_hifi_reads	7_2019_F4_2	5516.J.hifi_reads_s327.ctg000330l||full	17538	0.2716957463792906	0.2716957463792906	0.60421	0.00185331	5516.J.hifi_reads_s327.ctg000330l||full	Megaviricetes
5514_AC_hifi_reads	7_2019_F4_2	5516.J.hifi_reads_s682.ctg000685l||full	63094	0.1154467936729324	0.1154467936729324	0.256736	0.000787495	5516.J.hifi_reads_s682.ctg000685l||full	Megaviricetes
5514_AC_hifi_reads	7_2019_F4_2	5516.J.hifi_reads_s752.ctg000755l||full	40831	0.0710244667042198	0.0710244667042198	0.157948	0.000484478	5516.J.hifi_reads_s752.ctg000755l||full	Megaviricetes
5514_AC_hifi_reads	7_2019_F4_2	5516.J.hifi_reads_s914.ctg000917l||full	17680	0.1989253393665158	0.1989253393665158	0.44238	0.00135693	5516.J.hifi_reads_s914.ctg000917l||full	Megaviricetes
5514_AC_hifi_reads	7_2019_F4_2	5516.K.hifi_reads_s128.ctg000132l||full	16992	0.1054613935969868	0.1054613935969868	0.23453	0.000719382	5516.K.hifi_reads_s128.ctg000132l||full	Megaviricetes
5514_AC_hifi_reads	7_2019_F4_2	5516.K.hifi_reads_s275.ctg000282l||full	11450	0.4230567685589519	0.4230567685589519	0.940814	0.00288579	5516.K.hifi_reads_s275.ctg000282l||full	Megaviricetes
5514_AC_hifi_reads	7_2019_F4_2	5516.K.hifi_reads_s559.ctg000568l||full	16736	0.2672681644359465	0.4195745697896749	0.933071	0.00286204	5516.K.hifi_reads_s559.ctg000568l||full	Megaviricetes
5514_AC_hifi_reads	7_2019_F4_2	5516.S.hifi_reads_s148.ctg000151l||full	19685	0.0500889001778003	0.0500889001778003	0.11139	0.000341671	5516.S.hifi_reads_s148.ctg000151l||full	Megaviricetes
5514_AC_hifi_reads	7_2019_F4_2	5516.S.hifi_reads_s339.ctg000349l||full	16084	0.2251927381248445	0.2251927381248445	0.500795	0.0015361	5516.S.hifi_reads_s339.ctg000349l||full	Megaviricetes
5514_AC_hifi_reads	7_2019_F4_2	5516.S.hifi_reads_s421.ctg000440l||full	12909	0.4855527151599659	0.5393911224726935	1.19952	0.00367934	5516.S.hifi_reads_s421.ctg000440l||full	Megaviricetes
5514_AC_hifi_reads	7_2019_F4_2	5516.S.hifi_reads_s441.ctg000460l||full	24898	0.1193268535625351	0.1193268535625351	0.265365	0.000813962	5516.S.hifi_reads_s441.ctg000460l||full	Megaviricetes
5514_AC_hifi_reads	7_2019_F4_2	5516.S.hifi_reads_s458.ctg000478l||full	19860	0.2525176233635448	0.2525176233635448	0.561561	0.00172249	5516.S.hifi_reads_s458.ctg000478l||full	Megaviricetes
5514_AC_hifi_reads	7_2019_F4_2	5516_AB_hifi_reads_s155.ctg000156l||full	28602	0.1706873645199636	0.1706873645199636	0.379583	0.00116431	5516_AB_hifi_reads_s155.ctg000156l||full	Megaviricetes
5514_AC_hifi_reads	7_2019_F4_2	5516_AB_hifi_reads_s162.ctg000163l||full	19004	0.1266575457798358	0.1266575457798358	0.281667	0.000863967	5516_AB_hifi_reads_s162.ctg000163l||full	Megaviricetes
5514_AC_hifi_reads	7_2019_F4_2	5516_AB_hifi_reads_s212.ctg000213l||full	38847	0.0728756403325868	0.0728756403325868	0.162064	0.000497105	5516_AB_hifi_reads_s212.ctg000213l||full	Megaviricetes
5514_AC_hifi_reads	7_2019_F4_2	5516_AB_hifi_reads_s279.ctg000280l||full	37125	0.0693333333333333	0.0693333333333333	0.154187	0.000472942	5516_AB_hifi_reads_s279.ctg000280l||full	Megaviricetes
5514_AC_hifi_reads	7_2019_F4_2	5516_AB_hifi_reads_s42.ctg000043l||full	33972	0.0105086541858	0.0105086541858	0.0233697	7.16825e-05	5516_AB_hifi_reads_s42.ctg000043l||full	Megaviricetes
5514_AC_hifi_reads	7_2019_F4_2	5516_AB_hifi_reads_s471.ctg000472l||full	14323	0.1383788312504363	0.1383788312504363	0.307734	0.000943921	5516_AB_hifi_reads_s471.ctg000472l||full	Megaviricetes
5514_AC_hifi_reads	7_2019_F4_2	5516_AB_hifi_reads_s512.ctg000513l||full	19603	0.0978421670152527	0.0978421670152527	0.217586	0.000667409	5516_AB_hifi_reads_s512.ctg000513l||full	Megaviricetes
5514_AC_hifi_reads	7_2019_F4_2	5516_AB_hifi_reads_s553.ctg000554l||full	17057	0.0467256844697191	0.0467256844697191	0.103911	0.000318729	5516_AB_hifi_reads_s553.ctg000554l||full	Megaviricetes
5514_AC_hifi_reads	7_2019_F4_2	5516_AB_hifi_reads_s578.ctg000579l||full	33280	0.0714543269230769	0.0714543269230769	0.158904	0.00048741	5516_AB_hifi_reads_s578.ctg000579l||full	Megaviricetes
5514_V_hifi_reads	1_2018_F4	5516.I.hifi_reads_s499.ctg000511l||full_1	125104	0.0431321140810845	0.0431321140810845	0.0756781	0.000290844	5516.I.hifi_reads_s499.ctg000511l||full_1	Megaviricetes
5514_V_hifi_reads	1_2018_F4	5516_AB_hifi_reads_s162.ctg000163l||full	19004	0.0267312144811618	0.0267312144811618	0.0469016	0.000180251	5516_AB_hifi_reads_s162.ctg000163l||full	Megaviricetes
5514_W_hifi_reads	2_2018_F4_2	5068_N_run562_hifi_trimmed_deduplicated_s2831.ctg002928l||full	20798	0.1501586691027983	0.1501586691027983	0.303911	0.00108418	5068_N_run562_hifi_trimmed_deduplicated_s2831.ctg002928l||full	Megaviricetes
5514_W_hifi_reads	2_2018_F4_2	5516.I.hifi_reads_s499.ctg000511l||full_1	125104	0.0304946284691137	0.0304946284691137	0.0617191	0.000220178	5516.I.hifi_reads_s499.ctg000511l||full_1	Megaviricetes
5514_W_hifi_reads	2_2018_F4_2	5516.J.hifi_reads_s1068.ctg001072l||full	14958	0.0362347907474261	0.0362347907474261	0.0733369	0.000261623	5516.J.hifi_reads_s1068.ctg001072l||full	Megaviricetes
5514_W_hifi_reads	2_2018_F4_2	5516.J.hifi_reads_s1606.ctg001613l||full	26581	0.1272713592415635	0.1272713592415635	0.257589	0.000918927	5516.J.hifi_reads_s1606.ctg001613l||full	Megaviricetes
5514_W_hifi_reads	2_2018_F4_2	5516.S.hifi_reads_s169.ctg000173l||full	26528	0.1827503015681544	0.1827503015681544	0.369875	0.0013195	5516.S.hifi_reads_s169.ctg000173l||full	Megaviricetes
5514_W_hifi_reads	2_2018_F4_2	5516.S.hifi_reads_s24.ctg000025l||full	27110	0.0204352637403172	0.0204352637403172	0.0413596	0.000147547	5516.S.hifi_reads_s24.ctg000025l||full	Megaviricetes
5514_Y_hifi_reads	4_2019_F4_2	5516.J.hifi_reads_s1068.ctg001072l||full	14958	0.305321567054419	0.305321567054419	2.09529	0.0089015	5516.J.hifi_reads_s1068.ctg001072l||full	Megaviricetes
5514_Y_hifi_reads	4_2019_F4_2	5516_AB_hifi_reads_s578.ctg000579l||full	33280	0.0225961538461538	0.0225961538461538	0.155068	0.00065878	5516_AB_hifi_reads_s578.ctg000579l||full	Megaviricetes
5514_Z_hifi_reads	5_2019_F4_1	5068_M_run562_hifi_trimmed_deduplicated_s2872.ctg002873l||full	17001	0.226516087288983	0.226516087288983	0.379172	0.00134591	5068_M_run562_hifi_trimmed_deduplicated_s2872.ctg002873l||full	Megaviricetes
5514_Z_hifi_reads	5_2019_F4_1	5068_N_run562_hifi_trimmed_deduplicated_s3686.ctg003811l||full	27572	0.0518279413898157	0.0518279413898157	0.0867563	0.00030795	5068_N_run562_hifi_trimmed_deduplicated_s3686.ctg003811l||full	Megaviricetes
5514_Z_hifi_reads	5_2019_F4_1	5516.J.hifi_reads_s1203.ctg001207l||full	33814	0.055894008398888	0.055894008398888	0.0935626	0.000332109	5516.J.hifi_reads_s1203.ctg001207l||full	Megaviricetes
5514_Z_hifi_reads	5_2019_F4_1	5516.J.hifi_reads_s293.ctg000296l||full	44247	0.1052048726467331	0.1052048726467331	0.176105	0.000625103	5516.J.hifi_reads_s293.ctg000296l||full	Megaviricetes
5514_Z_hifi_reads	5_2019_F4_1	5516.J.hifi_reads_s682.ctg000685l||full	63094	0.060845722255682	0.060845722255682	0.101851	0.000361531	5516.J.hifi_reads_s682.ctg000685l||full	Megaviricetes
5514_Z_hifi_reads	5_2019_F4_1	5516.K.hifi_reads_s559.ctg000568l||full	16736	0.3484703632887189	0.3484703632887189	0.583315	0.00207053	5516.K.hifi_reads_s559.ctg000568l||full	Megaviricetes
5516.A.hifi_reads	10_2019_F4_1	5068_N_run562_hifi_trimmed_deduplicated_s2239.ctg002313l||full	31632	0.04947521497218	0.04947521497218	0.0480762	0.000184678	5068_N_run562_hifi_trimmed_deduplicated_s2239.ctg002313l||full	Megaviricetes
5516.A.hifi_reads	10_2019_F4_1	5068_N_run562_hifi_trimmed_deduplicated_s3354.ctg003466l||full	27405	0.3535851122058018	0.3535851122058018	0.343587	0.00131984	5068_N_run562_hifi_trimmed_deduplicated_s3354.ctg003466l||full	Megaviricetes
5516.A.hifi_reads	10_2019_F4_1	5068_N_run562_hifi_trimmed_deduplicated_s3416.ctg003532l||full	22159	0.2782616544067873	0.2782616544067873	0.270393	0.00103868	5068_N_run562_hifi_trimmed_deduplicated_s3416.ctg003532l||full	Megaviricetes
5516.A.hifi_reads	10_2019_F4_1	5068_N_run562_hifi_trimmed_deduplicated_s3952.ctg004086l||full	17211	0.029922723839405	0.029922723839405	0.0290766	0.000111694	5068_N_run562_hifi_trimmed_deduplicated_s3952.ctg004086l||full	Megaviricetes
5516.A.hifi_reads	10_2019_F4_1	5516.AE.hifi_reads_s2440.ctg002481l||full	29943	0.0419797615469391	0.0419797615469391	0.0407927	0.000156699	5516.AE.hifi_reads_s2440.ctg002481l||full	Megaviricetes
5516.A.hifi_reads	10_2019_F4_1	5516.G.hifi_reads_s1412.ctg001430l||full	41548	0.1539664965822663	0.1539664965822663	0.149613	0.000574716	5516.G.hifi_reads_s1412.ctg001430l||full	Megaviricetes
5516.A.hifi_reads	10_2019_F4_1	5516.G.hifi_reads_s745.ctg000756l||full_1	34066	0.2274995596782716	0.2274995596782716	0.221067	0.000849196	5516.G.hifi_reads_s745.ctg000756l||full_1	Megaviricetes
5516.A.hifi_reads	10_2019_F4_1	5516.I.hifi_reads_s499.ctg000511l||full_1	125104	0.0071380611331372	0.0071380611331372	0.00693622	2.66445e-05	5516.I.hifi_reads_s499.ctg000511l||full_1	Megaviricetes
5516.A.hifi_reads	10_2019_F4_1	5516.I.hifi_reads_s532.ctg000548l||full	72062	0.0925175543282173	0.0925175543282173	0.0899015	0.000345344	5516.I.hifi_reads_s532.ctg000548l||full	Megaviricetes
5516.A.hifi_reads	10_2019_F4_1	5516.J.hifi_reads_s1068.ctg001072l||full	14958	0.0613718411552346	0.0613718411552346	0.0596365	0.000229085	5516.J.hifi_reads_s1068.ctg001072l||full	Megaviricetes
5516.A.hifi_reads	10_2019_F4_1	5516.J.hifi_reads_s1203.ctg001207l||full	33814	0.1168450937481516	0.1168450937481516	0.113541	0.000436152	5516.J.hifi_reads_s1203.ctg001207l||full	Megaviricetes
5516.A.hifi_reads	10_2019_F4_1	5516.J.hifi_reads_s1606.ctg001613l||full	26581	0.1559384522779429	0.1559384522779429	0.151529	0.000582077	5516.J.hifi_reads_s1606.ctg001613l||full	Megaviricetes
5516.A.hifi_reads	10_2019_F4_1	5516.K.hifi_reads_s128.ctg000132l||full	16992	0.1792608286252354	0.1792608286252354	0.174192	0.000669133	5516.K.hifi_reads_s128.ctg000132l||full	Megaviricetes
5516.A.hifi_reads	10_2019_F4_1	5516.K.hifi_reads_s168.ctg000174l||full	26529	0.0392400768969806	0.0392400768969806	0.0381305	0.000146473	5516.K.hifi_reads_s168.ctg000174l||full	Megaviricetes
5516.A.hifi_reads	10_2019_F4_1	5516.S.hifi_reads_s1.ctg000002l||full	41765	0.12278223392793	0.12278223392793	0.11931	0.000458314	5516.S.hifi_reads_s1.ctg000002l||full	Megaviricetes
5516.A.hifi_reads	10_2019_F4_1	5516.S.hifi_reads_s169.ctg000173l||full	26528	0.0933730398069963	0.0933730398069963	0.0907328	0.000348537	5516.S.hifi_reads_s169.ctg000173l||full	Megaviricetes
5516.A.hifi_reads	10_2019_F4_1	5516_AB_hifi_reads_s155.ctg000156l||full	28602	0.2661352352982309	0.2661352352982309	0.25861	0.000993413	5516_AB_hifi_reads_s155.ctg000156l||full	Megaviricetes
5516.A.hifi_reads	10_2019_F4_1	5516_AB_hifi_reads_s194.ctg000195l||full	29105	0.2948977838859302	0.2948977838859302	0.286559	0.00110078	5516_AB_hifi_reads_s194.ctg000195l||full	Megaviricetes
5516.AD.hifi_reads	7_2019_F4_3	5068_A_run562_hifi_trimmed_deduplicated_s274.ctg000312l||full	44582	0.0341841999013054	0.0341841999013054	0.0289364	9.605e-05	5068_A_run562_hifi_trimmed_deduplicated_s274.ctg000312l||full	Megaviricetes
5516.AD.hifi_reads	7_2019_F4_3	5068_L_run562_hifi_trimmed_deduplicated_s2720.ctg002816l||full	29107	0.1790290995293228	0.1790290995293228	0.151545	0.000503032	5068_L_run562_hifi_trimmed_deduplicated_s2720.ctg002816l||full	Megaviricetes
5516.AD.hifi_reads	7_2019_F4_3	5068_M_run562_hifi_trimmed_deduplicated_s2872.ctg002873l||full	17001	0.9490029998235398	1.3418034233280396	1.13582	0.00377017	5068_M_run562_hifi_trimmed_deduplicated_s2872.ctg002873l||full	Megaviricetes
5516.AD.hifi_reads	7_2019_F4_3	5068_N_run562_hifi_trimmed_deduplicated_s1960.ctg002023l||full	28482	0.5308264869040096	0.5629520398848396	0.47653	0.00158177	5068_N_run562_hifi_trimmed_deduplicated_s1960.ctg002023l||full	Megaviricetes
5516.AD.hifi_reads	7_2019_F4_3	5068_N_run562_hifi_trimmed_deduplicated_s2239.ctg002313l||full	31632	0.2424443601416287	0.3391502276176024	0.287085	0.000952937	5068_N_run562_hifi_trimmed_deduplicated_s2239.ctg002313l||full	Megaviricetes
5516.AD.hifi_reads	7_2019_F4_3	5068_N_run562_hifi_trimmed_deduplicated_s2646.ctg002734l||full	34651	0.0260598539724683	0.0260598539724683	0.0220593	7.32224e-05	5068_N_run562_hifi_trimmed_deduplicated_s2646.ctg002734l||full	Megaviricetes
5516.AD.hifi_reads	7_2019_F4_3	5068_N_run562_hifi_trimmed_deduplicated_s2831.ctg002928l||full	20798	0.0557265121646312	0.0557265121646312	0.0471716	0.000156579	5068_N_run562_hifi_trimmed_deduplicated_s2831.ctg002928l||full	Megaviricetes
5516.AD.hifi_reads	7_2019_F4_3	5068_N_run562_hifi_trimmed_deduplicated_s3686.ctg003811l||full	27572	0.161504424778761	0.161504424778761	0.136711	0.000453792	5068_N_run562_hifi_trimmed_deduplicated_s3686.ctg003811l||full	Megaviricetes
5516.AD.hifi_reads	7_2019_F4_3	5068_N_run562_hifi_trimmed_deduplicated_s3952.ctg004086l||full	17211	0.2995177502759862	0.3497182034745221	0.296031	0.000982631	5068_N_run562_hifi_trimmed_deduplicated_s3952.ctg004086l||full	Megaviricetes
5516.AD.hifi_reads	7_2019_F4_3	5068_N_run562_hifi_trimmed_deduplicated_s4481.ctg004642l||full	19699	0.0842682369663434	0.0842682369663434	0.0713318	0.000236775	5068_N_run562_hifi_trimmed_deduplicated_s4481.ctg004642l||full	Megaviricetes
5516.AD.hifi_reads	7_2019_F4_3	5068_N_run562_hifi_trimmed_deduplicated_s5662.ctg005890l||full	24930	0.2635780184516647	0.2635780184516647	0.223115	0.000740596	5068_N_run562_hifi_trimmed_deduplicated_s5662.ctg005890l||full	Megaviricetes
5516.AD.hifi_reads	7_2019_F4_3	5068_N_run562_hifi_trimmed_deduplicated_s72.ctg000078l||full	34379	0.0420605602257191	0.0420605602257191	0.0356036	0.000118181	5068_N_run562_hifi_trimmed_deduplicated_s72.ctg000078l||full	Megaviricetes
5516.AD.hifi_reads	7_2019_F4_3	5068_N_run562_hifi_trimmed_deduplicated_s911.ctg000943l||full	49062	0.0308589132118543	0.0308589132118543	0.0261216	8.67067e-05	5068_N_run562_hifi_trimmed_deduplicated_s911.ctg000943l||full	Megaviricetes
5516.AD.hifi_reads	7_2019_F4_3	5516.AE.hifi_reads_s2440.ctg002481l||full	29943	0.1449420565741575	0.1449420565741575	0.122691	0.000407255	5516.AE.hifi_reads_s2440.ctg002481l||full	Megaviricetes
5516.AD.hifi_reads	7_2019_F4_3	5516.AE.hifi_reads_s2935.ctg002980l||full	21281	0.219491565245994	0.219491565245994	0.185796	0.000616723	5516.AE.hifi_reads_s2935.ctg002980l||full	Megaviricetes
5516.AD.hifi_reads	7_2019_F4_3	5516.AE.hifi_reads_s993.ctg001017l||full	17436	0.4310621702225281	0.4788942417985776	0.405377	0.00134559	5516.AE.hifi_reads_s993.ctg001017l||full	Megaviricetes
5516.AD.hifi_reads	7_2019_F4_3	5516.AH.hifi_reads_s2869.ctg002872l||full	14752	0.5582293926247288	0.5582293926247288	0.472532	0.0015685	5516.AH.hifi_reads_s2869.ctg002872l||full	Megaviricetes
5516.AD.hifi_reads	7_2019_F4_3	5516.AH.hifi_reads_s6697.ctg006711l||full	16534	0.1053586548929478	0.1053586548929478	0.0891845	0.000296034	5516.AH.hifi_reads_s6697.ctg006711l||full	Megaviricetes
5516.AD.hifi_reads	7_2019_F4_3	5516.I.hifi_reads_s121.ctg000122l||full	108794	0.010662352703274	0.010662352703274	0.00902552	2.99588e-05	5516.I.hifi_reads_s121.ctg000122l||full	Megaviricetes
5516.AD.hifi_reads	7_2019_F4_3	5516.I.hifi_reads_s391.ctg000396l||full	30432	0.2204587276550998	0.2204587276550998	0.186615	0.00061944	5516.I.hifi_reads_s391.ctg000396l||full	Megaviricetes
5516.AD.hifi_reads	7_2019_F4_3	5516.I.hifi_reads_s499.ctg000511l||full_1	125104	0.0417652513109093	0.0417652513109093	0.0353536	0.000117351	5516.I.hifi_reads_s499.ctg000511l||full_1	Megaviricetes
5516.AD.hifi_reads	7_2019_F4_3	5516.I.hifi_reads_s532.ctg000548l||full	72062	0.0887985345952096	0.0887985345952096	0.0751666	0.000249504	5516.I.hifi_reads_s532.ctg000548l||full	Megaviricetes
5516.AD.hifi_reads	7_2019_F4_3	5516.J.hifi_reads_s1061.ctg001065l||full	19185	0.1055512118842846	0.1055512118842846	0.0893475	0.000296575	5516.J.hifi_reads_s1061.ctg001065l||full	Megaviricetes
5516.AD.hifi_reads	7_2019_F4_3	5516.J.hifi_reads_s1068.ctg001072l||full	14958	0.3320631100414494	0.3320631100414494	0.281086	0.000933024	5516.J.hifi_reads_s1068.ctg001072l||full	Megaviricetes
5516.AD.hifi_reads	7_2019_F4_3	5516.J.hifi_reads_s1203.ctg001207l||full	33814	0.3629561719997634	0.4284024368604719	0.362636	0.00120372	5516.J.hifi_reads_s1203.ctg001207l||full	Megaviricetes
5516.AD.hifi_reads	7_2019_F4_3	5516.J.hifi_reads_s1319.ctg001323l||full	48218	0.0060765689161723	0.0060765689161723	0.00514372	1.70738e-05	5516.J.hifi_reads_s1319.ctg001323l||full	Megaviricetes
5516.AD.hifi_reads	7_2019_F4_3	5516.J.hifi_reads_s1496.ctg001501l||full	31019	0.0499371353041684	0.0795641381089009	0.0673498	0.000223558	5516.J.hifi_reads_s1496.ctg001501l||full	Megaviricetes
5516.AD.hifi_reads	7_2019_F4_3	5516.J.hifi_reads_s1606.ctg001613l||full	26581	0.2146646100598171	0.2340017305594221	0.198079	0.000657493	5516.J.hifi_reads_s1606.ctg001613l||full	Megaviricetes
5516.AD.hifi_reads	7_2019_F4_3	5516.J.hifi_reads_s1797.ctg001805l||full	24644	0.2402613212140886	0.2402613212140886	0.203377	0.000675081	5516.J.hifi_reads_s1797.ctg001805l||full	Megaviricetes
5516.AD.hifi_reads	7_2019_F4_3	5516.J.hifi_reads_s228.ctg000231l||full	17113	0.241395430374569	0.241395430374569	0.204337	0.000678268	5516.J.hifi_reads_s228.ctg000231l||full	Megaviricetes
5516.AD.hifi_reads	7_2019_F4_3	5516.J.hifi_reads_s236.ctg000239l||full	41038	0.0211511282226229	0.0211511282226229	0.0179041	5.943e-05	5516.J.hifi_reads_s236.ctg000239l||full	Megaviricetes
5516.AD.hifi_reads	7_2019_F4_3	5516.J.hifi_reads_s293.ctg000296l||full	44247	0.2119691730512803	0.2119691730512803	0.179429	0.000595586	5516.J.hifi_reads_s293.ctg000296l||full	Megaviricetes
5516.AD.hifi_reads	7_2019_F4_3	5516.J.hifi_reads_s327.ctg000330l||full	17538	0.7410765195575322	0.8589919032957007	0.727123	0.00241358	5516.J.hifi_reads_s327.ctg000330l||full	Megaviricetes
5516.AD.hifi_reads	7_2019_F4_3	5516.J.hifi_reads_s914.ctg000917l||full	17680	0.3660633484162895	0.44960407239819	0.380583	0.00126329	5516.J.hifi_reads_s914.ctg000917l||full	Megaviricetes
5516.AD.hifi_reads	7_2019_F4_3	5516.K.hifi_reads_s128.ctg000132l||full	16992	0.6537193973634652	0.9505649717514124	0.804638	0.00267088	5516.K.hifi_reads_s128.ctg000132l||full	Megaviricetes
5516.AD.hifi_reads	7_2019_F4_3	5516.K.hifi_reads_s275.ctg000282l||full	11450	0.3162445414847161	0.3162445414847161	0.267696	0.000888577	5516.K.hifi_reads_s275.ctg000282l||full	Megaviricetes
5516.AD.hifi_reads	7_2019_F4_3	5516.K.hifi_reads_s559.ctg000568l||full	16736	0.2149856596558317	0.2648781070745697	0.224215	0.000744249	5516.K.hifi_reads_s559.ctg000568l||full	Megaviricetes
5516.AD.hifi_reads	7_2019_F4_3	5516.S.hifi_reads_s1.ctg000002l||full	41765	0.3363342511672453	0.5963366455165808	0.50479	0.00167557	5516.S.hifi_reads_s1.ctg000002l||full	Megaviricetes
5516.AD.hifi_reads	7_2019_F4_3	5516.S.hifi_reads_s148.ctg000151l||full	19685	0.1151130302260604	0.1151130302260604	0.0974414	0.000323442	5516.S.hifi_reads_s148.ctg000151l||full	Megaviricetes
5516.AD.hifi_reads	7_2019_F4_3	5516.S.hifi_reads_s169.ctg000173l||full	26528	0.1349140530759952	0.1349140530759952	0.114203	0.000379079	5516.S.hifi_reads_s169.ctg000173l||full	Megaviricetes
5516.AD.hifi_reads	7_2019_F4_3	5516.S.hifi_reads_s24.ctg000025l||full	27110	0.4215787532275913	0.4215787532275913	0.35686	0.00118454	5516.S.hifi_reads_s24.ctg000025l||full	Megaviricetes
5516.AD.hifi_reads	7_2019_F4_3	5516.S.hifi_reads_s339.ctg000349l||full	16084	0.4167495647848794	0.6128450634170605	0.518764	0.00172196	5516.S.hifi_reads_s339.ctg000349l||full	Megaviricetes
5516.AD.hifi_reads	7_2019_F4_3	5516.S.hifi_reads_s421.ctg000440l||full	12909	0.6724765667363855	1.1825857928576962	1.00104	0.0033228	5516.S.hifi_reads_s421.ctg000440l||full	Megaviricetes
5516.AD.hifi_reads	7_2019_F4_3	5516.S.hifi_reads_s441.ctg000460l||full	24898	0.0851474013977026	0.0851474013977026	0.072076	0.000239245	5516.S.hifi_reads_s441.ctg000460l||full	Megaviricetes
5516.AD.hifi_reads	7_2019_F4_3	5516.S.hifi_reads_s458.ctg000478l||full	19860	0.4728600201409869	0.7601208459214501	0.64343	0.00213577	5516.S.hifi_reads_s458.ctg000478l||full	Megaviricetes
5516.AD.hifi_reads	7_2019_F4_3	5516_AB_hifi_reads_s155.ctg000156l||full	28602	0.7835116425424795	1.1061114607370115	0.936306	0.00310793	5516_AB_hifi_reads_s155.ctg000156l||full	Megaviricetes
5516.AD.hifi_reads	7_2019_F4_3	5516_AB_hifi_reads_s156.ctg000157l||full	31855	0.4239836760320201	1.0646680269973317	0.901225	0.00299148	5516_AB_hifi_reads_s156.ctg000157l||full	Megaviricetes
5516.AD.hifi_reads	7_2019_F4_3	5516_AB_hifi_reads_s162.ctg000163l||full	19004	0.4433803409808461	0.4953167754157019	0.419278	0.00139173	5516_AB_hifi_reads_s162.ctg000163l||full	Megaviricetes
5516.AD.hifi_reads	7_2019_F4_3	5516_AB_hifi_reads_s181.ctg000182l||full	11270	0.4665483584738243	0.5262644188110026	0.445475	0.00147869	5516_AB_hifi_reads_s181.ctg000182l||full	Megaviricetes
5516.AD.hifi_reads	7_2019_F4_3	5516_AB_hifi_reads_s195.ctg000196l||full	31302	0.0384639959108044	0.0384639959108044	0.0325592	0.000108075	5516_AB_hifi_reads_s195.ctg000196l||full	Megaviricetes
5516.AD.hifi_reads	7_2019_F4_3	5516_AB_hifi_reads_s207.ctg000208l||full	26340	0.1842824601366742	0.1842824601366742	0.155992	0.000517793	5516_AB_hifi_reads_s207.ctg000208l||full	Megaviricetes
5516.AD.hifi_reads	7_2019_F4_3	5516_AB_hifi_reads_s212.ctg000213l||full	38847	0.272891085540711	0.3498339640126651	0.296129	0.000982956	5516_AB_hifi_reads_s212.ctg000213l||full	Megaviricetes
5516.AD.hifi_reads	7_2019_F4_3	5516_AB_hifi_reads_s279.ctg000280l||full	37125	0.2307609427609427	0.2686329966329966	0.227394	0.000754799	5516_AB_hifi_reads_s279.ctg000280l||full	Megaviricetes
5516.AD.hifi_reads	7_2019_F4_3	5516_AB_hifi_reads_s471.ctg000472l||full	14323	0.1160371430566222	0.1160371430566222	0.0982236	0.000326039	5516_AB_hifi_reads_s471.ctg000472l||full	Megaviricetes
5516.AD.hifi_reads	7_2019_F4_3	5516_AB_hifi_reads_s512.ctg000513l||full	19603	0.2501147783502525	0.3906544916594399	0.330683	0.00109765	5516_AB_hifi_reads_s512.ctg000513l||full	Megaviricetes
5516.AD.hifi_reads	7_2019_F4_3	5516_AB_hifi_reads_s61.ctg000062l||full	19927	0.3093792342048477	0.4352888041350931	0.368465	0.00122306	5516_AB_hifi_reads_s61.ctg000062l||full	Megaviricetes
5516.AD.hifi_reads	7_2019_F4_3	5516_AB_hifi_reads_s624.ctg000625l||full	13807	0.9083798073441008	1.5862243789382198	1.34271	0.00445694	5516_AB_hifi_reads_s624.ctg000625l||full	Megaviricetes
5516.AD.hifi_reads	7_2019_F4_3	5516_AB_hifi_reads_s667.ctg000668l||full	24396	0.4903672733234956	0.9043285784554844	0.7655	0.00254096	5516_AB_hifi_reads_s667.ctg000668l||full	Megaviricetes
5516.AE.hifi_reads	7_2019_F4_4	5068_A_run562_hifi_trimmed_deduplicated_s274.ctg000312l||full	44582	0.0075142434166255	0.0075142434166255	0.00527871	1.99794e-05	5068_A_run562_hifi_trimmed_deduplicated_s274.ctg000312l||full	Megaviricetes
5516.AE.hifi_reads	7_2019_F4_4	5068_N_run562_hifi_trimmed_deduplicated_s1960.ctg002023l||full	28482	0.9030966926479882	1.4151744961730215	0.994152	0.00376276	5068_N_run562_hifi_trimmed_deduplicated_s1960.ctg002023l||full	Megaviricetes
5516.AE.hifi_reads	7_2019_F4_4	5068_N_run562_hifi_trimmed_deduplicated_s2239.ctg002313l||full	31632	0.2431714719271623	0.2978629236216489	0.209247	0.000791978	5068_N_run562_hifi_trimmed_deduplicated_s2239.ctg002313l||full	Megaviricetes
5516.AE.hifi_reads	7_2019_F4_4	5068_N_run562_hifi_trimmed_deduplicated_s2646.ctg002734l||full	34651	0.6878877954460189	1.1308475945860148	0.794414	0.00300677	5068_N_run562_hifi_trimmed_deduplicated_s2646.ctg002734l||full	Megaviricetes
5516.AE.hifi_reads	7_2019_F4_4	5068_N_run562_hifi_trimmed_deduplicated_s2831.ctg002928l||full	20798	0.1779978844119626	0.2337243965765939	0.16419	0.000621442	5068_N_run562_hifi_trimmed_deduplicated_s2831.ctg002928l||full	Megaviricetes
5516.AE.hifi_reads	7_2019_F4_4	5068_N_run562_hifi_trimmed_deduplicated_s3354.ctg003466l||full	27405	0.3814267469439883	0.4079912424740011	0.286611	0.00108479	5068_N_run562_hifi_trimmed_deduplicated_s3354.ctg003466l||full	Megaviricetes
5516.AE.hifi_reads	7_2019_F4_4	5068_N_run562_hifi_trimmed_deduplicated_s3416.ctg003532l||full	22159	0.0281149871384087	0.0281149871384087	0.0197506	7.4754e-05	5068_N_run562_hifi_trimmed_deduplicated_s3416.ctg003532l||full	Megaviricetes
5516.AE.hifi_reads	7_2019_F4_4	5068_N_run562_hifi_trimmed_deduplicated_s3676.ctg003801l||full	26801	0.446177381440991	0.7781052945785605	0.546614	0.00206888	5068_N_run562_hifi_trimmed_deduplicated_s3676.ctg003801l||full	Megaviricetes
5516.AE.hifi_reads	7_2019_F4_4	5068_N_run562_hifi_trimmed_deduplicated_s3686.ctg003811l||full	27572	0.3102422747715073	0.390758740751487	0.274506	0.00103898	5068_N_run562_hifi_trimmed_deduplicated_s3686.ctg003811l||full	Megaviricetes
5516.AE.hifi_reads	7_2019_F4_4	5068_N_run562_hifi_trimmed_deduplicated_s3952.ctg004086l||full	17211	0.7185520887804311	0.9116843878914648	0.640453	0.00242405	5068_N_run562_hifi_trimmed_deduplicated_s3952.ctg004086l||full	Megaviricetes
5516.AE.hifi_reads	7_2019_F4_4	5068_N_run562_hifi_trimmed_deduplicated_s4323.ctg004477l||full	24242	0.2352941176470588	0.2352941176470588	0.165293	0.000625616	5068_N_run562_hifi_trimmed_deduplicated_s4323.ctg004477l||full	Megaviricetes
5516.AE.hifi_reads	7_2019_F4_4	5068_N_run562_hifi_trimmed_deduplicated_s4481.ctg004642l||full	19699	0.2846845017513579	0.5194679932991523	0.364923	0.0013812	5068_N_run562_hifi_trimmed_deduplicated_s4481.ctg004642l||full	Megaviricetes
5516.AE.hifi_reads	7_2019_F4_4	5068_N_run562_hifi_trimmed_deduplicated_s4602.ctg004769l||full	25339	0.2218319586408303	0.2700974781956667	0.189742	0.000718153	5068_N_run562_hifi_trimmed_deduplicated_s4602.ctg004769l||full	Megaviricetes
5516.AE.hifi_reads	7_2019_F4_4	5068_N_run562_hifi_trimmed_deduplicated_s4603.ctg004770l||full	14809	0.3253426970085759	0.3253426970085759	0.228551	0.000865043	5068_N_run562_hifi_trimmed_deduplicated_s4603.ctg004770l||full	Megaviricetes
5516.AE.hifi_reads	7_2019_F4_4	5068_N_run562_hifi_trimmed_deduplicated_s5662.ctg005890l||full	24930	0.4274368231046931	0.5223826714801444	0.366971	0.00138895	5068_N_run562_hifi_trimmed_deduplicated_s5662.ctg005890l||full	Megaviricetes
5516.AE.hifi_reads	7_2019_F4_4	5068_N_run562_hifi_trimmed_deduplicated_s72.ctg000078l||full	34379	0.1280723697606096	0.2324674946915268	0.163307	0.0006181	5068_N_run562_hifi_trimmed_deduplicated_s72.ctg000078l||full	Megaviricetes
5516.AE.hifi_reads	7_2019_F4_4	5068_N_run562_hifi_trimmed_deduplicated_s911.ctg000943l||full	49062	0.1942440177734295	0.3708165178753414	0.260496	0.000985952	5068_N_run562_hifi_trimmed_deduplicated_s911.ctg000943l||full	Megaviricetes
5516.AE.hifi_reads	7_2019_F4_4	5516.AE.hifi_reads_s2440.ctg002481l||full	29943	0.9996994289149383	2.767190996226163	1.94394	0.00735759	5516.AE.hifi_reads_s2440.ctg002481l||full	Megaviricetes
5516.AE.hifi_reads	7_2019_F4_4	5516.AE.hifi_reads_s2935.ctg002980l||full	21281	1.0	2.794699497204079	1.96326	0.00743074	5516.AE.hifi_reads_s2935.ctg002980l||full	Megaviricetes
5516.AE.hifi_reads	7_2019_F4_4	5516.AE.hifi_reads_s993.ctg001017l||full	17436	0.9996558843771508	1.5610805230557467	1.09665	0.00415071	5516.AE.hifi_reads_s993.ctg001017l||full	Megaviricetes
5516.AE.hifi_reads	7_2019_F4_4	5516.AH.hifi_reads_s2073.ctg002076l||full_1	13069	0.7927155865024103	0.8364832810467518	0.587625	0.0022241	5516.AH.hifi_reads_s2073.ctg002076l||full_1	Megaviricetes
5516.AE.hifi_reads	7_2019_F4_4	5516.AH.hifi_reads_s2869.ctg002872l||full	14752	0.7163096529284165	0.7163096529284165	0.503203	0.00190457	5516.AH.hifi_reads_s2869.ctg002872l||full	Megaviricetes
5516.AE.hifi_reads	7_2019_F4_4	5516.AH.hifi_reads_s6697.ctg006711l||full	16534	0.589996371114068	1.029998790371356	0.723568	0.00273863	5516.AH.hifi_reads_s6697.ctg006711l||full	Megaviricetes
5516.AE.hifi_reads	7_2019_F4_4	5516.G.hifi_reads_s1412.ctg001430l||full	41548	0.0638297872340425	0.0638297872340425	0.0448401	0.000169715	5516.G.hifi_reads_s1412.ctg001430l||full	Megaviricetes
5516.AE.hifi_reads	7_2019_F4_4	5516.I.hifi_reads_s121.ctg000122l||full	108794	0.2649318896262662	0.3074985752890784	0.216016	0.000817598	5516.I.hifi_reads_s121.ctg000122l||full	Megaviricetes
5516.AE.hifi_reads	7_2019_F4_4	5516.I.hifi_reads_s187.ctg000189l||full	21504	0.2487444196428571	0.2487444196428571	0.174742	0.000661378	5516.I.hifi_reads_s187.ctg000189l||full	Megaviricetes
5516.AE.hifi_reads	7_2019_F4_4	5516.I.hifi_reads_s372.ctg000376l||full	21102	0.1645815562505923	0.1645815562505923	0.115618	0.000437601	5516.I.hifi_reads_s372.ctg000376l||full	Megaviricetes
5516.AE.hifi_reads	7_2019_F4_4	5516.I.hifi_reads_s499.ctg000511l||full_1	125104	0.4928379588182632	0.6438882849469242	0.452328	0.00171201	5516.I.hifi_reads_s499.ctg000511l||full_1	Megaviricetes
5516.AE.hifi_reads	7_2019_F4_4	5516.I.hifi_reads_s521.ctg000536l||full_1	53345	0.3832036741962695	0.5634454962976849	0.395817	0.00149813	5516.I.hifi_reads_s521.ctg000536l||full_1	Megaviricetes
5516.AE.hifi_reads	7_2019_F4_4	5516.I.hifi_reads_s532.ctg000548l||full	72062	0.395520523993228	0.5980266992312175	0.42011	0.00159007	5516.I.hifi_reads_s532.ctg000548l||full	Megaviricetes
5516.AE.hifi_reads	7_2019_F4_4	5516.J.hifi_reads_s1061.ctg001065l||full	19185	0.5003388063591347	0.8887151420380506	0.624317	0.00236298	5516.J.hifi_reads_s1061.ctg001065l||full	Megaviricetes
5516.AE.hifi_reads	7_2019_F4_4	5516.J.hifi_reads_s1068.ctg001072l||full	14958	0.2014306725498061	0.2014306725498061	0.141504	0.000535577	5516.J.hifi_reads_s1068.ctg001072l||full	Megaviricetes
5516.AE.hifi_reads	7_2019_F4_4	5516.J.hifi_reads_s1157.ctg001161l||full	21774	0.1207862588408193	0.1207862588408193	0.0848516	0.000321155	5516.J.hifi_reads_s1157.ctg001161l||full	Megaviricetes
5516.AE.hifi_reads	7_2019_F4_4	5516.J.hifi_reads_s1203.ctg001207l||full	33814	0.2362039391967824	0.2362039391967824	0.165932	0.000628035	5516.J.hifi_reads_s1203.ctg001207l||full	Megaviricetes
5516.AE.hifi_reads	7_2019_F4_4	5516.J.hifi_reads_s1319.ctg001323l||full	48218	0.1684225807789622	0.2537848936081961	0.178282	0.00067478	5516.J.hifi_reads_s1319.ctg001323l||full	Megaviricetes
5516.AE.hifi_reads	7_2019_F4_4	5516.J.hifi_reads_s1458.ctg001463l||full	35889	0.0400122600239627	0.0400122600239627	0.0281084	0.000106387	5516.J.hifi_reads_s1458.ctg001463l||full	Megaviricetes
5516.AE.hifi_reads	7_2019_F4_4	5516.J.hifi_reads_s1496.ctg001501l||full	31019	0.3063928559914891	0.3233179664076856	0.227129	0.00085966	5516.J.hifi_reads_s1496.ctg001501l||full	Megaviricetes
5516.AE.hifi_reads	7_2019_F4_4	5516.J.hifi_reads_s1606.ctg001613l||full	26581	0.4818103156389902	0.5221398743463376	0.3668	0.0013883	5516.J.hifi_reads_s1606.ctg001613l||full	Megaviricetes
5516.AE.hifi_reads	7_2019_F4_4	5516.J.hifi_reads_s1797.ctg001805l||full	24644	0.6414137315370881	0.7398149651030677	0.519716	0.00196707	5516.J.hifi_reads_s1797.ctg001805l||full	Megaviricetes
5516.AE.hifi_reads	7_2019_F4_4	5516.J.hifi_reads_s228.ctg000231l||full	17113	0.3385145795593993	0.9983053818734297	0.701304	0.00265436	5516.J.hifi_reads_s228.ctg000231l||full	Megaviricetes
5516.AE.hifi_reads	7_2019_F4_4	5516.J.hifi_reads_s236.ctg000239l||full	41038	0.6281007846386276	1.0331400165700082	0.725775	0.00274698	5516.J.hifi_reads_s236.ctg000239l||full	Megaviricetes
5516.AE.hifi_reads	7_2019_F4_4	5516.J.hifi_reads_s293.ctg000296l||full	44247	0.3424864962596334	0.7530680046104821	0.529026	0.00200231	5516.J.hifi_reads_s293.ctg000296l||full	Megaviricetes
5516.AE.hifi_reads	7_2019_F4_4	5516.J.hifi_reads_s327.ctg000330l||full	17538	0.814802143916068	0.8875584445204698	0.623505	0.0023599	5516.J.hifi_reads_s327.ctg000330l||full	Megaviricetes
5516.AE.hifi_reads	7_2019_F4_4	5516.J.hifi_reads_s336.ctg000339l||full	31858	0.2514909912737774	0.3120095423441522	0.219185	0.000829592	5516.J.hifi_reads_s336.ctg000339l||full	Megaviricetes
5516.AE.hifi_reads	7_2019_F4_4	5516.J.hifi_reads_s385.ctg000388l||full	25616	0.0182307932542161	0.0182307932542161	0.012807	4.84733e-05	5516.J.hifi_reads_s385.ctg000388l||full	Megaviricetes
5516.AE.hifi_reads	7_2019_F4_4	5516.J.hifi_reads_s682.ctg000685l||full	63094	0.2472818334548451	0.2472818334548451	0.173714	0.00065749	5516.J.hifi_reads_s682.ctg000685l||full	Megaviricetes
5516.AE.hifi_reads	7_2019_F4_4	5516.J.hifi_reads_s914.ctg000917l||full	17680	0.9552601809954752	2.084785067873303	1.46455	0.00554317	5516.J.hifi_reads_s914.ctg000917l||full	Megaviricetes
5516.AE.hifi_reads	7_2019_F4_4	5516.K.hifi_reads_s168.ctg000174l||full	26529	0.3804515812884014	0.4544460778770402	0.319246	0.00120831	5516.K.hifi_reads_s168.ctg000174l||full	Megaviricetes
5516.AE.hifi_reads	7_2019_F4_4	5516.K.hifi_reads_s275.ctg000282l||full	11450	0.4874235807860262	0.4874235807860262	0.342412	0.00129599	5516.K.hifi_reads_s275.ctg000282l||full	Megaviricetes
5516.AE.hifi_reads	7_2019_F4_4	5516.Q.hifi_reads_s1112.ctg001113l||full	18406	0.0849179615342823	0.0849179615342823	0.0596544	0.000225786	5516.Q.hifi_reads_s1112.ctg001113l||full	Megaviricetes
5516.AE.hifi_reads	7_2019_F4_4	5516.S.hifi_reads_s1.ctg000002l||full	41765	0.209218244941937	0.2593798635220878	0.182213	0.000689657	5516.S.hifi_reads_s1.ctg000002l||full	Megaviricetes
5516.AE.hifi_reads	7_2019_F4_4	5516.S.hifi_reads_s148.ctg000151l||full	19685	0.7871983743967488	1.0438912877825757	0.733328	0.00277557	5516.S.hifi_reads_s148.ctg000151l||full	Megaviricetes
5516.AE.hifi_reads	7_2019_F4_4	5516.S.hifi_reads_s169.ctg000173l||full	26528	0.1556845597104945	0.1556845597104945	0.109368	0.000413945	5516.S.hifi_reads_s169.ctg000173l||full	Megaviricetes
5516.AE.hifi_reads	7_2019_F4_4	5516.S.hifi_reads_s24.ctg000025l||full	27110	0.2153448911840649	0.3140538546661748	0.220621	0.000835028	5516.S.hifi_reads_s24.ctg000025l||full	Megaviricetes
5516.AE.hifi_reads	7_2019_F4_4	5516.S.hifi_reads_s291.ctg000301l||full	25437	0.048787199748398	0.048787199748398	0.0342727	0.000129719	5516.S.hifi_reads_s291.ctg000301l||full	Megaviricetes
5516.AE.hifi_reads	7_2019_F4_4	5516.S.hifi_reads_s377.ctg000392l||full	19646	0.2982795479995928	0.2982795479995928	0.20954	0.000793086	5516.S.hifi_reads_s377.ctg000392l||full	Megaviricetes
5516.AE.hifi_reads	7_2019_F4_4	5516.S.hifi_reads_s403.ctg000419l||full	32011	0.0204304770235231	0.0204304770235231	0.0143523	5.43219e-05	5516.S.hifi_reads_s403.ctg000419l||full	Megaviricetes
5516.AE.hifi_reads	7_2019_F4_4	5516.S.hifi_reads_s421.ctg000440l||full	12909	0.7729491052753893	0.8698582384382989	0.61107	0.00231284	5516.S.hifi_reads_s421.ctg000440l||full	Megaviricetes
5516.AE.hifi_reads	7_2019_F4_4	5516.S.hifi_reads_s441.ctg000460l||full	24898	0.2376897742790585	0.2817495381155113	0.197927	0.000749135	5516.S.hifi_reads_s441.ctg000460l||full	Megaviricetes
5516.AE.hifi_reads	7_2019_F4_4	5516.S.hifi_reads_s458.ctg000478l||full	19860	0.4554884189325276	0.73202416918429	0.514243	0.00194636	5516.S.hifi_reads_s458.ctg000478l||full	Megaviricetes
5516.AE.hifi_reads	7_2019_F4_4	5516_AB_hifi_reads_s155.ctg000156l||full	28602	0.2409971330676176	0.2409971330676176	0.169299	0.000640779	5516_AB_hifi_reads_s155.ctg000156l||full	Megaviricetes
5516.AE.hifi_reads	7_2019_F4_4	5516_AB_hifi_reads_s156.ctg000157l||full	31855	0.2590174226965939	0.2590174226965939	0.181958	0.000688693	5516_AB_hifi_reads_s156.ctg000157l||full	Megaviricetes
5516.AE.hifi_reads	7_2019_F4_4	5516_AB_hifi_reads_s195.ctg000196l||full	31302	0.2064724298766852	0.2064724298766852	0.145046	0.000548983	5516_AB_hifi_reads_s195.ctg000196l||full	Megaviricetes
5516.AE.hifi_reads	7_2019_F4_4	5516_AB_hifi_reads_s207.ctg000208l||full	26340	0.3020121488230827	0.3020121488230827	0.212162	0.00080301	5516_AB_hifi_reads_s207.ctg000208l||full	Megaviricetes
5516.AE.hifi_reads	7_2019_F4_4	5516_AB_hifi_reads_s578.ctg000579l||full	33280	0.2198617788461538	0.2198617788461538	0.154452	0.000584583	5516_AB_hifi_reads_s578.ctg000579l||full	Megaviricetes
5516.AE.hifi_reads	7_2019_F4_4	5516_AB_hifi_reads_s667.ctg000668l||full	24396	0.1687571733070995	0.1687571733070995	0.118551	0.000448703	5516_AB_hifi_reads_s667.ctg000668l||full	Megaviricetes
5516.AE.hifi_reads	7_2019_F4_4	5516_M_hifi_reads_s593.ctg000594l||full	10175	0.1600982800982801	0.2697788697788698	0.189518	0.000717306	5516_M_hifi_reads_s593.ctg000594l||full	Megaviricetes
5516.AF.hifi_reads	9_2019_F4_1	5068_N_run562_hifi_trimmed_deduplicated_s2831.ctg002928l||full	20798	0.1381863640734686	0.1381863640734686	0.0940839	0.000340948	5068_N_run562_hifi_trimmed_deduplicated_s2831.ctg002928l||full	Megaviricetes
5516.AF.hifi_reads	9_2019_F4_1	5068_N_run562_hifi_trimmed_deduplicated_s3354.ctg003466l||full	27405	0.1905126801678525	0.1905126801678525	0.12971	0.000470053	5068_N_run562_hifi_trimmed_deduplicated_s3354.ctg003466l||full	Megaviricetes
5516.AF.hifi_reads	9_2019_F4_1	5068_N_run562_hifi_trimmed_deduplicated_s3416.ctg003532l||full	22159	0.3547542759149781	0.3547542759149781	0.241534	0.000875288	5068_N_run562_hifi_trimmed_deduplicated_s3416.ctg003532l||full	Megaviricetes
5516.AF.hifi_reads	9_2019_F4_1	5068_N_run562_hifi_trimmed_deduplicated_s3676.ctg003801l||full	26801	0.0186933323383455	0.0186933323383455	0.0127273	4.61222e-05	5068_N_run562_hifi_trimmed_deduplicated_s3676.ctg003801l||full	Megaviricetes
5516.AF.hifi_reads	9_2019_F4_1	5068_N_run562_hifi_trimmed_deduplicated_s3686.ctg003811l||full	27572	0.0311910633976497	0.0311910633976497	0.0212364	7.6958e-05	5068_N_run562_hifi_trimmed_deduplicated_s3686.ctg003811l||full	Megaviricetes
5516.AF.hifi_reads	9_2019_F4_1	5068_N_run562_hifi_trimmed_deduplicated_s3952.ctg004086l||full	17211	0.136424379757132	0.136424379757132	0.0928843	0.000336601	5068_N_run562_hifi_trimmed_deduplicated_s3952.ctg004086l||full	Megaviricetes
5516.AF.hifi_reads	9_2019_F4_1	5068_N_run562_hifi_trimmed_deduplicated_s4481.ctg004642l||full	19699	0.0544190060409157	0.0544190060409157	0.0370511	0.000134268	5068_N_run562_hifi_trimmed_deduplicated_s4481.ctg004642l||full	Megaviricetes
5516.AF.hifi_reads	9_2019_F4_1	5068_N_run562_hifi_trimmed_deduplicated_s4602.ctg004769l||full	25339	0.5840404120131023	0.7439914755909862	0.506545	0.00183566	5068_N_run562_hifi_trimmed_deduplicated_s4602.ctg004769l||full	Megaviricetes
5516.AF.hifi_reads	9_2019_F4_1	5068_N_run562_hifi_trimmed_deduplicated_s4603.ctg004770l||full	14809	0.4327773651158079	0.4327773651158079	0.294656	0.0010678	5068_N_run562_hifi_trimmed_deduplicated_s4603.ctg004770l||full	Megaviricetes
5516.AF.hifi_reads	9_2019_F4_1	5516.AE.hifi_reads_s2440.ctg002481l||full	29943	0.165147112847744	0.165147112847744	0.11244	0.000407469	5516.AE.hifi_reads_s2440.ctg002481l||full	Megaviricetes
5516.AF.hifi_reads	9_2019_F4_1	5516.AH.hifi_reads_s2073.ctg002076l||full_1	13069	0.0612135588032749	0.0612135588032749	0.0416771	0.000151033	5516.AH.hifi_reads_s2073.ctg002076l||full_1	Megaviricetes
5516.AF.hifi_reads	9_2019_F4_1	5516.G.hifi_reads_s1412.ctg001430l||full	41548	0.4635120824107057	0.5115288341195725	0.348273	0.0012621	5516.G.hifi_reads_s1412.ctg001430l||full	Megaviricetes
5516.AF.hifi_reads	9_2019_F4_1	5516.G.hifi_reads_s745.ctg000756l||full_1	34066	0.1891035049609581	0.2083602418834028	0.141862	0.000514089	5516.G.hifi_reads_s745.ctg000756l||full_1	Megaviricetes
5516.AF.hifi_reads	9_2019_F4_1	5516.I.hifi_reads_s121.ctg000122l||full	108794	0.0363898744416052	0.0363898744416052	0.024776	8.9785e-05	5516.I.hifi_reads_s121.ctg000122l||full	Megaviricetes
5516.AF.hifi_reads	9_2019_F4_1	5516.J.hifi_reads_s1068.ctg001072l||full	14958	0.2327851317020992	0.2327851317020992	0.158491	0.000574353	5516.J.hifi_reads_s1068.ctg001072l||full	Megaviricetes
5516.AF.hifi_reads	9_2019_F4_1	5516.J.hifi_reads_s1203.ctg001207l||full	33814	0.2516413319926657	0.3192464659608446	0.217358	0.000787679	5516.J.hifi_reads_s1203.ctg001207l||full	Megaviricetes
5516.AF.hifi_reads	9_2019_F4_1	5516.J.hifi_reads_s1319.ctg001323l||full	48218	0.0876643577087394	0.0876643577087394	0.0596861	0.000216295	5516.J.hifi_reads_s1319.ctg001323l||full	Megaviricetes
5516.AF.hifi_reads	9_2019_F4_1	5516.J.hifi_reads_s1496.ctg001501l||full	31019	0.0327218801379799	0.0327218801379799	0.0222786	8.0735e-05	5516.J.hifi_reads_s1496.ctg001501l||full	Megaviricetes
5516.AF.hifi_reads	9_2019_F4_1	5516.J.hifi_reads_s914.ctg000917l||full	17680	0.0993212669683257	0.0993212669683257	0.0676227	0.000245056	5516.J.hifi_reads_s914.ctg000917l||full	Megaviricetes
5516.AF.hifi_reads	9_2019_F4_1	5516.K.hifi_reads_s559.ctg000568l||full	16736	0.0479206500956022	0.0479206500956022	0.0326267	0.000118235	5516.K.hifi_reads_s559.ctg000568l||full	Megaviricetes
5516.AF.hifi_reads	9_2019_F4_1	5516.S.hifi_reads_s1.ctg000002l||full	41765	0.4146055309469652	0.4597869029091344	0.313045	0.00113444	5516.S.hifi_reads_s1.ctg000002l||full	Megaviricetes
5516.AF.hifi_reads	9_2019_F4_1	5516.S.hifi_reads_s169.ctg000173l||full	26528	0.1694436067551266	0.1694436067551266	0.115365	0.00041807	5516.S.hifi_reads_s169.ctg000173l||full	Megaviricetes
5516.AF.hifi_reads	9_2019_F4_1	5516.S.hifi_reads_s421.ctg000440l||full	12909	0.0727399488728793	0.0727399488728793	0.0495249	0.000179472	5516.S.hifi_reads_s421.ctg000440l||full	Megaviricetes
5516.AF.hifi_reads	9_2019_F4_1	5516.S.hifi_reads_s441.ctg000460l||full	24898	0.2065226122580127	0.2265643826813398	0.154256	0.000559004	5516.S.hifi_reads_s441.ctg000460l||full	Megaviricetes
5516.AF.hifi_reads	9_2019_F4_1	5516.S.hifi_reads_s458.ctg000478l||full	19860	0.1643001007049345	0.1643001007049345	0.111863	0.000405379	5516.S.hifi_reads_s458.ctg000478l||full	Megaviricetes
5516.AF.hifi_reads	9_2019_F4_1	5516.S.hifi_reads_s470.ctg000491l||full	21845	0.1897001602197299	0.1897001602197299	0.129157	0.000468049	5516.S.hifi_reads_s470.ctg000491l||full	Megaviricetes
5516.AF.hifi_reads	9_2019_F4_1	5516_AB_hifi_reads_s624.ctg000625l||full	13807	0.3206344607807634	0.3206344607807634	0.218303	0.000791104	5516_AB_hifi_reads_s624.ctg000625l||full	Megaviricetes
5516.AG.hifi_reads	6_2020_F4_2	5068_N_run562_hifi_trimmed_deduplicated_s72.ctg000078l||full	34379	0.2353762471276069	0.2353762471276069	0.212824	0.000586681	5068_N_run562_hifi_trimmed_deduplicated_s72.ctg000078l||full	Megaviricetes
5516.AG.hifi_reads	6_2020_F4_2	5516.AE.hifi_reads_s2440.ctg002481l||full	29943	0.255752596600207	0.2918211268076011	0.263861	0.000727371	5516.AE.hifi_reads_s2440.ctg002481l||full	Megaviricetes
5516.AG.hifi_reads	6_2020_F4_2	5516.AE.hifi_reads_s2935.ctg002980l||full	21281	0.0995723885155772	0.0995723885155772	0.0900321	0.000248186	5516.AE.hifi_reads_s2935.ctg002980l||full	Megaviricetes
5516.AG.hifi_reads	6_2020_F4_2	5516.AH.hifi_reads_s2073.ctg002076l||full_1	13069	0.3272629887520085	0.3272629887520085	0.295907	0.00081571	5516.AH.hifi_reads_s2073.ctg002076l||full_1	Megaviricetes
5516.AG.hifi_reads	6_2020_F4_2	5516.AH.hifi_reads_s2869.ctg002872l||full	14752	0.3249050976138828	0.3249050976138828	0.293775	0.000809833	5516.AH.hifi_reads_s2869.ctg002872l||full	Megaviricetes
5516.AG.hifi_reads	6_2020_F4_2	5516.I.hifi_reads_s121.ctg000122l||full	108794	0.1218541463683659	0.1218541463683659	0.110179	0.000303724	5516.I.hifi_reads_s121.ctg000122l||full	Megaviricetes
5516.AG.hifi_reads	6_2020_F4_2	5516.I.hifi_reads_s204.ctg000206l||full	26872	0.273295623697529	0.273295623697529	0.24711	0.000681195	5516.I.hifi_reads_s204.ctg000206l||full	Megaviricetes
5516.AG.hifi_reads	6_2020_F4_2	5516.I.hifi_reads_s499.ctg000511l||full_1	125104	0.2435973270239161	0.2650434838214605	0.239649	0.000660627	5516.I.hifi_reads_s499.ctg000511l||full_1	Megaviricetes
5516.AG.hifi_reads	6_2020_F4_2	5516.I.hifi_reads_s521.ctg000536l||full_1	53345	0.0649170493954447	0.0649170493954447	0.0586972	0.000161807	5516.I.hifi_reads_s521.ctg000536l||full_1	Megaviricetes
5516.AG.hifi_reads	6_2020_F4_2	5516.I.hifi_reads_s532.ctg000548l||full	72062	0.1066026477200188	0.1319141850073547	0.119275	0.000328799	5516.I.hifi_reads_s532.ctg000548l||full	Megaviricetes
5516.AG.hifi_reads	6_2020_F4_2	5516.J.hifi_reads_s1157.ctg001161l||full	21774	0.4146688711307063	0.4146688711307063	0.374938	0.00103357	5516.J.hifi_reads_s1157.ctg001161l||full	Megaviricetes
5516.AG.hifi_reads	6_2020_F4_2	5516.J.hifi_reads_s1319.ctg001323l||full	48218	0.0591480360031523	0.0591480360031523	0.0534809	0.000147428	5516.J.hifi_reads_s1319.ctg001323l||full	Megaviricetes
5516.AG.hifi_reads	6_2020_F4_2	5516.J.hifi_reads_s1458.ctg001463l||full	35889	0.0734208253225222	0.0734208253225222	0.0663862	0.000183003	5516.J.hifi_reads_s1458.ctg001463l||full	Megaviricetes
5516.AG.hifi_reads	6_2020_F4_2	5516.J.hifi_reads_s1606.ctg001613l||full	26581	0.2016854143937398	0.2016854143937398	0.182361	0.000502705	5516.J.hifi_reads_s1606.ctg001613l||full	Megaviricetes
5516.AG.hifi_reads	6_2020_F4_2	5516.J.hifi_reads_s228.ctg000231l||full	17113	0.114240635773973	0.114240635773973	0.103295	0.000284747	5516.J.hifi_reads_s228.ctg000231l||full	Megaviricetes
5516.AG.hifi_reads	6_2020_F4_2	5516.J.hifi_reads_s293.ctg000296l||full	44247	0.0860623319095079	0.0860623319095079	0.0778165	0.000214512	5516.J.hifi_reads_s293.ctg000296l||full	Megaviricetes
5516.AG.hifi_reads	6_2020_F4_2	5516.J.hifi_reads_s336.ctg000339l||full	31858	0.2149852470337121	0.2149852470337121	0.194387	0.000535856	5516.J.hifi_reads_s336.ctg000339l||full	Megaviricetes
5516.AG.hifi_reads	6_2020_F4_2	5516.J.hifi_reads_s682.ctg000685l||full	63094	0.1017370906900814	0.1017370906900814	0.0919894	0.000253582	5516.J.hifi_reads_s682.ctg000685l||full	Megaviricetes
5516.AG.hifi_reads	6_2020_F4_2	5516.K.hifi_reads_s168.ctg000174l||full	26529	0.0901277846884541	0.0901277846884541	0.0814924	0.000224646	5516.K.hifi_reads_s168.ctg000174l||full	Megaviricetes
5516.AG.hifi_reads	6_2020_F4_2	5516.K.hifi_reads_s559.ctg000568l||full	16736	0.096916826003824	0.096916826003824	0.087631	0.000241567	5516.K.hifi_reads_s559.ctg000568l||full	Megaviricetes
5516.AG.hifi_reads	6_2020_F4_2	5516.S.hifi_reads_s1.ctg000002l||full	41765	0.0947444032084281	0.0947444032084281	0.0856667	0.000236153	5516.S.hifi_reads_s1.ctg000002l||full	Megaviricetes
5516.AG.hifi_reads	6_2020_F4_2	5516.S.hifi_reads_s24.ctg000025l||full	27110	0.2388048690520103	0.2793803024714127	0.252612	0.000696362	5516.S.hifi_reads_s24.ctg000025l||full	Megaviricetes
5516.AG.hifi_reads	6_2020_F4_2	5516_AB_hifi_reads_s155.ctg000156l||full	28602	0.1335920564995454	0.1335920564995454	0.120792	0.000332981	5516_AB_hifi_reads_s155.ctg000156l||full	Megaviricetes
5516.AG.hifi_reads	6_2020_F4_2	5516_AB_hifi_reads_s207.ctg000208l||full	26340	0.246545178435839	0.246545178435839	0.222923	0.000614519	5516_AB_hifi_reads_s207.ctg000208l||full	Megaviricetes
5516.AG.hifi_reads	6_2020_F4_2	5516_AB_hifi_reads_s212.ctg000213l||full	38847	0.0430921306664607	0.0430921306664607	0.0389634	0.000107408	5516_AB_hifi_reads_s212.ctg000213l||full	Megaviricetes
5516.AG.hifi_reads	6_2020_F4_2	5516_AB_hifi_reads_s61.ctg000062l||full	19927	0.2010839564410096	0.280072263762734	0.253238	0.000698086	5516_AB_hifi_reads_s61.ctg000062l||full	Megaviricetes
5516.AG.hifi_reads	6_2020_F4_2	5516_AB_hifi_reads_s624.ctg000625l||full	13807	0.3048453682914464	0.3048453682914464	0.275637	0.000759834	5516_AB_hifi_reads_s624.ctg000625l||full	Megaviricetes
5516.AH.hifi_reads	7_2020_F4_1	5068_M_run562_hifi_trimmed_deduplicated_s2872.ctg002873l||full	17001	0.3040997588377154	0.3040997588377154	0.184833	0.000564612	5068_M_run562_hifi_trimmed_deduplicated_s2872.ctg002873l||full	Megaviricetes
5516.AH.hifi_reads	7_2020_F4_1	5068_N_run562_hifi_trimmed_deduplicated_s1960.ctg002023l||full	28482	0.0947616038199564	0.0947616038199564	0.0575966	0.000175941	5068_N_run562_hifi_trimmed_deduplicated_s1960.ctg002023l||full	Megaviricetes
5516.AH.hifi_reads	7_2020_F4_1	5068_N_run562_hifi_trimmed_deduplicated_s2239.ctg002313l||full	31632	0.3615010116337885	0.4025354071825999	0.244663	0.000747374	5068_N_run562_hifi_trimmed_deduplicated_s2239.ctg002313l||full	Megaviricetes
5516.AH.hifi_reads	7_2020_F4_1	5068_N_run562_hifi_trimmed_deduplicated_s2646.ctg002734l||full	34651	0.038642463420969	0.038642463420969	0.0234871	7.17461e-05	5068_N_run562_hifi_trimmed_deduplicated_s2646.ctg002734l||full	Megaviricetes
5516.AH.hifi_reads	7_2020_F4_1	5068_N_run562_hifi_trimmed_deduplicated_s2831.ctg002928l||full	20798	0.2488700836618905	0.2488700836618905	0.151264	0.000462068	5068_N_run562_hifi_trimmed_deduplicated_s2831.ctg002928l||full	Megaviricetes
5516.AH.hifi_reads	7_2020_F4_1	5068_N_run562_hifi_trimmed_deduplicated_s3686.ctg003811l||full	27572	0.2045190773248222	0.2490570143623966	0.151378	0.000462416	5068_N_run562_hifi_trimmed_deduplicated_s3686.ctg003811l||full	Megaviricetes
5516.AH.hifi_reads	7_2020_F4_1	5068_N_run562_hifi_trimmed_deduplicated_s3952.ctg004086l||full	17211	0.2519319040148742	0.2519319040148742	0.153125	0.000467753	5068_N_run562_hifi_trimmed_deduplicated_s3952.ctg004086l||full	Megaviricetes
5516.AH.hifi_reads	7_2020_F4_1	5068_N_run562_hifi_trimmed_deduplicated_s4323.ctg004477l||full	24242	0.1278359871297747	0.1642191238346671	0.0998132	0.0003049	5068_N_run562_hifi_trimmed_deduplicated_s4323.ctg004477l||full	Megaviricetes
5516.AH.hifi_reads	7_2020_F4_1	5068_N_run562_hifi_trimmed_deduplicated_s4481.ctg004642l||full	19699	0.4567744555561196	0.4871313264632722	0.296081	0.00090444	5068_N_run562_hifi_trimmed_deduplicated_s4481.ctg004642l||full	Megaviricetes
5516.AH.hifi_reads	7_2020_F4_1	5068_N_run562_hifi_trimmed_deduplicated_s5662.ctg005890l||full	24930	0.2570798235058162	0.2570798235058162	0.156254	0.000477311	5068_N_run562_hifi_trimmed_deduplicated_s5662.ctg005890l||full	Megaviricetes
5516.AH.hifi_reads	7_2020_F4_1	5068_N_run562_hifi_trimmed_deduplicated_s72.ctg000078l||full	34379	0.3930888042118735	0.581023299107013	0.353149	0.00107877	5068_N_run562_hifi_trimmed_deduplicated_s72.ctg000078l||full	Megaviricetes
5516.AH.hifi_reads	7_2020_F4_1	5068_N_run562_hifi_trimmed_deduplicated_s911.ctg000943l||full	49062	0.5228486404956993	0.7364559129265011	0.447622	0.00136735	5068_N_run562_hifi_trimmed_deduplicated_s911.ctg000943l||full	Megaviricetes
5516.AH.hifi_reads	7_2020_F4_1	5516.AE.hifi_reads_s2440.ctg002481l||full	29943	0.6525398256687707	0.8551915305747587	0.51979	0.0015878	5516.AE.hifi_reads_s2440.ctg002481l||full	Megaviricetes
5516.AH.hifi_reads	7_2020_F4_1	5516.AE.hifi_reads_s2935.ctg002980l||full	21281	0.6875616747333302	0.7564964052441144	0.459802	0.00140456	5516.AE.hifi_reads_s2935.ctg002980l||full	Megaviricetes
5516.AH.hifi_reads	7_2020_F4_1	5516.AH.hifi_reads_s2073.ctg002076l||full_1	13069	0.9980105593388936	1.8606626367740453	1.13092	0.00345463	5516.AH.hifi_reads_s2073.ctg002076l||full_1	Megaviricetes
5516.AH.hifi_reads	7_2020_F4_1	5516.AH.hifi_reads_s2839.ctg002842l||full	20206	0.7767989706027912	0.9000296941502524	0.547043	0.00167105	5516.AH.hifi_reads_s2839.ctg002842l||full	Megaviricetes
5516.AH.hifi_reads	7_2020_F4_1	5516.AH.hifi_reads_s2869.ctg002872l||full	14752	0.9999322125813448	1.4303823210412148	0.869394	0.00265574	5516.AH.hifi_reads_s2869.ctg002872l||full	Megaviricetes
5516.AH.hifi_reads	7_2020_F4_1	5516.AH.hifi_reads_s3350.ctg003354l||full_1	12839	0.7286393021263339	1.0312329620686969	0.626789	0.00191465	5516.AH.hifi_reads_s3350.ctg003354l||full_1	Megaviricetes
5516.AH.hifi_reads	7_2020_F4_1	5516.AH.hifi_reads_s5194.ctg005203l||full	13088	0.7983649144254279	0.7983649144254279	0.48525	0.0014823	5516.AH.hifi_reads_s5194.ctg005203l||full	Megaviricetes
5516.AH.hifi_reads	7_2020_F4_1	5516.AH.hifi_reads_s6697.ctg006711l||full	16534	0.9998185557033992	1.5227410185073182	0.92553	0.00282722	5516.AH.hifi_reads_s6697.ctg006711l||full	Megaviricetes
5516.AH.hifi_reads	7_2020_F4_1	5516.I.hifi_reads_s121.ctg000122l||full	108794	0.2652995569608618	0.3860966597422652	0.234671	0.000716852	5516.I.hifi_reads_s121.ctg000122l||full	Megaviricetes
5516.AH.hifi_reads	7_2020_F4_1	5516.I.hifi_reads_s187.ctg000189l||full	21504	0.1355096726190476	0.1355096726190476	0.0823635	0.000251596	5516.I.hifi_reads_s187.ctg000189l||full	Megaviricetes
5516.AH.hifi_reads	7_2020_F4_1	5516.I.hifi_reads_s204.ctg000206l||full	26872	0.217103304554927	0.217103304554927	0.131956	0.000403088	5516.I.hifi_reads_s204.ctg000206l||full	Megaviricetes
5516.AH.hifi_reads	7_2020_F4_1	5516.I.hifi_reads_s372.ctg000376l||full	21102	0.2692161880390484	0.2692161880390484	0.163631	0.000499844	5516.I.hifi_reads_s372.ctg000376l||full	Megaviricetes
5516.AH.hifi_reads	7_2020_F4_1	5516.I.hifi_reads_s499.ctg000511l||full_1	125104	0.7270111267425502	1.0405822355799974	0.632471	0.00193201	5516.I.hifi_reads_s499.ctg000511l||full_1	Megaviricetes
5516.AH.hifi_reads	7_2020_F4_1	5516.I.hifi_reads_s521.ctg000536l||full_1	53345	0.3866904114724904	0.5137688630612054	0.312271	0.000953897	5516.I.hifi_reads_s521.ctg000536l||full_1	Megaviricetes
5516.AH.hifi_reads	7_2020_F4_1	5516.I.hifi_reads_s532.ctg000548l||full	72062	0.3781188421081846	0.7031861452638006	0.4274	0.00130558	5516.I.hifi_reads_s532.ctg000548l||full	Megaviricetes
5516.AH.hifi_reads	7_2020_F4_1	5516.J.hifi_reads_s1061.ctg001065l||full	19185	0.3307271305707584	0.3447485014334115	0.20954	0.000640083	5516.J.hifi_reads_s1061.ctg001065l||full	Megaviricetes
5516.AH.hifi_reads	7_2020_F4_1	5516.J.hifi_reads_s1068.ctg001072l||full	14958	0.078486428666934	0.078486428666934	0.0477044	0.000145723	5516.J.hifi_reads_s1068.ctg001072l||full	Megaviricetes
5516.AH.hifi_reads	7_2020_F4_1	5516.J.hifi_reads_s1157.ctg001161l||full	21774	0.3320473959768531	0.3320473959768531	0.20182	0.000616501	5516.J.hifi_reads_s1157.ctg001161l||full	Megaviricetes
5516.AH.hifi_reads	7_2020_F4_1	5516.J.hifi_reads_s1203.ctg001207l||full	33814	0.329153605015674	0.347075175962619	0.210954	0.000644402	5516.J.hifi_reads_s1203.ctg001207l||full	Megaviricetes
5516.AH.hifi_reads	7_2020_F4_1	5516.J.hifi_reads_s1319.ctg001323l||full	48218	0.222033265585466	0.222033265585466	0.134953	0.000412241	5516.J.hifi_reads_s1319.ctg001323l||full	Megaviricetes
5516.AH.hifi_reads	7_2020_F4_1	5516.J.hifi_reads_s1458.ctg001463l||full	35889	0.2303491320460308	0.2303491320460308	0.140007	0.000427681	5516.J.hifi_reads_s1458.ctg001463l||full	Megaviricetes
5516.AH.hifi_reads	7_2020_F4_1	5516.J.hifi_reads_s1606.ctg001613l||full	26581	0.1729430796433542	0.1729430796433542	0.105116	0.000321097	5516.J.hifi_reads_s1606.ctg001613l||full	Megaviricetes
5516.AH.hifi_reads	7_2020_F4_1	5516.J.hifi_reads_s1797.ctg001805l||full	24644	0.2422496347995455	0.2422496347995455	0.147241	0.000449777	5516.J.hifi_reads_s1797.ctg001805l||full	Megaviricetes
5516.AH.hifi_reads	7_2020_F4_1	5516.J.hifi_reads_s228.ctg000231l||full	17113	0.2299421492432653	0.2299421492432653	0.13976	0.000426926	5516.J.hifi_reads_s228.ctg000231l||full	Megaviricetes
5516.AH.hifi_reads	7_2020_F4_1	5516.J.hifi_reads_s236.ctg000239l||full	41038	0.173668307422389	0.173668307422389	0.105556	0.000322444	5516.J.hifi_reads_s236.ctg000239l||full	Megaviricetes
5516.AH.hifi_reads	7_2020_F4_1	5516.J.hifi_reads_s293.ctg000296l||full	44247	0.3726128325084186	0.8200781973919136	0.498448	0.00152261	5516.J.hifi_reads_s293.ctg000296l||full	Megaviricetes
5516.AH.hifi_reads	7_2020_F4_1	5516.J.hifi_reads_s336.ctg000339l||full	31858	0.478937786427271	0.478937786427271	0.291101	0.000889227	5516.J.hifi_reads_s336.ctg000339l||full	Megaviricetes
5516.AH.hifi_reads	7_2020_F4_1	5516.J.hifi_reads_s682.ctg000685l||full	63094	0.1920467873331854	0.2255206517259961	0.137073	0.000418716	5516.J.hifi_reads_s682.ctg000685l||full	Megaviricetes
5516.AH.hifi_reads	7_2020_F4_1	5516.K.hifi_reads_s168.ctg000174l||full	26529	0.1899053865581062	0.1899053865581062	0.115425	0.000352591	5516.K.hifi_reads_s168.ctg000174l||full	Megaviricetes
5516.AH.hifi_reads	7_2020_F4_1	5516.K.hifi_reads_s275.ctg000282l||full	11450	0.3162445414847161	0.3839301310043668	0.233355	0.00071283	5516.K.hifi_reads_s275.ctg000282l||full	Megaviricetes
5516.AH.hifi_reads	7_2020_F4_1	5516.K.hifi_reads_s559.ctg000568l||full	16736	0.0786328871892925	0.0786328871892925	0.0477935	0.000145995	5516.K.hifi_reads_s559.ctg000568l||full	Megaviricetes
5516.AH.hifi_reads	7_2020_F4_1	5516.S.hifi_reads_s1.ctg000002l||full	41765	0.0833473003711241	0.0833473003711241	0.0506589	0.000154748	5516.S.hifi_reads_s1.ctg000002l||full	Megaviricetes
5516.AH.hifi_reads	7_2020_F4_1	5516.S.hifi_reads_s169.ctg000173l||full	26528	0.2078558504221954	0.2078558504221954	0.126336	0.000385919	5516.S.hifi_reads_s169.ctg000173l||full	Megaviricetes
5516.AH.hifi_reads	7_2020_F4_1	5516.S.hifi_reads_s24.ctg000025l||full	27110	0.4393212836591663	0.5237919586868315	0.318363	0.000972506	5516.S.hifi_reads_s24.ctg000025l||full	Megaviricetes
5516.AH.hifi_reads	7_2020_F4_1	5516.S.hifi_reads_s421.ctg000440l||full	12909	0.1707335967154698	0.1707335967154698	0.103773	0.000316995	5516.S.hifi_reads_s421.ctg000440l||full	Megaviricetes
5516.AH.hifi_reads	7_2020_F4_1	5516.S.hifi_reads_s441.ctg000460l||full	24898	0.1480440195999678	0.1480440195999678	0.0899819	0.000274868	5516.S.hifi_reads_s441.ctg000460l||full	Megaviricetes
5516.AH.hifi_reads	7_2020_F4_1	5516.S.hifi_reads_s458.ctg000478l||full	19860	0.1892749244712991	0.1892749244712991	0.115042	0.00035142	5516.S.hifi_reads_s458.ctg000478l||full	Megaviricetes
5516.AH.hifi_reads	7_2020_F4_1	5516_AB_hifi_reads_s155.ctg000156l||full	28602	0.5370253828403608	0.6543248723865464	0.397702	0.00121486	5516_AB_hifi_reads_s155.ctg000156l||full	Megaviricetes
5516.AH.hifi_reads	7_2020_F4_1	5516_AB_hifi_reads_s156.ctg000157l||full	31855	0.4325851514675875	0.4325851514675875	0.262927	0.000803166	5516_AB_hifi_reads_s156.ctg000157l||full	Megaviricetes
5516.AH.hifi_reads	7_2020_F4_1	5516_AB_hifi_reads_s162.ctg000163l||full	19004	0.2075878762365817	0.2075878762365817	0.126173	0.000385421	5516_AB_hifi_reads_s162.ctg000163l||full	Megaviricetes
5516.AH.hifi_reads	7_2020_F4_1	5516_AB_hifi_reads_s181.ctg000182l||full	11270	0.3919254658385093	0.3919254658385093	0.238214	0.000727674	5516_AB_hifi_reads_s181.ctg000182l||full	Megaviricetes
5516.AH.hifi_reads	7_2020_F4_1	5516_AB_hifi_reads_s194.ctg000195l||full	29105	0.1061673252018553	0.1061673252018553	0.064529	0.000197117	5516_AB_hifi_reads_s194.ctg000195l||full	Megaviricetes
5516.AH.hifi_reads	7_2020_F4_1	5516_AB_hifi_reads_s207.ctg000208l||full	26340	0.3336370539104024	0.3841305998481397	0.233477	0.000713202	5516_AB_hifi_reads_s207.ctg000208l||full	Megaviricetes
5516.AH.hifi_reads	7_2020_F4_1	5516_AB_hifi_reads_s212.ctg000213l||full	38847	0.0139779133523824	0.0139779133523824	0.00849585	2.59523e-05	5516_AB_hifi_reads_s212.ctg000213l||full	Megaviricetes
5516.AH.hifi_reads	7_2020_F4_1	5516_AB_hifi_reads_s312.ctg000313l||full	34290	0.2383785360163313	0.2939049285505978	0.178637	0.000545683	5516_AB_hifi_reads_s312.ctg000313l||full	Megaviricetes
5516.AH.hifi_reads	7_2020_F4_1	5516_AB_hifi_reads_s512.ctg000513l||full	19603	0.1614548793552007	0.1614548793552007	0.0981331	0.000299768	5516_AB_hifi_reads_s512.ctg000513l||full	Megaviricetes
5516.AH.hifi_reads	7_2020_F4_1	5516_AB_hifi_reads_s578.ctg000579l||full	33280	0.0143028846153846	0.0143028846153846	0.00869337	2.65557e-05	5516_AB_hifi_reads_s578.ctg000579l||full	Megaviricetes
5516.AH.hifi_reads	7_2020_F4_1	5516_AB_hifi_reads_s61.ctg000062l||full	19927	0.2161890901791539	0.2161890901791539	0.131401	0.000401391	5516_AB_hifi_reads_s61.ctg000062l||full	Megaviricetes
5516.AH.hifi_reads	7_2020_F4_1	5516_AB_hifi_reads_s624.ctg000625l||full	13807	0.2796407619323531	0.2796407619323531	0.169967	0.000519199	5516_AB_hifi_reads_s624.ctg000625l||full	Megaviricetes
5516.AH.hifi_reads	7_2020_F4_1	5516_AB_hifi_reads_s667.ctg000668l||full	24396	0.6303082472536481	0.7349155599278571	0.446685	0.00136449	5516_AB_hifi_reads_s667.ctg000668l||full	Megaviricetes
5516.AI.hifi_reads	7_2020_F4_2	5068_N_run562_hifi_trimmed_deduplicated_s1960.ctg002023l||full	28482	0.0340917070430447	0.0340917070430447	0.269337	0.000991038	5068_N_run562_hifi_trimmed_deduplicated_s1960.ctg002023l||full	Megaviricetes
5516.AI.hifi_reads	7_2020_F4_2	5068_N_run562_hifi_trimmed_deduplicated_s2239.ctg002313l||full	31632	0.0169764795144157	0.0169764795144157	0.13412	0.000493502	5068_N_run562_hifi_trimmed_deduplicated_s2239.ctg002313l||full	Megaviricetes
5516.AI.hifi_reads	7_2020_F4_2	5068_N_run562_hifi_trimmed_deduplicated_s2646.ctg002734l||full	34651	0.0168537704539551	0.0168537704539551	0.133151	0.000489935	5068_N_run562_hifi_trimmed_deduplicated_s2646.ctg002734l||full	Megaviricetes
5516.AI.hifi_reads	7_2020_F4_2	5068_N_run562_hifi_trimmed_deduplicated_s2831.ctg002928l||full	20798	0.0834695643811905	0.119146071737667	0.941297	0.00346355	5068_N_run562_hifi_trimmed_deduplicated_s2831.ctg002928l||full	Megaviricetes
5516.AI.hifi_reads	7_2020_F4_2	5068_N_run562_hifi_trimmed_deduplicated_s3416.ctg003532l||full	22159	0.063089489597906	0.063089489597906	0.49843	0.001834	5068_N_run562_hifi_trimmed_deduplicated_s3416.ctg003532l||full	Megaviricetes
5516.AI.hifi_reads	7_2020_F4_2	5068_N_run562_hifi_trimmed_deduplicated_s3686.ctg003811l||full	27572	0.0839257217466995	0.0839257217466995	0.663043	0.0024397	5068_N_run562_hifi_trimmed_deduplicated_s3686.ctg003811l||full	Megaviricetes
5516.AI.hifi_reads	7_2020_F4_2	5068_N_run562_hifi_trimmed_deduplicated_s3952.ctg004086l||full	17211	0.0461913892278194	0.0461913892278194	0.364929	0.00134277	5068_N_run562_hifi_trimmed_deduplicated_s3952.ctg004086l||full	Megaviricetes
5516.AI.hifi_reads	7_2020_F4_2	5068_N_run562_hifi_trimmed_deduplicated_s4323.ctg004477l||full	24242	0.1258559524791684	0.1258559524791684	0.994307	0.0036586	5068_N_run562_hifi_trimmed_deduplicated_s4323.ctg004477l||full	Megaviricetes
5516.AI.hifi_reads	7_2020_F4_2	5068_N_run562_hifi_trimmed_deduplicated_s4481.ctg004642l||full	19699	0.0535560180719833	0.0535560180719833	0.423112	0.00155686	5068_N_run562_hifi_trimmed_deduplicated_s4481.ctg004642l||full	Megaviricetes
5516.AI.hifi_reads	7_2020_F4_2	5068_N_run562_hifi_trimmed_deduplicated_s4602.ctg004769l||full	25339	0.0590788902482339	0.0590788902482339	0.466745	0.00171741	5068_N_run562_hifi_trimmed_deduplicated_s4602.ctg004769l||full	Megaviricetes
5516.AI.hifi_reads	7_2020_F4_2	5068_N_run562_hifi_trimmed_deduplicated_s72.ctg000078l||full	34379	0.0283603362517816	0.0283603362517816	0.224057	0.000824428	5068_N_run562_hifi_trimmed_deduplicated_s72.ctg000078l||full	Megaviricetes
5516.AI.hifi_reads	7_2020_F4_2	5068_N_run562_hifi_trimmed_deduplicated_s911.ctg000943l||full	49062	0.0543190249072602	0.0543190249072602	0.42914	0.00157904	5068_N_run562_hifi_trimmed_deduplicated_s911.ctg000943l||full	Megaviricetes
5516.AI.hifi_reads	7_2020_F4_2	5516.AE.hifi_reads_s2440.ctg002481l||full	29943	0.1360251143839962	0.1360251143839962	1.07465	0.00395422	5516.AE.hifi_reads_s2440.ctg002481l||full	Megaviricetes
5516.AI.hifi_reads	7_2020_F4_2	5516.AE.hifi_reads_s2935.ctg002980l||full	21281	0.0821859875005873	0.0821859875005873	0.649299	0.00238913	5516.AE.hifi_reads_s2935.ctg002980l||full	Megaviricetes
5516.AI.hifi_reads	7_2020_F4_2	5516.AE.hifi_reads_s993.ctg001017l||full	17436	0.1709107593484744	0.1709107593484744	1.35026	0.00496834	5516.AE.hifi_reads_s993.ctg001017l||full	Megaviricetes
5516.AI.hifi_reads	7_2020_F4_2	5516.AH.hifi_reads_s2839.ctg002842l||full	20206	0.0546372364644165	0.0546372364644165	0.431654	0.00158829	5516.AH.hifi_reads_s2839.ctg002842l||full	Megaviricetes
5516.AI.hifi_reads	7_2020_F4_2	5516.I.hifi_reads_s121.ctg000122l||full	108794	0.0353512142213725	0.0514274684265676	0.406296	0.00149498	5516.I.hifi_reads_s121.ctg000122l||full	Megaviricetes
5516.AI.hifi_reads	7_2020_F4_2	5516.I.hifi_reads_s499.ctg000511l||full_1	125104	0.1939826064714157	0.1939826064714157	1.53253	0.00563903	5516.I.hifi_reads_s499.ctg000511l||full_1	Megaviricetes
5516.AI.hifi_reads	7_2020_F4_2	5516.I.hifi_reads_s532.ctg000548l||full	72062	0.14681801781799	0.2114151702700452	1.67026	0.00614579	5516.I.hifi_reads_s532.ctg000548l||full	Megaviricetes
5516.AI.hifi_reads	7_2020_F4_2	5516.J.hifi_reads_s1061.ctg001065l||full	19185	0.1148814177743028	0.1148814177743028	0.907605	0.00333958	5516.J.hifi_reads_s1061.ctg001065l||full	Megaviricetes
5516.AI.hifi_reads	7_2020_F4_2	5516.J.hifi_reads_s1203.ctg001207l||full	33814	0.0915301354468563	0.0915301354468563	0.723121	0.00266076	5516.J.hifi_reads_s1203.ctg001207l||full	Megaviricetes
5516.AI.hifi_reads	7_2020_F4_2	5516.J.hifi_reads_s1319.ctg001323l||full	48218	0.0360031523497449	0.0360031523497449	0.284438	0.0010466	5516.J.hifi_reads_s1319.ctg001323l||full	Megaviricetes
5516.AI.hifi_reads	7_2020_F4_2	5516.J.hifi_reads_s1458.ctg001463l||full	35889	0.0291732842932374	0.0291732842932374	0.230479	0.000848061	5516.J.hifi_reads_s1458.ctg001463l||full	Megaviricetes
5516.AI.hifi_reads	7_2020_F4_2	5516.J.hifi_reads_s1496.ctg001501l||full	31019	0.0138624713885038	0.0138624713885038	0.109519	0.000402979	5516.J.hifi_reads_s1496.ctg001501l||full	Megaviricetes
5516.AI.hifi_reads	7_2020_F4_2	5516.J.hifi_reads_s228.ctg000231l||full	17113	0.0835037690644539	0.0835037690644539	0.65971	0.00242744	5516.J.hifi_reads_s228.ctg000231l||full	Megaviricetes
5516.AI.hifi_reads	7_2020_F4_2	5516.J.hifi_reads_s336.ctg000339l||full	31858	0.0661686232657417	0.0661686232657417	0.522756	0.00192351	5516.J.hifi_reads_s336.ctg000339l||full	Megaviricetes
5516.AI.hifi_reads	7_2020_F4_2	5516.J.hifi_reads_s914.ctg000917l||full	17680	0.0402714932126696	0.0402714932126696	0.318159	0.00117068	5516.J.hifi_reads_s914.ctg000917l||full	Megaviricetes
5516.AI.hifi_reads	7_2020_F4_2	5516.K.hifi_reads_s128.ctg000132l||full	16992	0.0295433145009416	0.0295433145009416	0.233403	0.000858817	5516.K.hifi_reads_s128.ctg000132l||full	Megaviricetes
5516.AI.hifi_reads	7_2020_F4_2	5516.K.hifi_reads_s168.ctg000174l||full	26529	0.1802555693769083	0.1810848505409175	1.43064	0.00526409	5516.K.hifi_reads_s168.ctg000174l||full	Megaviricetes
5516.AI.hifi_reads	7_2020_F4_2	5516.S.hifi_reads_s1.ctg000002l||full	41765	0.0365377708607685	0.0365377708607685	0.288662	0.00106214	5516.S.hifi_reads_s1.ctg000002l||full	Megaviricetes
5516.AI.hifi_reads	7_2020_F4_2	5516.S.hifi_reads_s169.ctg000173l||full	26528	0.0425965018094089	0.0425965018094089	0.336528	0.00123827	5516.S.hifi_reads_s169.ctg000173l||full	Megaviricetes
5516.AI.hifi_reads	7_2020_F4_2	5516.S.hifi_reads_s24.ctg000025l||full	27110	0.0420509037255625	0.0420509037255625	0.332217	0.00122241	5516.S.hifi_reads_s24.ctg000025l||full	Megaviricetes
5516.AI.hifi_reads	7_2020_F4_2	5516.S.hifi_reads_s441.ctg000460l||full	24898	0.0651056309743754	0.0651056309743754	0.514358	0.00189261	5516.S.hifi_reads_s441.ctg000460l||full	Megaviricetes
5516.AI.hifi_reads	7_2020_F4_2	5516.S.hifi_reads_s458.ctg000478l||full	19860	0.0858509566968781	0.0953675730110775	0.753438	0.00277231	5516.S.hifi_reads_s458.ctg000478l||full	Megaviricetes
5516.AI.hifi_reads	7_2020_F4_2	5516_AB_hifi_reads_s312.ctg000313l||full	34290	0.1409740449110527	0.1409740449110527	1.11375	0.00409808	5516_AB_hifi_reads_s312.ctg000313l||full	Megaviricetes
5516.B.hifi_reads	12_2019_F4_1	5516.G.hifi_reads_s1412.ctg001430l||full	41548	0.378935207470877	0.5548762876672764	0.268835	0.00101015	5516.G.hifi_reads_s1412.ctg001430l||full	Megaviricetes
5516.B.hifi_reads	12_2019_F4_1	5516_AB_hifi_reads_s156.ctg000157l||full	31855	0.1563333856537435	0.1563333856537435	0.0757427	0.000284605	5516_AB_hifi_reads_s156.ctg000157l||full	Megaviricetes
5516.B.hifi_reads	12_2019_F4_1	5516_AB_hifi_reads_s207.ctg000208l||full	26340	0.2569096431283219	0.2569096431283219	0.124471	0.000467704	5516_AB_hifi_reads_s207.ctg000208l||full	Megaviricetes
5516.C.hifi_reads	1_2020_F4_1	5516.G.hifi_reads_s1412.ctg001430l||full	41548	0.4194666409935496	0.4194666409935496	0.40598	0.00138667	5516.G.hifi_reads_s1412.ctg001430l||full	Megaviricetes
5516.C.hifi_reads	1_2020_F4_1	5516.G.hifi_reads_s745.ctg000756l||full_1	34066	0.2671872247989197	0.3813186168026771	0.369059	0.00126056	5516.G.hifi_reads_s745.ctg000756l||full_1	Megaviricetes
5516.C.hifi_reads	1_2020_F4_1	5516.I.hifi_reads_s204.ctg000206l||full	26872	0.0151830902054182	0.0151830902054182	0.0146949	5.0192e-05	5516.I.hifi_reads_s204.ctg000206l||full	Megaviricetes
5516.C.hifi_reads	1_2020_F4_1	5516.J.hifi_reads_s336.ctg000339l||full	31858	0.3258836085127754	0.3258836085127754	0.315406	0.0010773	5516.J.hifi_reads_s336.ctg000339l||full	Megaviricetes
5516.C.hifi_reads	1_2020_F4_1	5516.J.hifi_reads_s682.ctg000685l||full	63094	0.1234348749484895	0.1234348749484895	0.119466	0.000408049	5516.J.hifi_reads_s682.ctg000685l||full	Megaviricetes
5516.C.hifi_reads	1_2020_F4_1	5516.S.hifi_reads_s1.ctg000002l||full	41765	0.2257631988507123	0.2257631988507123	0.218505	0.000746325	5516.S.hifi_reads_s1.ctg000002l||full	Megaviricetes
5516.C.hifi_reads	1_2020_F4_1	5516_AB_hifi_reads_s207.ctg000208l||full	26340	0.2796507213363705	0.2796507213363705	0.27066	0.000924465	5516_AB_hifi_reads_s207.ctg000208l||full	Megaviricetes
5516.C.hifi_reads	1_2020_F4_1	5516_AB_hifi_reads_s312.ctg000313l||full	34290	0.3365412656751239	0.3365412656751239	0.325721	0.00111253	5516_AB_hifi_reads_s312.ctg000313l||full	Megaviricetes
5516.D.hifi_reads	2_2020_F4_2	5516.G.hifi_reads_s1412.ctg001430l||full	41548	0.2762106479252912	0.2762106479252912	0.187967	0.0006727	5516.G.hifi_reads_s1412.ctg001430l||full	Megaviricetes
5516.D.hifi_reads	2_2020_F4_2	5516.G.hifi_reads_s745.ctg000756l||full_1	34066	0.1442200434450772	0.1442200434450772	0.0981447	0.000351242	5516.G.hifi_reads_s745.ctg000756l||full_1	Megaviricetes
5516.D.hifi_reads	2_2020_F4_2	5516.I.hifi_reads_s499.ctg000511l||full_1	125104	0.0453382785522445	0.0453382785522445	0.0308536	0.00011042	5516.I.hifi_reads_s499.ctg000511l||full_1	Megaviricetes
5516.D.hifi_reads	2_2020_F4_2	5516.S.hifi_reads_s24.ctg000025l||full	27110	0.3093323496864625	0.3093323496864625	0.210507	0.000753367	5516.S.hifi_reads_s24.ctg000025l||full	Megaviricetes
5516.E.hifi_reads	4_2020_F4_1	5516.G.hifi_reads_s1412.ctg001430l||full	41548	0.0142967170501588	0.0142967170501588	0.0109901	4.16328e-05	5516.G.hifi_reads_s1412.ctg001430l||full	Megaviricetes
5516.E.hifi_reads	4_2020_F4_1	5516_AB_hifi_reads_s69.ctg000070l||full	13400	0.0491044776119403	0.0491044776119403	0.0377473	0.000142995	5516_AB_hifi_reads_s69.ctg000070l||full	Megaviricetes
5516.F.hifi_reads	4_2020_F4_2	5068_N_run562_hifi_trimmed_deduplicated_s3952.ctg004086l||full	17211	0.0970890709430015	0.0970890709430015	0.0693978	0.000234912	5068_N_run562_hifi_trimmed_deduplicated_s3952.ctg004086l||full	Megaviricetes
5516.F.hifi_reads	4_2020_F4_2	5516.S.hifi_reads_s1.ctg000002l||full	41765	0.0262181252244702	0.0262181252244702	0.0187403	6.34361e-05	5516.S.hifi_reads_s1.ctg000002l||full	Megaviricetes
5516.F.hifi_reads	4_2020_F4_2	5516.S.hifi_reads_s24.ctg000025l||full	27110	0.251088159350793	0.251088159350793	0.179474	0.00060752	5516.S.hifi_reads_s24.ctg000025l||full	Megaviricetes
5516.G.hifi_reads	10_2019_F4_2	5068_N_run562_hifi_trimmed_deduplicated_s1960.ctg002023l||full	28482	0.1460220490134119	0.1460220490134119	0.137965	0.000486902	5068_N_run562_hifi_trimmed_deduplicated_s1960.ctg002023l||full	Megaviricetes
5516.G.hifi_reads	10_2019_F4_2	5068_N_run562_hifi_trimmed_deduplicated_s2831.ctg002928l||full	20798	0.1187614193672468	0.1187614193672468	0.112208	0.000396003	5068_N_run562_hifi_trimmed_deduplicated_s2831.ctg002928l||full	Megaviricetes
5516.G.hifi_reads	10_2019_F4_2	5068_N_run562_hifi_trimmed_deduplicated_s3416.ctg003532l||full	22159	0.5021887269281105	0.5021887269281105	0.474479	0.00167452	5068_N_run562_hifi_trimmed_deduplicated_s3416.ctg003532l||full	Megaviricetes
5516.G.hifi_reads	10_2019_F4_2	5068_N_run562_hifi_trimmed_deduplicated_s3676.ctg003801l||full	26801	0.238797059811201	0.238797059811201	0.225621	0.000796256	5068_N_run562_hifi_trimmed_deduplicated_s3676.ctg003801l||full	Megaviricetes
5516.G.hifi_reads	10_2019_F4_2	5068_N_run562_hifi_trimmed_deduplicated_s3686.ctg003811l||full	27572	0.1147540983606557	0.1147540983606557	0.108422	0.000382641	5068_N_run562_hifi_trimmed_deduplicated_s3686.ctg003811l||full	Megaviricetes
5516.G.hifi_reads	10_2019_F4_2	5068_N_run562_hifi_trimmed_deduplicated_s3952.ctg004086l||full	17211	0.090639707164023	0.090639707164023	0.0856384	0.000302233	5068_N_run562_hifi_trimmed_deduplicated_s3952.ctg004086l||full	Megaviricetes
5516.G.hifi_reads	10_2019_F4_2	5068_N_run562_hifi_trimmed_deduplicated_s4323.ctg004477l||full	24242	0.0457883012952726	0.0457883012952726	0.0432618	0.000152679	5068_N_run562_hifi_trimmed_deduplicated_s4323.ctg004477l||full	Megaviricetes
5516.G.hifi_reads	10_2019_F4_2	5068_N_run562_hifi_trimmed_deduplicated_s4602.ctg004769l||full	25339	0.2109791230908875	0.2109791230908875	0.199338	0.000703498	5068_N_run562_hifi_trimmed_deduplicated_s4602.ctg004769l||full	Megaviricetes
5516.G.hifi_reads	10_2019_F4_2	5516.G.hifi_reads_s1412.ctg001430l||full	41548	0.9999759314527776	3.0261865793780687	2.85921	0.0100907	5516.G.hifi_reads_s1412.ctg001430l||full	Megaviricetes
5516.G.hifi_reads	10_2019_F4_2	5516.G.hifi_reads_s745.ctg000756l||full_1	34066	1.0	2.9986203252509838	2.83316	0.00999873	5516.G.hifi_reads_s745.ctg000756l||full_1	Megaviricetes
5516.G.hifi_reads	10_2019_F4_2	5516.J.hifi_reads_s1203.ctg001207l||full	33814	0.1531909859821375	0.1531909859821375	0.144738	0.000510807	5516.J.hifi_reads_s1203.ctg001207l||full	Megaviricetes
5516.G.hifi_reads	10_2019_F4_2	5516.J.hifi_reads_s1606.ctg001613l||full	26581	0.1617320642564237	0.1617320642564237	0.152808	0.000539287	5516.J.hifi_reads_s1606.ctg001613l||full	Megaviricetes
5516.G.hifi_reads	10_2019_F4_2	5516.K.hifi_reads_s559.ctg000568l||full	16736	0.2868068833652007	0.2868068833652007	0.270981	0.000956342	5516.K.hifi_reads_s559.ctg000568l||full	Megaviricetes
5516.G.hifi_reads	10_2019_F4_2	5516.S.hifi_reads_s1.ctg000002l||full	41765	0.3151203160541123	0.3151203160541123	0.297733	0.00105075	5516.S.hifi_reads_s1.ctg000002l||full	Megaviricetes
5516.G.hifi_reads	10_2019_F4_2	5516.S.hifi_reads_s169.ctg000173l||full	26528	0.0287620627261761	0.0287620627261761	0.027175	9.59055e-05	5516.S.hifi_reads_s169.ctg000173l||full	Megaviricetes
5516.G.hifi_reads	10_2019_F4_2	5516.S.hifi_reads_s24.ctg000025l||full	27110	0.5919586868314275	0.5919586868314275	0.559295	0.00197385	5516.S.hifi_reads_s24.ctg000025l||full	Megaviricetes
5516.G.hifi_reads	10_2019_F4_2	5516_AB_hifi_reads_s194.ctg000195l||full	29105	0.4950352173166122	0.4959285346160453	0.468564	0.00165365	5516_AB_hifi_reads_s194.ctg000195l||full	Megaviricetes
5516.G.hifi_reads	10_2019_F4_2	5516_AB_hifi_reads_s553.ctg000554l||full	17057	0.1040628480975552	0.1040628480975552	0.0983208	0.000346992	5516_AB_hifi_reads_s553.ctg000554l||full	Megaviricetes
5516.H.hifi_reads	5_2020_F4_1	5068_N_run562_hifi_trimmed_deduplicated_s1960.ctg002023l||full	28482	0.0524892914823397	0.0524892914823397	0.0471064	0.000139377	5068_N_run562_hifi_trimmed_deduplicated_s1960.ctg002023l||full	Megaviricetes
5516.I.hifi_reads	6_2018_F4_3	5068_L_run562_hifi_trimmed_deduplicated_s2720.ctg002816l||full	29107	0.2368158862129384	0.2368158862129384	0.380604	0.00137684	5068_L_run562_hifi_trimmed_deduplicated_s2720.ctg002816l||full	Megaviricetes
5516.I.hifi_reads	6_2018_F4_3	5068_M_run562_hifi_trimmed_deduplicated_s2872.ctg002873l||full	17001	0.3808599494147403	0.3808599494147403	0.612107	0.0022143	5068_M_run562_hifi_trimmed_deduplicated_s2872.ctg002873l||full	Megaviricetes
5516.I.hifi_reads	6_2018_F4_3	5068_N_run562_hifi_trimmed_deduplicated_s1960.ctg002023l||full	28482	0.432237904641528	0.432237904641528	0.69468	0.00251301	5068_N_run562_hifi_trimmed_deduplicated_s1960.ctg002023l||full	Megaviricetes
5516.I.hifi_reads	6_2018_F4_3	5068_N_run562_hifi_trimmed_deduplicated_s2239.ctg002313l||full	31632	0.3289390490642387	0.3289390490642387	0.528661	0.00191244	5068_N_run562_hifi_trimmed_deduplicated_s2239.ctg002313l||full	Megaviricetes
5516.I.hifi_reads	6_2018_F4_3	5068_N_run562_hifi_trimmed_deduplicated_s2646.ctg002734l||full	34651	0.1307321578020836	0.1307321578020836	0.210109	0.000760071	5068_N_run562_hifi_trimmed_deduplicated_s2646.ctg002734l||full	Megaviricetes
5516.I.hifi_reads	6_2018_F4_3	5068_N_run562_hifi_trimmed_deduplicated_s3686.ctg003811l||full	27572	0.4882126795299579	0.5768170607863049	0.927043	0.00335359	5068_N_run562_hifi_trimmed_deduplicated_s3686.ctg003811l||full	Megaviricetes
5516.I.hifi_reads	6_2018_F4_3	5068_N_run562_hifi_trimmed_deduplicated_s911.ctg000943l||full	49062	0.102543720190779	0.102543720190779	0.164805	0.000596184	5068_N_run562_hifi_trimmed_deduplicated_s911.ctg000943l||full	Megaviricetes
5516.I.hifi_reads	6_2018_F4_3	5516.AH.hifi_reads_s2073.ctg002076l||full_1	13069	0.8837707552222818	1.350524141097253	2.17052	0.00785188	5516.AH.hifi_reads_s2073.ctg002076l||full_1	Megaviricetes
5516.I.hifi_reads	6_2018_F4_3	5516.AH.hifi_reads_s5194.ctg005203l||full	13088	0.285528728606357	0.285528728606357	0.458893	0.00166005	5516.AH.hifi_reads_s5194.ctg005203l||full	Megaviricetes
5516.I.hifi_reads	6_2018_F4_3	5516.I.hifi_reads_s1122.ctg001165l||full_1	17193	1.0	2.525097423369976	4.05826	0.0146808	5516.I.hifi_reads_s1122.ctg001165l||full_1	Megaviricetes
5516.I.hifi_reads	6_2018_F4_3	5516.I.hifi_reads_s1199.ctg001249l||full	25511	1.0	1.7477166712398573	2.80888	0.0101611	5516.I.hifi_reads_s1199.ctg001249l||full	Megaviricetes
5516.I.hifi_reads	6_2018_F4_3	5516.I.hifi_reads_s121.ctg000122l||full	108794	1.0	5.272469069985477	8.47376	0.0306539	5516.I.hifi_reads_s121.ctg000122l||full	Megaviricetes
5516.I.hifi_reads	6_2018_F4_3	5516.I.hifi_reads_s143.ctg000145l||full	23469	1.0	2.5978524862584687	4.17519	0.0151038	5516.I.hifi_reads_s143.ctg000145l||full	Megaviricetes
5516.I.hifi_reads	6_2018_F4_3	5516.I.hifi_reads_s187.ctg000189l||full	21504	1.0	4.068777901785714	6.53922	0.0236557	5516.I.hifi_reads_s187.ctg000189l||full	Megaviricetes
5516.I.hifi_reads	6_2018_F4_3	5516.I.hifi_reads_s204.ctg000206l||full	26872	0.999962786543614	2.6255582018457875	4.21972	0.0152649	5516.I.hifi_reads_s204.ctg000206l||full	Megaviricetes
5516.I.hifi_reads	6_2018_F4_3	5516.I.hifi_reads_s372.ctg000376l||full	21102	1.0	3.8010141218841818	6.10888	0.0220989	5516.I.hifi_reads_s372.ctg000376l||full	Megaviricetes
5516.I.hifi_reads	6_2018_F4_3	5516.I.hifi_reads_s391.ctg000396l||full	30432	0.999934279705573	1.8944203470031544	3.04466	0.0110141	5516.I.hifi_reads_s391.ctg000396l||full	Megaviricetes
5516.I.hifi_reads	6_2018_F4_3	5516.I.hifi_reads_s427.ctg000435l||full	29808	1.0	2.924080783682233	4.6995	0.0170005	5516.I.hifi_reads_s427.ctg000435l||full	Megaviricetes
5516.I.hifi_reads	6_2018_F4_3	5516.I.hifi_reads_s499.ctg000511l||full_1	125104	0.9999840133009336	6.6470856247602	10.683	0.0386458	5516.I.hifi_reads_s499.ctg000511l||full_1	Megaviricetes
5516.I.hifi_reads	6_2018_F4_3	5516.I.hifi_reads_s521.ctg000536l||full_1	53345	1.0	5.377617396194583	8.64275	0.0312652	5516.I.hifi_reads_s521.ctg000536l||full_1	Megaviricetes
5516.I.hifi_reads	6_2018_F4_3	5516.I.hifi_reads_s532.ctg000548l||full	72062	0.9997502150925592	5.191723793400128	8.34399	0.0301844	5516.I.hifi_reads_s532.ctg000548l||full	Megaviricetes
5516.I.hifi_reads	6_2018_F4_3	5516.I.hifi_reads_s681.ctg000706l||full	15560	0.9999357326478148	3.0598329048843187	4.91767	0.0177897	5516.I.hifi_reads_s681.ctg000706l||full	Megaviricetes
5516.I.hifi_reads	6_2018_F4_3	5516.J.hifi_reads_s1081.ctg001085l||full	16487	0.4386486322557166	0.843876993995269	1.35625	0.00490626	5516.J.hifi_reads_s1081.ctg001085l||full	Megaviricetes
5516.I.hifi_reads	6_2018_F4_3	5516.J.hifi_reads_s1157.ctg001161l||full	21774	0.8446771378708552	4.387296775971342	7.05113	0.0255075	5516.J.hifi_reads_s1157.ctg001161l||full	Megaviricetes
5516.I.hifi_reads	6_2018_F4_3	5516.J.hifi_reads_s1203.ctg001207l||full	33814	0.023451824687999	0.023451824687999	0.0376911	0.000136348	5516.J.hifi_reads_s1203.ctg001207l||full	Megaviricetes
5516.I.hifi_reads	6_2018_F4_3	5516.J.hifi_reads_s1319.ctg001323l||full	48218	0.2178232195445684	0.2707702517731967	0.435174	0.00157425	5516.J.hifi_reads_s1319.ctg001323l||full	Megaviricetes
5516.I.hifi_reads	6_2018_F4_3	5516.J.hifi_reads_s1775.ctg001783l||full	20498	0.5394672650990341	0.6958727680749341	1.11839	0.00404577	5516.J.hifi_reads_s1775.ctg001783l||full	Megaviricetes
5516.I.hifi_reads	6_2018_F4_3	5516.J.hifi_reads_s1797.ctg001805l||full	24644	0.0147297516636909	0.0147297516636909	0.0236732	8.56381e-05	5516.J.hifi_reads_s1797.ctg001805l||full	Megaviricetes
5516.I.hifi_reads	6_2018_F4_3	5516.J.hifi_reads_s236.ctg000239l||full	41038	0.1588527706028558	0.2700423997270822	0.434004	0.00157001	5516.J.hifi_reads_s236.ctg000239l||full	Megaviricetes
5516.I.hifi_reads	6_2018_F4_3	5516.J.hifi_reads_s293.ctg000296l||full	44247	0.552941442357674	2.352136868036251	3.78029	0.0136752	5516.J.hifi_reads_s293.ctg000296l||full	Megaviricetes
5516.I.hifi_reads	6_2018_F4_3	5516.J.hifi_reads_s327.ctg000330l||full	17538	0.3625841030904322	0.3625841030904322	0.582734	0.00210805	5516.J.hifi_reads_s327.ctg000330l||full	Megaviricetes
5516.I.hifi_reads	6_2018_F4_3	5516.J.hifi_reads_s336.ctg000339l||full	31858	0.96603678824785	2.65795090715048	4.27178	0.0154532	5516.J.hifi_reads_s336.ctg000339l||full	Megaviricetes
5516.I.hifi_reads	6_2018_F4_3	5516.J.hifi_reads_s385.ctg000388l||full	25616	0.8364303560274828	3.286344472204872	5.28172	0.0191067	5516.J.hifi_reads_s385.ctg000388l||full	Megaviricetes
5516.I.hifi_reads	6_2018_F4_3	5516.J.hifi_reads_s470.ctg000473l||full	25091	0.2196006536208202	0.2196006536208202	0.352936	0.00127675	5516.J.hifi_reads_s470.ctg000473l||full	Megaviricetes
5516.I.hifi_reads	6_2018_F4_3	5516.J.hifi_reads_s682.ctg000685l||full	63094	0.4127967794085016	0.7135860779154912	1.14685	0.00414876	5516.J.hifi_reads_s682.ctg000685l||full	Megaviricetes
5516.I.hifi_reads	6_2018_F4_3	5516.J.hifi_reads_s752.ctg000755l||full	40831	0.6492615904582303	1.085645710367123	1.74482	0.00631189	5516.J.hifi_reads_s752.ctg000755l||full	Megaviricetes
5516.I.hifi_reads	6_2018_F4_3	5516.K.hifi_reads_s168.ctg000174l||full	26529	0.511741867390403	0.666214331486298	1.07072	0.00387334	5516.K.hifi_reads_s168.ctg000174l||full	Megaviricetes
5516.I.hifi_reads	6_2018_F4_3	5516.K.hifi_reads_s275.ctg000282l||full	11450	0.7651528384279476	0.7651528384279476	1.22973	0.00444856	5516.K.hifi_reads_s275.ctg000282l||full	Megaviricetes
5516.I.hifi_reads	6_2018_F4_3	5516.Q.hifi_reads_s1112.ctg001113l||full	18406	0.4310550907312833	0.4310550907312833	0.692779	0.00250613	5516.Q.hifi_reads_s1112.ctg001113l||full	Megaviricetes
5516.I.hifi_reads	6_2018_F4_3	5516.S.hifi_reads_s148.ctg000151l||full	19685	0.2296164592329184	0.2296164592329184	0.369033	0.00133498	5516.S.hifi_reads_s148.ctg000151l||full	Megaviricetes
5516.I.hifi_reads	6_2018_F4_3	5516.S.hifi_reads_s169.ctg000173l||full	26528	0.0390153799758745	0.0390153799758745	0.0627044	0.000226834	5516.S.hifi_reads_s169.ctg000173l||full	Megaviricetes
5516.I.hifi_reads	6_2018_F4_3	5516.S.hifi_reads_s421.ctg000440l||full	12909	0.2331706561313812	0.2331706561313812	0.374745	0.00135564	5516.S.hifi_reads_s421.ctg000440l||full	Megaviricetes
5516.I.hifi_reads	6_2018_F4_3	5516.S.hifi_reads_s441.ctg000460l||full	24898	0.0723351273194634	0.0723351273194634	0.116255	0.000420553	5516.S.hifi_reads_s441.ctg000460l||full	Megaviricetes
5516.I.hifi_reads	6_2018_F4_3	5516.S.hifi_reads_s458.ctg000478l||full	19860	0.4863041289023162	0.4863041289023162	0.781574	0.00282735	5516.S.hifi_reads_s458.ctg000478l||full	Megaviricetes
5516.I.hifi_reads	6_2018_F4_3	5516_AB_hifi_reads_s155.ctg000156l||full	28602	0.1456191874694077	0.1456191874694077	0.234035	0.000846623	5516_AB_hifi_reads_s155.ctg000156l||full	Megaviricetes
5516.I.hifi_reads	6_2018_F4_3	5516_AB_hifi_reads_s162.ctg000163l||full	19004	0.0873500315723005	0.0873500315723005	0.140386	0.000507849	5516_AB_hifi_reads_s162.ctg000163l||full	Megaviricetes
5516.I.hifi_reads	6_2018_F4_3	5516_AB_hifi_reads_s207.ctg000208l||full	26340	0.999772209567198	7.844495064540623	12.6074	0.0456075	5516_AB_hifi_reads_s207.ctg000208l||full	Megaviricetes
5516.I.hifi_reads	6_2018_F4_3	5516_AB_hifi_reads_s312.ctg000313l||full	34290	0.6474773986585011	2.005774278215223	3.22362	0.0116615	5516_AB_hifi_reads_s312.ctg000313l||full	Megaviricetes
5516.I.hifi_reads	6_2018_F4_3	5516_AB_hifi_reads_s532.ctg000533l||full	23774	0.0207790022713889	0.0207790022713889	0.0333954	0.000120808	5516_AB_hifi_reads_s532.ctg000533l||full	Megaviricetes
5516.I.hifi_reads	6_2018_F4_3	5516_M_hifi_reads_s593.ctg000594l||full	10175	0.054054054054054	0.054054054054054	0.0868741	0.000314268	5516_M_hifi_reads_s593.ctg000594l||full	Megaviricetes
5516.J.hifi_reads	7_2018_F4_1	5068_A_run562_hifi_trimmed_deduplicated_s274.ctg000312l||full	44582	0.044277959714683	0.0517922031313086	0.0633647	0.00027652	5068_A_run562_hifi_trimmed_deduplicated_s274.ctg000312l||full	Megaviricetes
5516.J.hifi_reads	7_2018_F4_1	5068_M_run562_hifi_trimmed_deduplicated_s2872.ctg002873l||full	17001	0.1708134815599082	0.1708134815599082	0.20898	0.000911978	5068_M_run562_hifi_trimmed_deduplicated_s2872.ctg002873l||full	Megaviricetes
5516.J.hifi_reads	7_2018_F4_1	5068_N_run562_hifi_trimmed_deduplicated_s1960.ctg002023l||full	28482	0.4654518643353697	1.0838775366898392	1.32606	0.00578685	5068_N_run562_hifi_trimmed_deduplicated_s1960.ctg002023l||full	Megaviricetes
5516.J.hifi_reads	7_2018_F4_1	5068_N_run562_hifi_trimmed_deduplicated_s2239.ctg002313l||full	31632	0.4394284269094587	0.5397066262013152	0.660299	0.00288151	5068_N_run562_hifi_trimmed_deduplicated_s2239.ctg002313l||full	Megaviricetes
5516.J.hifi_reads	7_2018_F4_1	5068_N_run562_hifi_trimmed_deduplicated_s2646.ctg002734l||full	34651	0.6041095495079507	1.4453262532105855	1.76827	0.00771664	5068_N_run562_hifi_trimmed_deduplicated_s2646.ctg002734l||full	Megaviricetes
5516.J.hifi_reads	7_2018_F4_1	5068_N_run562_hifi_trimmed_deduplicated_s2831.ctg002928l||full	20798	0.4577363208000769	0.974180209635542	1.19185	0.00520118	5068_N_run562_hifi_trimmed_deduplicated_s2831.ctg002928l||full	Megaviricetes
5516.J.hifi_reads	7_2018_F4_1	5068_N_run562_hifi_trimmed_deduplicated_s3354.ctg003466l||full	27405	0.0113118044152526	0.0113118044152526	0.0138393	6.0394e-05	5068_N_run562_hifi_trimmed_deduplicated_s3354.ctg003466l||full	Megaviricetes
5516.J.hifi_reads	7_2018_F4_1	5068_N_run562_hifi_trimmed_deduplicated_s3416.ctg003532l||full	22159	0.0556433052033034	0.0556433052033034	0.0680763	0.000297081	5068_N_run562_hifi_trimmed_deduplicated_s3416.ctg003532l||full	Megaviricetes
5516.J.hifi_reads	7_2018_F4_1	5068_N_run562_hifi_trimmed_deduplicated_s3676.ctg003801l||full	26801	0.3208462370807059	0.3208462370807059	0.392536	0.00171301	5068_N_run562_hifi_trimmed_deduplicated_s3676.ctg003801l||full	Megaviricetes
5516.J.hifi_reads	7_2018_F4_1	5068_N_run562_hifi_trimmed_deduplicated_s3686.ctg003811l||full	27572	0.5573045118235892	0.8232264616277383	1.00717	0.00439523	5068_N_run562_hifi_trimmed_deduplicated_s3686.ctg003811l||full	Megaviricetes
5516.J.hifi_reads	7_2018_F4_1	5068_N_run562_hifi_trimmed_deduplicated_s4323.ctg004477l||full	24242	0.3786403762065836	0.5009075158815279	0.61283	0.00267436	5068_N_run562_hifi_trimmed_deduplicated_s4323.ctg004477l||full	Megaviricetes
5516.J.hifi_reads	7_2018_F4_1	5068_N_run562_hifi_trimmed_deduplicated_s4481.ctg004642l||full	19699	0.4112391491953906	0.7773491040154322	0.95104	0.00415029	5068_N_run562_hifi_trimmed_deduplicated_s4481.ctg004642l||full	Megaviricetes
5516.J.hifi_reads	7_2018_F4_1	5068_N_run562_hifi_trimmed_deduplicated_s4602.ctg004769l||full	25339	0.0587237065393267	0.0587237065393267	0.071845	0.000313528	5068_N_run562_hifi_trimmed_deduplicated_s4602.ctg004769l||full	Megaviricetes
5516.J.hifi_reads	7_2018_F4_1	5068_N_run562_hifi_trimmed_deduplicated_s5662.ctg005890l||full	24930	0.1832731648616125	0.1832731648616125	0.224224	0.000978501	5068_N_run562_hifi_trimmed_deduplicated_s5662.ctg005890l||full	Megaviricetes
5516.J.hifi_reads	7_2018_F4_1	5068_N_run562_hifi_trimmed_deduplicated_s72.ctg000078l||full	34379	0.2332237703249076	0.2719683527734954	0.332737	0.00145205	5068_N_run562_hifi_trimmed_deduplicated_s72.ctg000078l||full	Megaviricetes
5516.J.hifi_reads	7_2018_F4_1	5068_N_run562_hifi_trimmed_deduplicated_s911.ctg000943l||full	49062	0.3562431209490033	0.4624556683380212	0.565787	0.00246906	5068_N_run562_hifi_trimmed_deduplicated_s911.ctg000943l||full	Megaviricetes
5516.J.hifi_reads	7_2018_F4_1	5516.AE.hifi_reads_s2440.ctg002481l||full	29943	0.7472531142504091	1.990114550980196	2.43479	0.0106253	5516.AE.hifi_reads_s2440.ctg002481l||full	Megaviricetes
5516.J.hifi_reads	7_2018_F4_1	5516.AE.hifi_reads_s2935.ctg002980l||full	21281	0.785630374512476	1.5426906630327522	1.88739	0.00823647	5516.AE.hifi_reads_s2935.ctg002980l||full	Megaviricetes
5516.J.hifi_reads	7_2018_F4_1	5516.AE.hifi_reads_s993.ctg001017l||full	17436	0.5208189951823813	0.9021564579031888	1.10373	0.00481664	5516.AE.hifi_reads_s993.ctg001017l||full	Megaviricetes
5516.J.hifi_reads	7_2018_F4_1	5516.AH.hifi_reads_s2073.ctg002076l||full_1	13069	0.4806794705027163	0.6359323590175224	0.778025	0.00339526	5516.AH.hifi_reads_s2073.ctg002076l||full_1	Megaviricetes
5516.J.hifi_reads	7_2018_F4_1	5516.AH.hifi_reads_s2839.ctg002842l||full	20206	0.2341878649905968	0.2341878649905968	0.286515	0.00125034	5516.AH.hifi_reads_s2839.ctg002842l||full	Megaviricetes
5516.J.hifi_reads	7_2018_F4_1	5516.AH.hifi_reads_s6697.ctg006711l||full	16534	0.0776581589452038	0.0776581589452038	0.0950101	0.000414619	5516.AH.hifi_reads_s6697.ctg006711l||full	Megaviricetes
5516.J.hifi_reads	7_2018_F4_1	5516.I.hifi_reads_s1122.ctg001165l||full_1	17193	0.7763624730995172	2.1037631594253474	2.57383	0.0112321	5516.I.hifi_reads_s1122.ctg001165l||full_1	Megaviricetes
5516.J.hifi_reads	7_2018_F4_1	5516.I.hifi_reads_s1199.ctg001249l||full	25511	0.8408529653874799	1.6674375759476303	2.04001	0.0089025	5516.I.hifi_reads_s1199.ctg001249l||full	Megaviricetes
5516.J.hifi_reads	7_2018_F4_1	5516.I.hifi_reads_s121.ctg000122l||full	108794	0.6577660532749968	1.1161553026821331	1.36555	0.00595918	5516.I.hifi_reads_s121.ctg000122l||full	Megaviricetes
5516.J.hifi_reads	7_2018_F4_1	5516.I.hifi_reads_s143.ctg000145l||full	23469	0.774596275938472	1.949550470833866	2.38516	0.0104087	5516.I.hifi_reads_s143.ctg000145l||full	Megaviricetes
5516.J.hifi_reads	7_2018_F4_1	5516.I.hifi_reads_s187.ctg000189l||full	21504	0.6515531994047619	1.1150018601190477	1.36414	0.00595303	5516.I.hifi_reads_s187.ctg000189l||full	Megaviricetes
5516.J.hifi_reads	7_2018_F4_1	5516.I.hifi_reads_s204.ctg000206l||full	26872	0.4522179220005954	0.5815718963977374	0.711519	0.00310503	5516.I.hifi_reads_s204.ctg000206l||full	Megaviricetes
5516.J.hifi_reads	7_2018_F4_1	5516.I.hifi_reads_s372.ctg000376l||full	21102	0.535589043692541	0.9201971377120652	1.12581	0.00491296	5516.I.hifi_reads_s372.ctg000376l||full	Megaviricetes
5516.J.hifi_reads	7_2018_F4_1	5516.I.hifi_reads_s391.ctg000396l||full	30432	0.7866390641430073	0.9763406940063092	1.19449	0.00521271	5516.I.hifi_reads_s391.ctg000396l||full	Megaviricetes
5516.J.hifi_reads	7_2018_F4_1	5516.I.hifi_reads_s427.ctg000435l||full	29808	0.7704307568438004	2.046061460010735	2.50323	0.010924	5516.I.hifi_reads_s427.ctg000435l||full	Megaviricetes
5516.J.hifi_reads	7_2018_F4_1	5516.I.hifi_reads_s499.ctg000511l||full_1	125104	0.8714669395063307	1.942959457731168	2.3771	0.0103735	5516.I.hifi_reads_s499.ctg000511l||full_1	Megaviricetes
5516.J.hifi_reads	7_2018_F4_1	5516.I.hifi_reads_s521.ctg000536l||full_1	53345	0.8072921548411285	1.7812915924641484	2.1793	0.00951037	5516.I.hifi_reads_s521.ctg000536l||full_1	Megaviricetes
5516.J.hifi_reads	7_2018_F4_1	5516.I.hifi_reads_s532.ctg000548l||full	72062	0.6527018400821515	1.3342677139130192	1.6324	0.00712369	5516.I.hifi_reads_s532.ctg000548l||full	Megaviricetes
5516.J.hifi_reads	7_2018_F4_1	5516.I.hifi_reads_s681.ctg000706l||full	15560	0.9988431876606684	2.5866966580976865	3.16467	0.0138104	5516.I.hifi_reads_s681.ctg000706l||full	Megaviricetes
5516.J.hifi_reads	7_2018_F4_1	5516.J.hifi_reads_s1061.ctg001065l||full	19185	0.9999478759447484	2.408235600729737	2.94633	0.0128576	5516.J.hifi_reads_s1061.ctg001065l||full	Megaviricetes
5516.J.hifi_reads	7_2018_F4_1	5516.J.hifi_reads_s1068.ctg001072l||full	14958	1.0	1.7934215804251905	2.19414	0.00957513	5516.J.hifi_reads_s1068.ctg001072l||full	Megaviricetes
5516.J.hifi_reads	7_2018_F4_1	5516.J.hifi_reads_s1081.ctg001085l||full	16487	1.0	2.8558258021471463	3.49393	0.0152473	5516.J.hifi_reads_s1081.ctg001085l||full	Megaviricetes
5516.J.hifi_reads	7_2018_F4_1	5516.J.hifi_reads_s1157.ctg001161l||full	21774	1.0	2.381234499862221	2.9133	0.0127135	5516.J.hifi_reads_s1157.ctg001161l||full	Megaviricetes
5516.J.hifi_reads	7_2018_F4_1	5516.J.hifi_reads_s1203.ctg001207l||full	33814	1.0	2.2132548648488792	2.70779	0.0118166	5516.J.hifi_reads_s1203.ctg001207l||full	Megaviricetes
5516.J.hifi_reads	7_2018_F4_1	5516.J.hifi_reads_s1319.ctg001323l||full	48218	1.0	2.662698577294786	3.25765	0.0142162	5516.J.hifi_reads_s1319.ctg001323l||full	Megaviricetes
5516.J.hifi_reads	7_2018_F4_1	5516.J.hifi_reads_s1458.ctg001463l||full	35889	0.9998606815458776	1.3466800412382625	1.64758	0.00718996	5516.J.hifi_reads_s1458.ctg001463l||full	Megaviricetes
5516.J.hifi_reads	7_2018_F4_1	5516.J.hifi_reads_s1496.ctg001501l||full	31019	0.9440020632515554	1.542312776040491	1.88693	0.00823445	5516.J.hifi_reads_s1496.ctg001501l||full	Megaviricetes
5516.J.hifi_reads	7_2018_F4_1	5516.J.hifi_reads_s1606.ctg001613l||full	26581	0.9999247582859938	3.3866671682780933	4.14339	0.0180815	5516.J.hifi_reads_s1606.ctg001613l||full	Megaviricetes
5516.J.hifi_reads	7_2018_F4_1	5516.J.hifi_reads_s1775.ctg001783l||full	20498	0.999756073763294	3.6670406868962826	4.48641	0.0195784	5516.J.hifi_reads_s1775.ctg001783l||full	Megaviricetes
5516.J.hifi_reads	7_2018_F4_1	5516.J.hifi_reads_s1797.ctg001805l||full	24644	1.0	2.7243142347021587	3.33304	0.0145452	5516.J.hifi_reads_s1797.ctg001805l||full	Megaviricetes
5516.J.hifi_reads	7_2018_F4_1	5516.J.hifi_reads_s228.ctg000231l||full	17113	0.9998831297843744	1.579208788640215	1.93207	0.00843144	5516.J.hifi_reads_s228.ctg000231l||full	Megaviricetes
5516.J.hifi_reads	7_2018_F4_1	5516.J.hifi_reads_s236.ctg000239l||full	41038	0.9999512646815149	2.38656854622545	2.91982	0.012742	5516.J.hifi_reads_s236.ctg000239l||full	Megaviricetes
5516.J.hifi_reads	7_2018_F4_1	5516.J.hifi_reads_s264.ctg000267l||full_1	15147	0.9998019409784116	4.251270878721859	5.20118	0.0226977	5516.J.hifi_reads_s264.ctg000267l||full_1	Megaviricetes
5516.J.hifi_reads	7_2018_F4_1	5516.J.hifi_reads_s293.ctg000296l||full	44247	0.8140212895789545	2.1462924040047917	2.62586	0.0114591	5516.J.hifi_reads_s293.ctg000296l||full	Megaviricetes
5516.J.hifi_reads	7_2018_F4_1	5516.J.hifi_reads_s327.ctg000330l||full	17538	0.9997719238225568	1.669232523662903	2.04221	0.00891208	5516.J.hifi_reads_s327.ctg000330l||full	Megaviricetes
5516.J.hifi_reads	7_2018_F4_1	5516.J.hifi_reads_s336.ctg000339l||full	31858	1.0	2.4187017389666647	2.95914	0.0129135	5516.J.hifi_reads_s336.ctg000339l||full	Megaviricetes
5516.J.hifi_reads	7_2018_F4_1	5516.J.hifi_reads_s385.ctg000388l||full	25616	1.0	2.1318707058088693	2.60822	0.0113821	5516.J.hifi_reads_s385.ctg000388l||full	Megaviricetes
5516.J.hifi_reads	7_2018_F4_1	5516.J.hifi_reads_s470.ctg000473l||full	25091	1.0	1.4970706627874537	1.83158	0.0079929	5516.J.hifi_reads_s470.ctg000473l||full	Megaviricetes
5516.J.hifi_reads	7_2018_F4_1	5516.J.hifi_reads_s682.ctg000685l||full	63094	0.9999683012647796	2.4780803245950485	3.03178	0.0132305	5516.J.hifi_reads_s682.ctg000685l||full	Megaviricetes
5516.J.hifi_reads	7_2018_F4_1	5516.J.hifi_reads_s752.ctg000755l||full	40831	0.9998530528275084	4.8520486884964855	5.93619	0.0259052	5516.J.hifi_reads_s752.ctg000755l||full	Megaviricetes
5516.J.hifi_reads	7_2018_F4_1	5516.J.hifi_reads_s761.ctg000764l||full	18412	0.9993482511405604	1.8817618944166847	2.30222	0.0100468	5516.J.hifi_reads_s761.ctg000764l||full	Megaviricetes
5516.J.hifi_reads	7_2018_F4_1	5516.J.hifi_reads_s914.ctg000917l||full	17680	1.0	1.9836538461538464	2.42688	0.0105908	5516.J.hifi_reads_s914.ctg000917l||full	Megaviricetes
5516.J.hifi_reads	7_2018_F4_1	5516.K.hifi_reads_s128.ctg000132l||full	16992	0.9613347457627118	2.171433615819209	2.65662	0.0115933	5516.K.hifi_reads_s128.ctg000132l||full	Megaviricetes
5516.J.hifi_reads	7_2018_F4_1	5516.K.hifi_reads_s168.ctg000174l||full	26529	0.8301481397715708	1.4147159712013269	1.73082	0.00755321	5516.K.hifi_reads_s168.ctg000174l||full	Megaviricetes
5516.J.hifi_reads	7_2018_F4_1	5516.K.hifi_reads_s275.ctg000282l||full	11450	0.7796506550218341	0.9572052401746723	1.17108	0.00511055	5516.K.hifi_reads_s275.ctg000282l||full	Megaviricetes
5516.J.hifi_reads	7_2018_F4_1	5516.K.hifi_reads_s559.ctg000568l||full	16736	0.7116395793499044	1.472872848948375	1.80197	0.00786371	5516.K.hifi_reads_s559.ctg000568l||full	Megaviricetes
5516.J.hifi_reads	7_2018_F4_1	5516.Q.hifi_reads_s1112.ctg001113l||full	18406	0.3530913832445941	0.6014343148973161	0.735819	0.00321107	5516.Q.hifi_reads_s1112.ctg001113l||full	Megaviricetes
5516.J.hifi_reads	7_2018_F4_1	5516.S.hifi_reads_s1.ctg000002l||full	41765	0.100371124147013	0.100371124147013	0.122798	0.000535884	5516.S.hifi_reads_s1.ctg000002l||full	Megaviricetes
5516.J.hifi_reads	7_2018_F4_1	5516.S.hifi_reads_s148.ctg000151l||full	19685	0.4365760731521463	0.5691135382270764	0.696276	0.00303851	5516.S.hifi_reads_s148.ctg000151l||full	Megaviricetes
5516.J.hifi_reads	7_2018_F4_1	5516.S.hifi_reads_s169.ctg000173l||full	26528	0.4087002412545235	0.4087002412545235	0.50002	0.00218206	5516.S.hifi_reads_s169.ctg000173l||full	Megaviricetes
5516.J.hifi_reads	7_2018_F4_1	5516.S.hifi_reads_s24.ctg000025l||full	27110	0.334341571375876	0.334341571375876	0.409047	0.00178506	5516.S.hifi_reads_s24.ctg000025l||full	Megaviricetes
5516.J.hifi_reads	7_2018_F4_1	5516.S.hifi_reads_s339.ctg000349l||full	16084	0.9630067147475752	3.297127580203929	4.03384	0.0176035	5516.S.hifi_reads_s339.ctg000349l||full	Megaviricetes
5516.J.hifi_reads	7_2018_F4_1	5516.S.hifi_reads_s392.ctg000408l||full	14921	0.2285369613296695	0.2285369613296695	0.279601	0.00122017	5516.S.hifi_reads_s392.ctg000408l||full	Megaviricetes
5516.J.hifi_reads	7_2018_F4_1	5516.S.hifi_reads_s421.ctg000440l||full	12909	0.668293438686188	1.566968781470292	1.91709	0.00836609	5516.S.hifi_reads_s421.ctg000440l||full	Megaviricetes
5516.J.hifi_reads	7_2018_F4_1	5516.S.hifi_reads_s441.ctg000460l||full	24898	0.236685677564463	0.3903928026347498	0.477622	0.00208432	5516.S.hifi_reads_s441.ctg000460l||full	Megaviricetes
5516.J.hifi_reads	7_2018_F4_1	5516.S.hifi_reads_s458.ctg000478l||full	19860	0.8343907351460221	1.5914400805639477	1.94703	0.00849674	5516.S.hifi_reads_s458.ctg000478l||full	Megaviricetes
5516.J.hifi_reads	7_2018_F4_1	5516_AB_hifi_reads_s155.ctg000156l||full	28602	0.2566603734004615	0.2566603734004615	0.314009	0.00137032	5516_AB_hifi_reads_s155.ctg000156l||full	Megaviricetes
5516.J.hifi_reads	7_2018_F4_1	5516_AB_hifi_reads_s156.ctg000157l||full	31855	0.0922618113326008	0.0922618113326008	0.112877	0.000492588	5516_AB_hifi_reads_s156.ctg000157l||full	Megaviricetes
5516.J.hifi_reads	7_2018_F4_1	5516_AB_hifi_reads_s162.ctg000163l||full	19004	0.1940644074931593	0.1940644074931593	0.237426	0.00103612	5516_AB_hifi_reads_s162.ctg000163l||full	Megaviricetes
5516.J.hifi_reads	7_2018_F4_1	5516_AB_hifi_reads_s181.ctg000182l||full	11270	0.2197870452528837	0.266282165039929	0.32578	0.00142169	5516_AB_hifi_reads_s181.ctg000182l||full	Megaviricetes
5516.J.hifi_reads	7_2018_F4_1	5516_AB_hifi_reads_s207.ctg000208l||full	26340	0.7805618830675778	1.7570615034168564	2.14966	0.009381	5516_AB_hifi_reads_s207.ctg000208l||full	Megaviricetes
5516.J.hifi_reads	7_2018_F4_1	5516_AB_hifi_reads_s312.ctg000313l||full	34290	0.1902303878681831	0.421259842519685	0.515386	0.00224912	5516_AB_hifi_reads_s312.ctg000313l||full	Megaviricetes
5516.J.hifi_reads	7_2018_F4_1	5516_AB_hifi_reads_s471.ctg000472l||full	14323	0.8274802764783914	1.3431543671018642	1.64327	0.00717114	5516_AB_hifi_reads_s471.ctg000472l||full	Megaviricetes
5516.J.hifi_reads	7_2018_F4_1	5516_AB_hifi_reads_s512.ctg000513l||full	19603	0.2027750854461051	0.2027750854461051	0.248083	0.00108262	5516_AB_hifi_reads_s512.ctg000513l||full	Megaviricetes
5516.J.hifi_reads	7_2018_F4_1	5516_AB_hifi_reads_s532.ctg000533l||full	23774	0.3613611508370489	0.3613611508370489	0.442104	0.00192932	5516_AB_hifi_reads_s532.ctg000533l||full	Megaviricetes
5516.J.hifi_reads	7_2018_F4_1	5516_AB_hifi_reads_s61.ctg000062l||full	19927	0.0981582777136548	0.0981582777136548	0.120091	0.00052407	5516_AB_hifi_reads_s61.ctg000062l||full	Megaviricetes
5516.J.hifi_reads	7_2018_F4_1	5516_AB_hifi_reads_s624.ctg000625l||full	13807	0.1510827840950242	0.1510827840950242	0.184841	0.000806635	5516_AB_hifi_reads_s624.ctg000625l||full	Megaviricetes
5516.J.hifi_reads	7_2018_F4_1	5516_AB_hifi_reads_s667.ctg000668l||full	24396	0.1398180029513035	0.1398180029513035	0.171059	0.000746492	5516_AB_hifi_reads_s667.ctg000668l||full	Megaviricetes
5516.J.hifi_reads	7_2018_F4_1	5516_AB_hifi_reads_s69.ctg000070l||full	13400	0.5064179104477612	0.5064179104477612	0.619572	0.00270378	5516_AB_hifi_reads_s69.ctg000070l||full	Megaviricetes
5516.J.hifi_reads	7_2018_F4_1	5516_AB_hifi_reads_s751.ctg000752l||full	18975	0.1065085638998682	0.1065085638998682	0.130307	0.000568652	5516_AB_hifi_reads_s751.ctg000752l||full	Megaviricetes
5516.J.hifi_reads	7_2018_F4_1	5516_M_hifi_reads_s593.ctg000594l||full	10175	0.1179361179361179	0.1891891891891892	0.231462	0.00101009	5516_M_hifi_reads_s593.ctg000594l||full	Megaviricetes
5516.K.hifi_reads	7_2018_F4_2	5068_M_run562_hifi_trimmed_deduplicated_s2872.ctg002873l||full	17001	0.4856184930298218	0.4856184930298218	1.01088	0.0079091	5068_M_run562_hifi_trimmed_deduplicated_s2872.ctg002873l||full	Megaviricetes
5516.K.hifi_reads	7_2018_F4_2	5068_N_run562_hifi_trimmed_deduplicated_s1960.ctg002023l||full	28482	0.6671230952882522	1.302296187065515	2.71091	0.02121	5068_N_run562_hifi_trimmed_deduplicated_s1960.ctg002023l||full	Megaviricetes
5516.K.hifi_reads	7_2018_F4_2	5068_N_run562_hifi_trimmed_deduplicated_s2239.ctg002313l||full	31632	0.4266881638846737	0.5258598887202832	1.09465	0.00856449	5068_N_run562_hifi_trimmed_deduplicated_s2239.ctg002313l||full	Megaviricetes
5516.K.hifi_reads	7_2018_F4_2	5068_N_run562_hifi_trimmed_deduplicated_s2646.ctg002734l||full	34651	0.4459900147181899	1.6320741104152838	3.39738	0.026581	5068_N_run562_hifi_trimmed_deduplicated_s2646.ctg002734l||full	Megaviricetes
5516.K.hifi_reads	7_2018_F4_2	5068_N_run562_hifi_trimmed_deduplicated_s2831.ctg002928l||full	20798	0.4804308106548706	0.6015482257909415	1.2522	0.0097972	5068_N_run562_hifi_trimmed_deduplicated_s2831.ctg002928l||full	Megaviricetes
5516.K.hifi_reads	7_2018_F4_2	5068_N_run562_hifi_trimmed_deduplicated_s3354.ctg003466l||full	27405	0.1564677978471081	0.1564677978471081	0.325709	0.00254834	5068_N_run562_hifi_trimmed_deduplicated_s3354.ctg003466l||full	Megaviricetes
5516.K.hifi_reads	7_2018_F4_2	5068_N_run562_hifi_trimmed_deduplicated_s3416.ctg003532l||full	22159	0.0904372941017194	0.0904372941017194	0.188258	0.00147292	5068_N_run562_hifi_trimmed_deduplicated_s3416.ctg003532l||full	Megaviricetes
5516.K.hifi_reads	7_2018_F4_2	5068_N_run562_hifi_trimmed_deduplicated_s3676.ctg003801l||full	26801	0.1592104772209992	0.1592104772209992	0.331418	0.002593	5068_N_run562_hifi_trimmed_deduplicated_s3676.ctg003801l||full	Megaviricetes
5516.K.hifi_reads	7_2018_F4_2	5068_N_run562_hifi_trimmed_deduplicated_s3686.ctg003811l||full	27572	0.4580734078050196	0.6286087334977514	1.30853	0.0102379	5068_N_run562_hifi_trimmed_deduplicated_s3686.ctg003811l||full	Megaviricetes
5516.K.hifi_reads	7_2018_F4_2	5068_N_run562_hifi_trimmed_deduplicated_s3952.ctg004086l||full	17211	0.2876067631166115	0.5012492010923246	1.04342	0.00816367	5068_N_run562_hifi_trimmed_deduplicated_s3952.ctg004086l||full	Megaviricetes
5516.K.hifi_reads	7_2018_F4_2	5068_N_run562_hifi_trimmed_deduplicated_s4323.ctg004477l||full	24242	0.2153287682534444	0.2336028380496658	0.486276	0.00380461	5068_N_run562_hifi_trimmed_deduplicated_s4323.ctg004477l||full	Megaviricetes
5516.K.hifi_reads	7_2018_F4_2	5068_N_run562_hifi_trimmed_deduplicated_s4481.ctg004642l||full	19699	0.7252652418904513	1.4932737702421444	3.10845	0.0243204	5068_N_run562_hifi_trimmed_deduplicated_s4481.ctg004642l||full	Megaviricetes
5516.K.hifi_reads	7_2018_F4_2	5068_N_run562_hifi_trimmed_deduplicated_s4602.ctg004769l||full	25339	0.0149177157741031	0.0149177157741031	0.0310533	0.00024296	5068_N_run562_hifi_trimmed_deduplicated_s4602.ctg004769l||full	Megaviricetes
5516.K.hifi_reads	7_2018_F4_2	5068_N_run562_hifi_trimmed_deduplicated_s4603.ctg004770l||full	14809	0.2291849550948747	0.2291849550948747	0.47708	0.00373265	5068_N_run562_hifi_trimmed_deduplicated_s4603.ctg004770l||full	Megaviricetes
5516.K.hifi_reads	7_2018_F4_2	5068_N_run562_hifi_trimmed_deduplicated_s5662.ctg005890l||full	24930	0.1419574809466506	0.2106698756518251	0.438538	0.00343111	5068_N_run562_hifi_trimmed_deduplicated_s5662.ctg005890l||full	Megaviricetes
5516.K.hifi_reads	7_2018_F4_2	5068_N_run562_hifi_trimmed_deduplicated_s72.ctg000078l||full	34379	0.4335786381221094	0.8431891561709183	1.75521	0.0137327	5068_N_run562_hifi_trimmed_deduplicated_s72.ctg000078l||full	Megaviricetes
5516.K.hifi_reads	7_2018_F4_2	5068_N_run562_hifi_trimmed_deduplicated_s911.ctg000943l||full	49062	0.3710203416085769	0.5879091761444702	1.22381	0.00957507	5068_N_run562_hifi_trimmed_deduplicated_s911.ctg000943l||full	Megaviricetes
5516.K.hifi_reads	7_2018_F4_2	5516.AE.hifi_reads_s2440.ctg002481l||full	29943	0.8506829642988345	2.059346090906055	4.28681	0.0335398	5516.AE.hifi_reads_s2440.ctg002481l||full	Megaviricetes
5516.K.hifi_reads	7_2018_F4_2	5516.AE.hifi_reads_s2935.ctg002980l||full	21281	0.8271697758563977	2.215450401766834	4.61176	0.0360823	5516.AE.hifi_reads_s2935.ctg002980l||full	Megaviricetes
5516.K.hifi_reads	7_2018_F4_2	5516.AE.hifi_reads_s993.ctg001017l||full	17436	0.7444367974306033	1.03177334250975	2.14778	0.0168041	5516.AE.hifi_reads_s993.ctg001017l||full	Megaviricetes
5516.K.hifi_reads	7_2018_F4_2	5516.AH.hifi_reads_s2073.ctg002076l||full_1	13069	0.1576249139184329	0.1576249139184329	0.328118	0.00256718	5516.AH.hifi_reads_s2073.ctg002076l||full_1	Megaviricetes
5516.K.hifi_reads	7_2018_F4_2	5516.AH.hifi_reads_s2839.ctg002842l||full	20206	0.2995149955458774	0.5103434623379194	1.06235	0.00831178	5516.AH.hifi_reads_s2839.ctg002842l||full	Megaviricetes
5516.K.hifi_reads	7_2018_F4_2	5516.AH.hifi_reads_s6697.ctg006711l||full	16534	0.0514696988024676	0.0514696988024676	0.107141	0.000838269	5516.AH.hifi_reads_s6697.ctg006711l||full	Megaviricetes
5516.K.hifi_reads	7_2018_F4_2	5516.I.hifi_reads_s121.ctg000122l||full	108794	0.3246962148647903	0.38822913028292	0.808152	0.00632295	5516.I.hifi_reads_s121.ctg000122l||full	Megaviricetes
5516.K.hifi_reads	7_2018_F4_2	5516.I.hifi_reads_s187.ctg000189l||full	21504	0.4856305803571428	0.6330450148809523	1.31777	0.0103102	5516.I.hifi_reads_s187.ctg000189l||full	Megaviricetes
5516.K.hifi_reads	7_2018_F4_2	5516.I.hifi_reads_s204.ctg000206l||full	26872	0.0941128311997618	0.0941128311997618	0.195909	0.00153278	5516.I.hifi_reads_s204.ctg000206l||full	Megaviricetes
5516.K.hifi_reads	7_2018_F4_2	5516.I.hifi_reads_s372.ctg000376l||full	21102	0.5033646099895744	0.5033646099895744	1.04782	0.00819812	5516.I.hifi_reads_s372.ctg000376l||full	Megaviricetes
5516.K.hifi_reads	7_2018_F4_2	5516.I.hifi_reads_s391.ctg000396l||full	30432	0.0208004731861198	0.0208004731861198	0.043299	0.00033877	5516.I.hifi_reads_s391.ctg000396l||full	Megaviricetes
5516.K.hifi_reads	7_2018_F4_2	5516.I.hifi_reads_s499.ctg000511l||full_1	125104	0.3850716204118173	0.5803491495076096	1.20808	0.00945194	5516.I.hifi_reads_s499.ctg000511l||full_1	Megaviricetes
5516.K.hifi_reads	7_2018_F4_2	5516.I.hifi_reads_s521.ctg000536l||full_1	53345	0.3078639047708313	0.4201705876839441	0.874642	0.00684317	5516.I.hifi_reads_s521.ctg000536l||full_1	Megaviricetes
5516.K.hifi_reads	7_2018_F4_2	5516.I.hifi_reads_s532.ctg000548l||full	72062	0.1535483333795897	0.1535483333795897	0.319632	0.00250079	5516.I.hifi_reads_s532.ctg000548l||full	Megaviricetes
5516.K.hifi_reads	7_2018_F4_2	5516.J.hifi_reads_s1061.ctg001065l||full	19185	0.9918165233255148	1.91164972634871	3.97936	0.0311344	5516.J.hifi_reads_s1061.ctg001065l||full	Megaviricetes
5516.K.hifi_reads	7_2018_F4_2	5516.J.hifi_reads_s1068.ctg001072l||full	14958	0.0899184382938895	0.0899184382938895	0.187177	0.00146447	5516.J.hifi_reads_s1068.ctg001072l||full	Megaviricetes
5516.K.hifi_reads	7_2018_F4_2	5516.J.hifi_reads_s1081.ctg001085l||full	16487	0.0626554254867471	0.0626554254867471	0.130426	0.00102045	5516.J.hifi_reads_s1081.ctg001085l||full	Megaviricetes
5516.K.hifi_reads	7_2018_F4_2	5516.J.hifi_reads_s1157.ctg001161l||full	21774	0.268760907504363	0.268760907504363	0.559462	0.00437721	5516.J.hifi_reads_s1157.ctg001161l||full	Megaviricetes
5516.K.hifi_reads	7_2018_F4_2	5516.J.hifi_reads_s1203.ctg001207l||full	33814	0.4856864020819779	0.5479091500561898	1.14055	0.0089236	5516.J.hifi_reads_s1203.ctg001207l||full	Megaviricetes
5516.K.hifi_reads	7_2018_F4_2	5516.J.hifi_reads_s1319.ctg001323l||full	48218	0.3992492430212783	0.4450412708946866	0.926414	0.00724823	5516.J.hifi_reads_s1319.ctg001323l||full	Megaviricetes
5516.K.hifi_reads	7_2018_F4_2	5516.J.hifi_reads_s1458.ctg001463l||full	35889	0.3720081361977208	0.4920170525787846	1.0242	0.00801331	5516.J.hifi_reads_s1458.ctg001463l||full	Megaviricetes
5516.K.hifi_reads	7_2018_F4_2	5516.J.hifi_reads_s1496.ctg001501l||full	31019	0.4875398949031239	0.6914471775363487	1.43934	0.0112614	5516.J.hifi_reads_s1496.ctg001501l||full	Megaviricetes
5516.K.hifi_reads	7_2018_F4_2	5516.J.hifi_reads_s1606.ctg001613l||full	26581	0.5284225574658591	0.9211466837214553	1.91749	0.0150024	5516.J.hifi_reads_s1606.ctg001613l||full	Megaviricetes
5516.K.hifi_reads	7_2018_F4_2	5516.J.hifi_reads_s1797.ctg001805l||full	24644	0.7041470540496673	1.806037980847265	3.75951	0.0294143	5516.J.hifi_reads_s1797.ctg001805l||full	Megaviricetes
5516.K.hifi_reads	7_2018_F4_2	5516.J.hifi_reads_s228.ctg000231l||full	17113	0.588266230351195	0.9342020686028166	1.94467	0.015215	5516.J.hifi_reads_s228.ctg000231l||full	Megaviricetes
5516.K.hifi_reads	7_2018_F4_2	5516.J.hifi_reads_s236.ctg000239l||full	41038	0.7508163165846289	1.7172133144890105	3.57461	0.0279676	5516.J.hifi_reads_s236.ctg000239l||full	Megaviricetes
5516.K.hifi_reads	7_2018_F4_2	5516.J.hifi_reads_s293.ctg000296l||full	44247	0.226275227699053	0.226275227699053	0.471023	0.00368526	5516.J.hifi_reads_s293.ctg000296l||full	Megaviricetes
5516.K.hifi_reads	7_2018_F4_2	5516.J.hifi_reads_s327.ctg000330l||full	17538	0.944064317482039	1.7339491390124302	3.60945	0.0282402	5516.J.hifi_reads_s327.ctg000330l||full	Megaviricetes
5516.K.hifi_reads	7_2018_F4_2	5516.J.hifi_reads_s336.ctg000339l||full	31858	0.1717308054491807	0.1717308054491807	0.357481	0.00279692	5516.J.hifi_reads_s336.ctg000339l||full	Megaviricetes
5516.K.hifi_reads	7_2018_F4_2	5516.J.hifi_reads_s385.ctg000388l||full	25616	0.3646158650843223	0.4615865084322298	0.960855	0.0075177	5516.J.hifi_reads_s385.ctg000388l||full	Megaviricetes
5516.K.hifi_reads	7_2018_F4_2	5516.J.hifi_reads_s682.ctg000685l||full	63094	0.2701049228135797	0.2849557802643674	0.593174	0.00464097	5516.J.hifi_reads_s682.ctg000685l||full	Megaviricetes
5516.K.hifi_reads	7_2018_F4_2	5516.J.hifi_reads_s752.ctg000755l||full	40831	0.0705591339913301	0.0705591339913301	0.146878	0.00114917	5516.J.hifi_reads_s752.ctg000755l||full	Megaviricetes
5516.K.hifi_reads	7_2018_F4_2	5516.J.hifi_reads_s761.ctg000764l||full	18412	0.068433630241147	0.068433630241147	0.142454	0.00111455	5516.J.hifi_reads_s761.ctg000764l||full	Megaviricetes
5516.K.hifi_reads	7_2018_F4_2	5516.J.hifi_reads_s914.ctg000917l||full	17680	0.9912330316742082	2.9812217194570136	6.20582	0.0485541	5516.J.hifi_reads_s914.ctg000917l||full	Megaviricetes
5516.K.hifi_reads	7_2018_F4_2	5516.K.hifi_reads_s128.ctg000132l||full	16992	0.9997645951035782	1.8027895480225988	3.75275	0.0293614	5516.K.hifi_reads_s128.ctg000132l||full	Megaviricetes
5516.K.hifi_reads	7_2018_F4_2	5516.K.hifi_reads_s168.ctg000174l||full	26529	0.999924610803272	2.167552489728222	4.51206	0.0353022	5516.K.hifi_reads_s168.ctg000174l||full	Megaviricetes
5516.K.hifi_reads	7_2018_F4_2	5516.K.hifi_reads_s275.ctg000282l||full	11450	1.0	1.8238427947598248	3.79658	0.0297043	5516.K.hifi_reads_s275.ctg000282l||full	Megaviricetes
5516.K.hifi_reads	7_2018_F4_2	5516.K.hifi_reads_s526.ctg000535l||full	11640	1.0	2.263144329896907	4.71104	0.036859	5516.K.hifi_reads_s526.ctg000535l||full	Megaviricetes
5516.K.hifi_reads	7_2018_F4_2	5516.K.hifi_reads_s559.ctg000568l||full	16736	0.9998804971319312	1.3280353728489485	2.76449	0.0216292	5516.K.hifi_reads_s559.ctg000568l||full	Megaviricetes
5516.K.hifi_reads	7_2018_F4_2	5516.S.hifi_reads_s1.ctg000002l||full	41765	0.2960134083562792	0.3614988626840656	0.752509	0.0058876	5516.S.hifi_reads_s1.ctg000002l||full	Megaviricetes
5516.K.hifi_reads	7_2018_F4_2	5516.S.hifi_reads_s148.ctg000151l||full	19685	0.5963423926847854	1.4387096774193548	2.99487	0.0234318	5516.S.hifi_reads_s148.ctg000151l||full	Megaviricetes
5516.K.hifi_reads	7_2018_F4_2	5516.S.hifi_reads_s169.ctg000173l||full	26528	0.420423703256936	0.6040787092882992	1.25747	0.00983842	5516.S.hifi_reads_s169.ctg000173l||full	Megaviricetes
5516.K.hifi_reads	7_2018_F4_2	5516.S.hifi_reads_s24.ctg000025l||full	27110	0.516451493913685	0.7611582441903356	1.58445	0.0123967	5516.S.hifi_reads_s24.ctg000025l||full	Megaviricetes
5516.K.hifi_reads	7_2018_F4_2	5516.S.hifi_reads_s339.ctg000349l||full	16084	0.8444416811738373	1.116824173091271	2.32482	0.0181893	5516.S.hifi_reads_s339.ctg000349l||full	Megaviricetes
5516.K.hifi_reads	7_2018_F4_2	5516.S.hifi_reads_s421.ctg000440l||full	12909	0.9748237663645518	2.1468742737624917	4.46901	0.0349654	5516.S.hifi_reads_s421.ctg000440l||full	Megaviricetes
5516.K.hifi_reads	7_2018_F4_2	5516.S.hifi_reads_s441.ctg000460l||full	24898	0.2257209414410796	0.2257209414410796	0.469869	0.00367624	5516.S.hifi_reads_s441.ctg000460l||full	Megaviricetes
5516.K.hifi_reads	7_2018_F4_2	5516.S.hifi_reads_s458.ctg000478l||full	19860	0.8601208459214501	1.5497482376636456	3.22601	0.0252402	5516.S.hifi_reads_s458.ctg000478l||full	Megaviricetes
5516.K.hifi_reads	7_2018_F4_2	5516_AB_hifi_reads_s155.ctg000156l||full	28602	0.0821271239773442	0.0821271239773442	0.170959	0.00133758	5516_AB_hifi_reads_s155.ctg000156l||full	Megaviricetes
5516.K.hifi_reads	7_2018_F4_2	5516_AB_hifi_reads_s181.ctg000182l||full	11270	0.0607808340727595	0.0607808340727595	0.126524	0.000989916	5516_AB_hifi_reads_s181.ctg000182l||full	Megaviricetes
5516.K.hifi_reads	7_2018_F4_2	5516_AB_hifi_reads_s207.ctg000208l||full	26340	0.6782080485952924	1.017995444191344	2.1191	0.0165797	5516_AB_hifi_reads_s207.ctg000208l||full	Megaviricetes
5516.K.hifi_reads	7_2018_F4_2	5516_AB_hifi_reads_s312.ctg000313l||full	34290	0.1826771653543307	0.1926217556138816	0.400968	0.00313716	5516_AB_hifi_reads_s312.ctg000313l||full	Megaviricetes
5516.K.hifi_reads	7_2018_F4_2	5516_AB_hifi_reads_s471.ctg000472l||full	14323	0.093695454862808	0.093695454862808	0.19504	0.00152598	5516_AB_hifi_reads_s471.ctg000472l||full	Megaviricetes
5516.K.hifi_reads	7_2018_F4_2	5516_AB_hifi_reads_s61.ctg000062l||full	19927	0.0591659557384453	0.0591659557384453	0.123162	0.000963615	5516_AB_hifi_reads_s61.ctg000062l||full	Megaviricetes
5516.K.hifi_reads	7_2018_F4_2	5516_M_hifi_reads_s593.ctg000594l||full	10175	0.0612285012285012	0.0612285012285012	0.127455	0.000997207	5516_M_hifi_reads_s593.ctg000594l||full	Megaviricetes
5516.L.hifi_reads	8_2018_F4_1	5068_N_run562_hifi_trimmed_deduplicated_s1960.ctg002023l||full	28482	0.0321255529808299	0.0321255529808299	0.0341737	0.000102148	5068_N_run562_hifi_trimmed_deduplicated_s1960.ctg002023l||full	Megaviricetes
5516.L.hifi_reads	8_2018_F4_1	5068_N_run562_hifi_trimmed_deduplicated_s2831.ctg002928l||full	20798	0.4497067025675546	0.5372151168381575	0.571465	0.00170816	5068_N_run562_hifi_trimmed_deduplicated_s2831.ctg002928l||full	Megaviricetes
5516.L.hifi_reads	8_2018_F4_1	5068_N_run562_hifi_trimmed_deduplicated_s3952.ctg004086l||full	17211	0.3598280169658939	0.5056068793213643	0.537842	0.00160765	5068_N_run562_hifi_trimmed_deduplicated_s3952.ctg004086l||full	Megaviricetes
5516.L.hifi_reads	8_2018_F4_1	5068_N_run562_hifi_trimmed_deduplicated_s4323.ctg004477l||full	24242	0.3349146110056926	0.3349146110056926	0.356267	0.00106491	5068_N_run562_hifi_trimmed_deduplicated_s4323.ctg004477l||full	Megaviricetes
5516.L.hifi_reads	8_2018_F4_1	5068_N_run562_hifi_trimmed_deduplicated_s4481.ctg004642l||full	19699	0.0287324229656327	0.0287324229656327	0.0305643	9.13591e-05	5068_N_run562_hifi_trimmed_deduplicated_s4481.ctg004642l||full	Megaviricetes
5516.L.hifi_reads	8_2018_F4_1	5516.AH.hifi_reads_s3350.ctg003354l||full_1	12839	0.0448633071111457	0.0448633071111457	0.0477236	0.00014265	5516.AH.hifi_reads_s3350.ctg003354l||full_1	Megaviricetes
5516.L.hifi_reads	8_2018_F4_1	5516.AH.hifi_reads_s5194.ctg005203l||full	13088	0.4052567237163814	0.4052567237163814	0.431094	0.00128857	5516.AH.hifi_reads_s5194.ctg005203l||full	Megaviricetes
5516.L.hifi_reads	8_2018_F4_1	5516.I.hifi_reads_s121.ctg000122l||full	108794	0.1959758810228505	0.1959758810228505	0.20847	0.000623135	5516.I.hifi_reads_s121.ctg000122l||full	Megaviricetes
5516.L.hifi_reads	8_2018_F4_1	5516.I.hifi_reads_s499.ctg000511l||full_1	125104	0.2785762245811485	0.2785762245811485	0.296337	0.000885775	5516.I.hifi_reads_s499.ctg000511l||full_1	Megaviricetes
5516.L.hifi_reads	8_2018_F4_1	5516.I.hifi_reads_s521.ctg000536l||full_1	53345	0.386390477083138	0.469247352141719	0.499164	0.00149204	5516.I.hifi_reads_s521.ctg000536l||full_1	Megaviricetes
5516.L.hifi_reads	8_2018_F4_1	5516.I.hifi_reads_s532.ctg000548l||full	72062	0.0454608531542283	0.0454608531542283	0.0483592	0.00014455	5516.I.hifi_reads_s532.ctg000548l||full	Megaviricetes
5516.L.hifi_reads	8_2018_F4_1	5516.J.hifi_reads_s1203.ctg001207l||full	33814	0.2573786005796415	0.2698586384337848	0.287064	0.000858056	5516.J.hifi_reads_s1203.ctg001207l||full	Megaviricetes
5516.L.hifi_reads	8_2018_F4_1	5516.J.hifi_reads_s1319.ctg001323l||full	48218	0.1821518934837612	0.1821518934837612	0.193765	0.000579179	5516.J.hifi_reads_s1319.ctg001323l||full	Megaviricetes
5516.L.hifi_reads	8_2018_F4_1	5516.J.hifi_reads_s1606.ctg001613l||full	26581	0.2520221210639178	0.2520221210639178	0.26809	0.000801342	5516.J.hifi_reads_s1606.ctg001613l||full	Megaviricetes
5516.L.hifi_reads	8_2018_F4_1	5516.J.hifi_reads_s1797.ctg001805l||full	24644	0.1461207596169453	0.1461207596169453	0.155437	0.000464613	5516.J.hifi_reads_s1797.ctg001805l||full	Megaviricetes
5516.L.hifi_reads	8_2018_F4_1	5516.J.hifi_reads_s293.ctg000296l||full	44247	0.0746039279499175	0.0746039279499175	0.0793603	0.000237214	5516.J.hifi_reads_s293.ctg000296l||full	Megaviricetes
5516.L.hifi_reads	8_2018_F4_1	5516.J.hifi_reads_s327.ctg000330l||full	17538	0.2776257269928156	0.2776257269928156	0.295326	0.000882753	5516.J.hifi_reads_s327.ctg000330l||full	Megaviricetes
5516.L.hifi_reads	8_2018_F4_1	5516.J.hifi_reads_s336.ctg000339l||full	31858	0.0557473789942871	0.0557473789942871	0.0593016	0.000177257	5516.J.hifi_reads_s336.ctg000339l||full	Megaviricetes
5516.L.hifi_reads	8_2018_F4_1	5516.J.hifi_reads_s682.ctg000685l||full	63094	0.1183155292103845	0.1183155292103845	0.125859	0.000376202	5516.J.hifi_reads_s682.ctg000685l||full	Megaviricetes
5516.L.hifi_reads	8_2018_F4_1	5516.J.hifi_reads_s914.ctg000917l||full	17680	0.2020927601809954	0.2020927601809954	0.214977	0.000642584	5516.J.hifi_reads_s914.ctg000917l||full	Megaviricetes
5516.L.hifi_reads	8_2018_F4_1	5516.K.hifi_reads_s128.ctg000132l||full	16992	0.1251177024482109	0.1251177024482109	0.133095	0.000397831	5516.K.hifi_reads_s128.ctg000132l||full	Megaviricetes
5516.L.hifi_reads	8_2018_F4_1	5516.K.hifi_reads_s168.ctg000174l||full	26529	0.1119529571412416	0.1119529571412416	0.119091	0.000355971	5516.K.hifi_reads_s168.ctg000174l||full	Megaviricetes
5516.L.hifi_reads	8_2018_F4_1	5516.K.hifi_reads_s526.ctg000535l||full	11640	0.7695876288659794	1.2118556701030927	1.28912	0.00385328	5516.K.hifi_reads_s526.ctg000535l||full	Megaviricetes
5516.L.hifi_reads	8_2018_F4_1	5516.Q.hifi_reads_s1112.ctg001113l||full	18406	0.0939367597522547	0.0939367597522547	0.0999257	0.000298686	5516.Q.hifi_reads_s1112.ctg001113l||full	Megaviricetes
5516.L.hifi_reads	8_2018_F4_1	5516.S.hifi_reads_s1.ctg000002l||full	41765	0.1620016760445349	0.1755776367772057	0.186772	0.000558275	5516.S.hifi_reads_s1.ctg000002l||full	Megaviricetes
5516.L.hifi_reads	8_2018_F4_1	5516.S.hifi_reads_s339.ctg000349l||full	16084	0.364772444665506	0.364772444665506	0.388029	0.00115985	5516.S.hifi_reads_s339.ctg000349l||full	Megaviricetes
5516.L.hifi_reads	8_2018_F4_1	5516.S.hifi_reads_s392.ctg000408l||full	14921	0.1822263923329535	0.1822263923329535	0.193844	0.000579416	5516.S.hifi_reads_s392.ctg000408l||full	Megaviricetes
5516.L.hifi_reads	8_2018_F4_1	5516.S.hifi_reads_s441.ctg000460l||full	24898	0.0726162743995501	0.0726162743995501	0.0772459	0.000230894	5516.S.hifi_reads_s441.ctg000460l||full	Megaviricetes
5516.L.hifi_reads	8_2018_F4_1	5516.S.hifi_reads_s458.ctg000478l||full	19860	0.4947129909365559	0.6104733131923464	0.649394	0.00194109	5516.S.hifi_reads_s458.ctg000478l||full	Megaviricetes
5516.L.hifi_reads	8_2018_F4_1	5516_AB_hifi_reads_s156.ctg000157l||full	31855	0.0421283942866112	0.0421283942866112	0.0448143	0.000133954	5516_AB_hifi_reads_s156.ctg000157l||full	Megaviricetes
5516.L.hifi_reads	8_2018_F4_1	5516_AB_hifi_reads_s207.ctg000208l||full	26340	0.8243356112376613	1.0534927866362946	1.12066	0.00334974	5516_AB_hifi_reads_s207.ctg000208l||full	Megaviricetes
5516.L.hifi_reads	8_2018_F4_1	5516_AB_hifi_reads_s312.ctg000313l||full	34290	0.0861767279090113	0.0861767279090113	0.0916709	0.000274012	5516_AB_hifi_reads_s312.ctg000313l||full	Megaviricetes
5516.N.hifi_reads	8_2017_F4_1	5516.G.hifi_reads_s745.ctg000756l||full_1	34066	0.0154406152762284	0.0154406152762284	0.0156792	6.48221e-05	5516.G.hifi_reads_s745.ctg000756l||full_1	Megaviricetes
5516.N.hifi_reads	8_2017_F4_1	5516.K.hifi_reads_s128.ctg000132l||full	16992	0.0989289077212806	0.0989289077212806	0.100457	0.000415319	5516.K.hifi_reads_s128.ctg000132l||full	Megaviricetes
5516.N.hifi_reads	8_2017_F4_1	5516.K.hifi_reads_s526.ctg000535l||full	11640	0.184106529209622	0.184106529209622	0.186951	0.000772907	5516.K.hifi_reads_s526.ctg000535l||full	Megaviricetes
5516.N.hifi_reads	8_2017_F4_1	5516.N.hifi_reads_s11.ctg000012l||full	21307	0.999953067067161	1.350635941239968	1.3715	0.00567018	5516.N.hifi_reads_s11.ctg000012l||full	Megaviricetes
5516.N.hifi_reads	8_2017_F4_1	5516.N.hifi_reads_s2144.ctg002175l||full	11147	0.9694088095451692	1.7435184354534852	1.77045	0.00731956	5516.N.hifi_reads_s2144.ctg002175l||full	Megaviricetes
5516.N.hifi_reads	8_2017_F4_1	5516.S.hifi_reads_s1.ctg000002l||full	41765	0.0235603974619897	0.0235603974619897	0.0239244	9.89101e-05	5516.S.hifi_reads_s1.ctg000002l||full	Megaviricetes
5516.N.hifi_reads	8_2017_F4_1	5516.S.hifi_reads_s24.ctg000025l||full	27110	0.0118775359645887	0.0118775359645887	0.012061	4.98637e-05	5516.S.hifi_reads_s24.ctg000025l||full	Megaviricetes
5516.N.hifi_reads	8_2017_F4_1	5516.S.hifi_reads_s441.ctg000460l||full	24898	0.0609687525102417	0.0609687525102417	0.0619107	0.000255956	5516.S.hifi_reads_s441.ctg000460l||full	Megaviricetes
5516.Q.hifi_reads	5_2018_F4_2	5516.J.hifi_reads_s682.ctg000685l||full	63094	0.078581164611532	0.078581164611532	0.100713	0.000298788	5516.J.hifi_reads_s682.ctg000685l||full	Megaviricetes
5516.Q.hifi_reads	5_2018_F4_2	5516.J.hifi_reads_s752.ctg000755l||full	40831	0.1299992652641375	0.1299992652641375	0.166612	0.000494294	5516.J.hifi_reads_s752.ctg000755l||full	Megaviricetes
5516.Q.hifi_reads	5_2018_F4_2	5516.Q.hifi_reads_s1112.ctg001113l||full	18406	1.0	1.5721503857437793	2.01493	0.00597776	5516.Q.hifi_reads_s1112.ctg001113l||full	Megaviricetes
5516.Q.hifi_reads	5_2018_F4_2	5516_AB_hifi_reads_s195.ctg000196l||full	31302	0.0167401443997188	0.0167401443997188	0.0214548	6.36507e-05	5516_AB_hifi_reads_s195.ctg000196l||full	Megaviricetes
5516.Q.hifi_reads	5_2018_F4_2	5516_AB_hifi_reads_s212.ctg000213l||full	38847	0.0599274075218163	0.0599274075218163	0.0768053	0.000227861	5516_AB_hifi_reads_s212.ctg000213l||full	Megaviricetes
5516.Q.hifi_reads	5_2018_F4_2	5516_AB_hifi_reads_s279.ctg000280l||full	37125	0.34596632996633	0.34596632996633	0.443404	0.00131546	5516_AB_hifi_reads_s279.ctg000280l||full	Megaviricetes
5516.Q.hifi_reads	5_2018_F4_2	5516_AB_hifi_reads_s42.ctg000043l||full	33972	0.299069822206523	0.299069822206523	0.3833	0.00113715	5516_AB_hifi_reads_s42.ctg000043l||full	Megaviricetes
5516.Q.hifi_reads	5_2018_F4_2	5516_AB_hifi_reads_s532.ctg000533l||full	23774	0.1219819971397324	0.1219819971397324	0.156337	0.00046381	5516_AB_hifi_reads_s532.ctg000533l||full	Megaviricetes
5516.Q.hifi_reads	5_2018_F4_2	5516_AB_hifi_reads_s69.ctg000070l||full	13400	0.667910447761194	0.667910447761194	0.85602	0.00253958	5516_AB_hifi_reads_s69.ctg000070l||full	Megaviricetes
5516.Q.hifi_reads	5_2018_F4_2	5516_M_hifi_reads_s593.ctg000594l||full	10175	0.0456019656019656	0.0456019656019656	0.0584453	0.000173392	5516_M_hifi_reads_s593.ctg000594l||full	Megaviricetes
5516.S.hifi_reads	8_2019_F4_2	5068_N_run562_hifi_trimmed_deduplicated_s1960.ctg002023l||full	28482	0.9172108700231724	2.1000631978091424	2.62082	0.0549755	5068_N_run562_hifi_trimmed_deduplicated_s1960.ctg002023l||full	Megaviricetes
5516.S.hifi_reads	8_2019_F4_2	5068_N_run562_hifi_trimmed_deduplicated_s2239.ctg002313l||full	31632	0.1093512898330804	0.1093512898330804	0.136467	0.0028626	5068_N_run562_hifi_trimmed_deduplicated_s2239.ctg002313l||full	Megaviricetes
5516.S.hifi_reads	8_2019_F4_2	5068_N_run562_hifi_trimmed_deduplicated_s2646.ctg002734l||full	34651	0.3903494848633517	1.0753513607110905	1.34201	0.0281506	5068_N_run562_hifi_trimmed_deduplicated_s2646.ctg002734l||full	Megaviricetes
5516.S.hifi_reads	8_2019_F4_2	5068_N_run562_hifi_trimmed_deduplicated_s2831.ctg002928l||full	20798	0.4823059909606693	1.5282719492258872	1.90724	0.0400071	5068_N_run562_hifi_trimmed_deduplicated_s2831.ctg002928l||full	Megaviricetes
5516.S.hifi_reads	8_2019_F4_2	5068_N_run562_hifi_trimmed_deduplicated_s3354.ctg003466l||full	27405	0.2514504652435687	0.3226053639846743	0.402602	0.00844517	5068_N_run562_hifi_trimmed_deduplicated_s3354.ctg003466l||full	Megaviricetes
5516.S.hifi_reads	8_2019_F4_2	5068_N_run562_hifi_trimmed_deduplicated_s3416.ctg003532l||full	22159	0.4664470418340178	0.6824315176677648	0.851654	0.0178647	5068_N_run562_hifi_trimmed_deduplicated_s3416.ctg003532l||full	Megaviricetes
5516.S.hifi_reads	8_2019_F4_2	5068_N_run562_hifi_trimmed_deduplicated_s3676.ctg003801l||full	26801	0.4718480653706951	0.8550427222864818	1.06707	0.0223833	5068_N_run562_hifi_trimmed_deduplicated_s3676.ctg003801l||full	Megaviricetes
5516.S.hifi_reads	8_2019_F4_2	5068_N_run562_hifi_trimmed_deduplicated_s3686.ctg003811l||full	27572	0.7794138981575511	1.5668794429131003	1.95542	0.0410178	5068_N_run562_hifi_trimmed_deduplicated_s3686.ctg003811l||full	Megaviricetes
5516.S.hifi_reads	8_2019_F4_2	5068_N_run562_hifi_trimmed_deduplicated_s3952.ctg004086l||full	17211	0.9991865667305792	1.9696124571494973	2.45802	0.0515605	5068_N_run562_hifi_trimmed_deduplicated_s3952.ctg004086l||full	Megaviricetes
5516.S.hifi_reads	8_2019_F4_2	5068_N_run562_hifi_trimmed_deduplicated_s4323.ctg004477l||full	24242	0.6796881445425295	1.1583202706047355	1.44555	0.0303225	5068_N_run562_hifi_trimmed_deduplicated_s4323.ctg004477l||full	Megaviricetes
5516.S.hifi_reads	8_2019_F4_2	5068_N_run562_hifi_trimmed_deduplicated_s4481.ctg004642l||full	19699	0.25808416670897	0.3716432306208437	0.463799	0.00972888	5068_N_run562_hifi_trimmed_deduplicated_s4481.ctg004642l||full	Megaviricetes
5516.S.hifi_reads	8_2019_F4_2	5068_N_run562_hifi_trimmed_deduplicated_s4602.ctg004769l||full	25339	0.2711235644658432	0.3257429259244642	0.406517	0.0085273	5068_N_run562_hifi_trimmed_deduplicated_s4602.ctg004769l||full	Megaviricetes
5516.S.hifi_reads	8_2019_F4_2	5068_N_run562_hifi_trimmed_deduplicated_s4603.ctg004770l||full	14809	0.6375177257073401	0.661219528665001	0.825182	0.0173094	5068_N_run562_hifi_trimmed_deduplicated_s4603.ctg004770l||full	Megaviricetes
5516.S.hifi_reads	8_2019_F4_2	5068_N_run562_hifi_trimmed_deduplicated_s5662.ctg005890l||full	24930	0.1717208182912154	0.1717208182912154	0.214302	0.00449531	5068_N_run562_hifi_trimmed_deduplicated_s5662.ctg005890l||full	Megaviricetes
5516.S.hifi_reads	8_2019_F4_2	5068_N_run562_hifi_trimmed_deduplicated_s911.ctg000943l||full	49062	0.0707064530593942	0.0707064530593942	0.0882395	0.00185095	5068_N_run562_hifi_trimmed_deduplicated_s911.ctg000943l||full	Megaviricetes
5516.S.hifi_reads	8_2019_F4_2	5516.AE.hifi_reads_s2440.ctg002481l||full	29943	0.3208763316968908	0.3208763316968908	0.400444	0.0083999	5516.AE.hifi_reads_s2440.ctg002481l||full	Megaviricetes
5516.S.hifi_reads	8_2019_F4_2	5516.AE.hifi_reads_s2935.ctg002980l||full	21281	0.1524834359287627	0.221230205347493	0.276089	0.00579137	5516.AE.hifi_reads_s2935.ctg002980l||full	Megaviricetes
5516.S.hifi_reads	8_2019_F4_2	5516.AE.hifi_reads_s993.ctg001017l||full	17436	0.4901927047487956	0.4901927047487956	0.611746	0.0128323	5516.AE.hifi_reads_s993.ctg001017l||full	Megaviricetes
5516.S.hifi_reads	8_2019_F4_2	5516.AH.hifi_reads_s6697.ctg006711l||full	16534	0.0191121325752993	0.0191121325752993	0.0238514	0.000500318	5516.AH.hifi_reads_s6697.ctg006711l||full	Megaviricetes
5516.S.hifi_reads	8_2019_F4_2	5516.I.hifi_reads_s121.ctg000122l||full	108794	0.0840947111053918	0.0840947111053918	0.104948	0.00220143	5516.I.hifi_reads_s121.ctg000122l||full	Megaviricetes
5516.S.hifi_reads	8_2019_F4_2	5516.I.hifi_reads_s499.ctg000511l||full_1	125104	0.0476003964701368	0.0693822739480752	0.086587	0.00181629	5516.I.hifi_reads_s499.ctg000511l||full_1	Megaviricetes
5516.S.hifi_reads	8_2019_F4_2	5516.I.hifi_reads_s521.ctg000536l||full_1	53345	0.0721529665385696	0.0721529665385696	0.0900447	0.00188882	5516.I.hifi_reads_s521.ctg000536l||full_1	Megaviricetes
5516.S.hifi_reads	8_2019_F4_2	5516.I.hifi_reads_s532.ctg000548l||full	72062	0.2111653853626044	0.25171380200383	0.314131	0.00658937	5516.I.hifi_reads_s532.ctg000548l||full	Megaviricetes
5516.S.hifi_reads	8_2019_F4_2	5516.J.hifi_reads_s1061.ctg001065l||full	19185	0.0762574928329424	0.0762574928329424	0.095167	0.00199627	5516.J.hifi_reads_s1061.ctg001065l||full	Megaviricetes
5516.S.hifi_reads	8_2019_F4_2	5516.J.hifi_reads_s1068.ctg001072l||full	14958	0.309265944645006	0.4510629763337344	0.562913	0.0118079	5516.J.hifi_reads_s1068.ctg001072l||full	Megaviricetes
5516.S.hifi_reads	8_2019_F4_2	5516.J.hifi_reads_s1203.ctg001207l||full	33814	0.7275684627669012	1.540338321405335	1.9223	0.040323	5516.J.hifi_reads_s1203.ctg001207l||full	Megaviricetes
5516.S.hifi_reads	8_2019_F4_2	5516.J.hifi_reads_s1319.ctg001323l||full	48218	0.4709651997179476	1.3832801028661497	1.72629	0.0362115	5516.J.hifi_reads_s1319.ctg001323l||full	Megaviricetes
5516.S.hifi_reads	8_2019_F4_2	5516.J.hifi_reads_s1496.ctg001501l||full	31019	0.2917889035752281	0.3255101711854025	0.406227	0.00852121	5516.J.hifi_reads_s1496.ctg001501l||full	Megaviricetes
5516.S.hifi_reads	8_2019_F4_2	5516.J.hifi_reads_s1606.ctg001613l||full	26581	0.9301004476881984	2.812986719837478	3.51052	0.0736384	5516.J.hifi_reads_s1606.ctg001613l||full	Megaviricetes
5516.S.hifi_reads	8_2019_F4_2	5516.J.hifi_reads_s1797.ctg001805l||full	24644	0.2774306119136503	0.6835335172861549	0.853029	0.0178935	5516.J.hifi_reads_s1797.ctg001805l||full	Megaviricetes
5516.S.hifi_reads	8_2019_F4_2	5516.J.hifi_reads_s236.ctg000239l||full	41038	0.2524733174131293	0.5724694185876504	0.714424	0.0149861	5516.J.hifi_reads_s236.ctg000239l||full	Megaviricetes
5516.S.hifi_reads	8_2019_F4_2	5516.J.hifi_reads_s327.ctg000330l||full	17538	0.6625042764283271	0.8266621051431178	1.03165	0.0216404	5516.J.hifi_reads_s327.ctg000330l||full	Megaviricetes
5516.S.hifi_reads	8_2019_F4_2	5516.J.hifi_reads_s682.ctg000685l||full	63094	0.0901670523346118	0.0901670523346118	0.112526	0.00236039	5516.J.hifi_reads_s682.ctg000685l||full	Megaviricetes
5516.S.hifi_reads	8_2019_F4_2	5516.J.hifi_reads_s914.ctg000917l||full	17680	0.3906674208144796	1.1354072398190045	1.41695	0.0297227	5516.J.hifi_reads_s914.ctg000917l||full	Megaviricetes
5516.S.hifi_reads	8_2019_F4_2	5516.K.hifi_reads_s128.ctg000132l||full	16992	0.2853695856873823	0.3301553672316384	0.412024	0.00864281	5516.K.hifi_reads_s128.ctg000132l||full	Megaviricetes
5516.S.hifi_reads	8_2019_F4_2	5516.K.hifi_reads_s168.ctg000174l||full	26529	0.1159862791661954	0.1159862791661954	0.144747	0.00303629	5516.K.hifi_reads_s168.ctg000174l||full	Megaviricetes
5516.S.hifi_reads	8_2019_F4_2	5516.K.hifi_reads_s275.ctg000282l||full	11450	0.3495196506550218	0.445414847161572	0.555864	0.0116601	5516.K.hifi_reads_s275.ctg000282l||full	Megaviricetes
5516.S.hifi_reads	8_2019_F4_2	5516.K.hifi_reads_s526.ctg000535l||full	11640	0.3957903780068728	0.3957903780068728	0.493934	0.010361	5516.K.hifi_reads_s526.ctg000535l||full	Megaviricetes
5516.S.hifi_reads	8_2019_F4_2	5516.K.hifi_reads_s559.ctg000568l||full	16736	0.939651051625239	2.100442160611854	2.62129	0.0549854	5516.K.hifi_reads_s559.ctg000568l||full	Megaviricetes
5516.S.hifi_reads	8_2019_F4_2	5516.S.hifi_reads_s1.ctg000002l||full	41765	0.9999760565066445	3.839434933556806	4.7915	0.100509	5516.S.hifi_reads_s1.ctg000002l||full	Megaviricetes
5516.S.hifi_reads	8_2019_F4_2	5516.S.hifi_reads_s111.ctg000113l||full	15425	1.0	1.7648622366288491	2.20249	0.0462006	5516.S.hifi_reads_s111.ctg000113l||full	Megaviricetes
5516.S.hifi_reads	8_2019_F4_2	5516.S.hifi_reads_s148.ctg000151l||full	19685	1.0	1.2895605791211582	1.60933	0.0337581	5516.S.hifi_reads_s148.ctg000151l||full	Megaviricetes
5516.S.hifi_reads	8_2019_F4_2	5516.S.hifi_reads_s169.ctg000173l||full	26528	1.0	3.131069059107358	3.90748	0.0819652	5516.S.hifi_reads_s169.ctg000173l||full	Megaviricetes
5516.S.hifi_reads	8_2019_F4_2	5516.S.hifi_reads_s193.ctg000198l||full	14806	0.9998649196271782	2.236120491692557	2.79061	0.0585372	5516.S.hifi_reads_s193.ctg000198l||full	Megaviricetes
5516.S.hifi_reads	8_2019_F4_2	5516.S.hifi_reads_s24.ctg000025l||full	27110	1.0	3.609664330505349	4.50475	0.0944938	5516.S.hifi_reads_s24.ctg000025l||full	Megaviricetes
5516.S.hifi_reads	8_2019_F4_2	5516.S.hifi_reads_s272.ctg000281l||full	29127	0.9999656675936416	2.1805884574449825	2.72131	0.0570835	5516.S.hifi_reads_s272.ctg000281l||full	Megaviricetes
5516.S.hifi_reads	8_2019_F4_2	5516.S.hifi_reads_s291.ctg000301l||full	25437	1.0	3.0906553445767977	3.85704	0.0809072	5516.S.hifi_reads_s291.ctg000301l||full	Megaviricetes
5516.S.hifi_reads	8_2019_F4_2	5516.S.hifi_reads_s339.ctg000349l||full	16084	1.0	3.2190375528475506	4.01726	0.084268	5516.S.hifi_reads_s339.ctg000349l||full	Megaviricetes
5516.S.hifi_reads	8_2019_F4_2	5516.S.hifi_reads_s377.ctg000392l||full	19646	1.0	1.6826325969663036	2.09987	0.044048	5516.S.hifi_reads_s377.ctg000392l||full	Megaviricetes
5516.S.hifi_reads	8_2019_F4_2	5516.S.hifi_reads_s392.ctg000408l||full	14921	1.0	2.1099122042758527	2.63311	0.0552333	5516.S.hifi_reads_s392.ctg000408l||full	Megaviricetes
5516.S.hifi_reads	8_2019_F4_2	5516.S.hifi_reads_s403.ctg000419l||full	32011	0.9999375214769924	2.726281590703196	3.40232	0.0713686	5516.S.hifi_reads_s403.ctg000419l||full	Megaviricetes
5516.S.hifi_reads	8_2019_F4_2	5516.S.hifi_reads_s410.ctg000427l||full	30011	1.0	2.7391623071540434	3.41839	0.0717058	5516.S.hifi_reads_s410.ctg000427l||full	Megaviricetes
5516.S.hifi_reads	8_2019_F4_2	5516.S.hifi_reads_s421.ctg000440l||full	12909	1.0	2.5881168177240683	3.22989	0.0677517	5516.S.hifi_reads_s421.ctg000440l||full	Megaviricetes
5516.S.hifi_reads	8_2019_F4_2	5516.S.hifi_reads_s441.ctg000460l||full	24898	1.0	7.050726966021367	8.79909	0.184574	5516.S.hifi_reads_s441.ctg000460l||full	Megaviricetes
5516.S.hifi_reads	8_2019_F4_2	5516.S.hifi_reads_s458.ctg000478l||full	19860	1.0	2.8824269889224574	3.59718	0.0754562	5516.S.hifi_reads_s458.ctg000478l||full	Megaviricetes
5516.S.hifi_reads	8_2019_F4_2	5516.S.hifi_reads_s470.ctg000491l||full	21845	0.9827878233005264	2.366720073243305	2.95359	0.061956	5516.S.hifi_reads_s470.ctg000491l||full	Megaviricetes
5516.S.hifi_reads	8_2019_F4_2	5516_AB_hifi_reads_s207.ctg000208l||full	26340	0.5299924069855733	0.5299924069855733	0.661414	0.0138741	5516_AB_hifi_reads_s207.ctg000208l||full	Megaviricetes
5516.S.hifi_reads	8_2019_F4_2	5516_M_hifi_reads_s593.ctg000594l||full	10175	0.1784766584766584	0.2479606879606879	0.309447	0.00649112	5516_M_hifi_reads_s593.ctg000594l||full	Megaviricetes
5516_AB_hifi_reads	7_2019_F4_1	5068_A_run562_hifi_trimmed_deduplicated_s274.ctg000312l||full	44582	0.0284868332510878	0.0284868332510878	0.0672681	0.000258971	5068_A_run562_hifi_trimmed_deduplicated_s274.ctg000312l||full	Megaviricetes
5516_AB_hifi_reads	7_2019_F4_1	5068_N_run562_hifi_trimmed_deduplicated_s1960.ctg002023l||full	28482	0.1997050768906678	0.1997050768906678	0.471579	0.0018155	5068_N_run562_hifi_trimmed_deduplicated_s1960.ctg002023l||full	Megaviricetes
5516_AB_hifi_reads	7_2019_F4_1	5068_N_run562_hifi_trimmed_deduplicated_s2239.ctg002313l||full	31632	0.0431525037936267	0.0431525037936267	0.101899	0.000392295	5068_N_run562_hifi_trimmed_deduplicated_s2239.ctg002313l||full	Megaviricetes
5516_AB_hifi_reads	7_2019_F4_1	5068_N_run562_hifi_trimmed_deduplicated_s2646.ctg002734l||full	34651	0.0210960722634267	0.0210960722634267	0.0498157	0.000191782	5068_N_run562_hifi_trimmed_deduplicated_s2646.ctg002734l||full	Megaviricetes
5516_AB_hifi_reads	7_2019_F4_1	5068_N_run562_hifi_trimmed_deduplicated_s2831.ctg002928l||full	20798	0.2065583229156649	0.2065583229156649	0.487762	0.0018778	5068_N_run562_hifi_trimmed_deduplicated_s2831.ctg002928l||full	Megaviricetes
5516_AB_hifi_reads	7_2019_F4_1	5068_N_run562_hifi_trimmed_deduplicated_s3416.ctg003532l||full	22159	0.0533417572995171	0.0533417572995171	0.12596	0.000484925	5068_N_run562_hifi_trimmed_deduplicated_s3416.ctg003532l||full	Megaviricetes
5516_AB_hifi_reads	7_2019_F4_1	5068_N_run562_hifi_trimmed_deduplicated_s4481.ctg004642l||full	19699	0.0619828417686176	0.0619828417686176	0.146365	0.00056348	5068_N_run562_hifi_trimmed_deduplicated_s4481.ctg004642l||full	Megaviricetes
5516_AB_hifi_reads	7_2019_F4_1	5068_N_run562_hifi_trimmed_deduplicated_s72.ctg000078l||full	34379	0.1451176590360394	0.1939556124378254	0.458002	0.00176323	5068_N_run562_hifi_trimmed_deduplicated_s72.ctg000078l||full	Megaviricetes
5516_AB_hifi_reads	7_2019_F4_1	5068_N_run562_hifi_trimmed_deduplicated_s911.ctg000943l||full	49062	0.0285353226529697	0.0285353226529697	0.0673826	0.000259412	5068_N_run562_hifi_trimmed_deduplicated_s911.ctg000943l||full	Megaviricetes
5516_AB_hifi_reads	7_2019_F4_1	5516.AE.hifi_reads_s2440.ctg002481l||full	29943	0.0501285776308319	0.0501285776308319	0.118372	0.000455714	5516.AE.hifi_reads_s2440.ctg002481l||full	Megaviricetes
5516_AB_hifi_reads	7_2019_F4_1	5516.AE.hifi_reads_s2935.ctg002980l||full	21281	0.5065551430853813	0.6302805319298905	1.48833	0.00572982	5516.AE.hifi_reads_s2935.ctg002980l||full	Megaviricetes
5516_AB_hifi_reads	7_2019_F4_1	5516.AH.hifi_reads_s2073.ctg002076l||full_1	13069	0.6957686127477236	0.9593695003443262	2.26543	0.00872154	5516.AH.hifi_reads_s2073.ctg002076l||full_1	Megaviricetes
5516_AB_hifi_reads	7_2019_F4_1	5516.AH.hifi_reads_s2839.ctg002842l||full	20206	0.3437592794219539	0.3437592794219539	0.811745	0.00312508	5516.AH.hifi_reads_s2839.ctg002842l||full	Megaviricetes
5516_AB_hifi_reads	7_2019_F4_1	5516.AH.hifi_reads_s2869.ctg002872l||full	14752	0.2403741865509761	0.2403741865509761	0.567614	0.00218522	5516.AH.hifi_reads_s2869.ctg002872l||full	Megaviricetes
5516_AB_hifi_reads	7_2019_F4_1	5516.I.hifi_reads_s121.ctg000122l||full	108794	0.6928231336286927	1.6294097100943066	3.84765	0.0148128	5516.I.hifi_reads_s121.ctg000122l||full	Megaviricetes
5516_AB_hifi_reads	7_2019_F4_1	5516.I.hifi_reads_s187.ctg000189l||full	21504	0.6552269345238095	0.9146670386904762	2.15987	0.00831515	5516.I.hifi_reads_s187.ctg000189l||full	Megaviricetes
5516_AB_hifi_reads	7_2019_F4_1	5516.I.hifi_reads_s204.ctg000206l||full	26872	0.6006623995236677	1.0678029175349806	2.52148	0.0097073	5516.I.hifi_reads_s204.ctg000206l||full	Megaviricetes
5516_AB_hifi_reads	7_2019_F4_1	5516.I.hifi_reads_s372.ctg000376l||full	21102	0.4283006350108994	0.6056297981234007	1.43012	0.00550573	5516.I.hifi_reads_s372.ctg000376l||full	Megaviricetes
5516_AB_hifi_reads	7_2019_F4_1	5516.I.hifi_reads_s499.ctg000511l||full_1	125104	0.8097742678091827	2.0621402992710065	4.86949	0.0187467	5516.I.hifi_reads_s499.ctg000511l||full_1	Megaviricetes
5516_AB_hifi_reads	7_2019_F4_1	5516.I.hifi_reads_s521.ctg000536l||full_1	53345	0.7013965695004217	2.454456837566782	5.79589	0.0223132	5516.I.hifi_reads_s521.ctg000536l||full_1	Megaviricetes
5516_AB_hifi_reads	7_2019_F4_1	5516.I.hifi_reads_s532.ctg000548l||full	72062	0.8281479836807194	2.9999306153034886	7.08396	0.0272721	5516.I.hifi_reads_s532.ctg000548l||full	Megaviricetes
5516_AB_hifi_reads	7_2019_F4_1	5516.J.hifi_reads_s1068.ctg001072l||full	14958	0.0737398047867362	0.0737398047867362	0.174127	0.000670362	5516.J.hifi_reads_s1068.ctg001072l||full	Megaviricetes
5516_AB_hifi_reads	7_2019_F4_1	5516.J.hifi_reads_s1157.ctg001161l||full	21774	0.6926609718012309	1.1385138238265822	2.68846	0.0103501	5516.J.hifi_reads_s1157.ctg001161l||full	Megaviricetes
5516_AB_hifi_reads	7_2019_F4_1	5516.J.hifi_reads_s1203.ctg001207l||full	33814	0.0590288046371325	0.0590288046371325	0.139389	0.000536625	5516.J.hifi_reads_s1203.ctg001207l||full	Megaviricetes
5516_AB_hifi_reads	7_2019_F4_1	5516.J.hifi_reads_s1319.ctg001323l||full	48218	0.0653075614915591	0.1209092040316894	0.285512	0.00109917	5516.J.hifi_reads_s1319.ctg001323l||full	Megaviricetes
5516_AB_hifi_reads	7_2019_F4_1	5516.J.hifi_reads_s1496.ctg001501l||full	31019	0.2301815016602727	0.2301815016602727	0.543545	0.00209256	5516.J.hifi_reads_s1496.ctg001501l||full	Megaviricetes
5516_AB_hifi_reads	7_2019_F4_1	5516.J.hifi_reads_s1606.ctg001613l||full	26581	0.0679056468906361	0.0679056468906361	0.160351	0.000617324	5516.J.hifi_reads_s1606.ctg001613l||full	Megaviricetes
5516_AB_hifi_reads	7_2019_F4_1	5516.J.hifi_reads_s1797.ctg001805l||full	24644	0.4640074663204025	0.5484905047881837	1.29519	0.00498628	5516.J.hifi_reads_s1797.ctg001805l||full	Megaviricetes
5516_AB_hifi_reads	7_2019_F4_1	5516.J.hifi_reads_s228.ctg000231l||full	17113	0.2498100858996084	0.2498100858996084	0.589895	0.002271	5516.J.hifi_reads_s228.ctg000231l||full	Megaviricetes
5516_AB_hifi_reads	7_2019_F4_1	5516.J.hifi_reads_s236.ctg000239l||full	41038	0.0225157171402115	0.0225157171402115	0.0531681	0.000204688	5516.J.hifi_reads_s236.ctg000239l||full	Megaviricetes
5516_AB_hifi_reads	7_2019_F4_1	5516.J.hifi_reads_s293.ctg000296l||full	44247	0.5689425271769838	3.444369109770154	8.13345	0.0313124	5516.J.hifi_reads_s293.ctg000296l||full	Megaviricetes
5516_AB_hifi_reads	7_2019_F4_1	5516.J.hifi_reads_s327.ctg000330l||full	17538	0.1353632113125784	0.1353632113125784	0.319643	0.00123057	5516.J.hifi_reads_s327.ctg000330l||full	Megaviricetes
5516_AB_hifi_reads	7_2019_F4_1	5516.J.hifi_reads_s336.ctg000339l||full	31858	0.7624772427647687	1.123516856048716	2.65305	0.0102138	5516.J.hifi_reads_s336.ctg000339l||full	Megaviricetes
5516_AB_hifi_reads	7_2019_F4_1	5516.J.hifi_reads_s385.ctg000388l||full	25616	0.3564569019362898	0.3564569019362898	0.841729	0.00324052	5516.J.hifi_reads_s385.ctg000388l||full	Megaviricetes
5516_AB_hifi_reads	7_2019_F4_1	5516.J.hifi_reads_s470.ctg000473l||full	25091	0.3299988043521581	0.3299988043521581	0.779251	0.00299999	5516.J.hifi_reads_s470.ctg000473l||full	Megaviricetes
5516_AB_hifi_reads	7_2019_F4_1	5516.J.hifi_reads_s682.ctg000685l||full	63094	0.306003740450756	0.5628427425745712	1.32908	0.00511675	5516.J.hifi_reads_s682.ctg000685l||full	Megaviricetes
5516_AB_hifi_reads	7_2019_F4_1	5516.J.hifi_reads_s752.ctg000755l||full	40831	0.2712154980284588	0.4174034434620753	0.985646	0.00379458	5516.J.hifi_reads_s752.ctg000755l||full	Megaviricetes
5516_AB_hifi_reads	7_2019_F4_1	5516.K.hifi_reads_s128.ctg000132l||full	16992	0.1011064030131826	0.1011064030131826	0.23875	0.000919149	5516.K.hifi_reads_s128.ctg000132l||full	Megaviricetes
5516_AB_hifi_reads	7_2019_F4_1	5516.K.hifi_reads_s168.ctg000174l||full	26529	0.1882091296317238	0.1882091296317238	0.444432	0.00171099	5516.K.hifi_reads_s168.ctg000174l||full	Megaviricetes
5516_AB_hifi_reads	7_2019_F4_1	5516.Q.hifi_reads_s1112.ctg001113l||full	18406	0.0179832663261979	0.0179832663261979	0.0424652	0.000163484	5516.Q.hifi_reads_s1112.ctg001113l||full	Megaviricetes
5516_AB_hifi_reads	7_2019_F4_1	5516.S.hifi_reads_s148.ctg000151l||full	19685	0.1461010922021844	0.1714503429006858	0.404859	0.00155864	5516.S.hifi_reads_s148.ctg000151l||full	Megaviricetes
5516_AB_hifi_reads	7_2019_F4_1	5516.S.hifi_reads_s24.ctg000025l||full	27110	0.1457395794909627	0.1457395794909627	0.344146	0.00132491	5516.S.hifi_reads_s24.ctg000025l||full	Megaviricetes
5516_AB_hifi_reads	7_2019_F4_1	5516.S.hifi_reads_s339.ctg000349l||full	16084	0.5816339219099727	0.6936707286744591	1.63802	0.0063061	5516.S.hifi_reads_s339.ctg000349l||full	Megaviricetes
5516_AB_hifi_reads	7_2019_F4_1	5516.S.hifi_reads_s421.ctg000440l||full	12909	0.5733984042141141	0.7871252614455031	1.8587	0.00715568	5516.S.hifi_reads_s421.ctg000440l||full	Megaviricetes
5516_AB_hifi_reads	7_2019_F4_1	5516_AB_hifi_reads_s155.ctg000156l||full	28602	1.0	2.412733375288441	5.69737	0.0219339	5516_AB_hifi_reads_s155.ctg000156l||full	Megaviricetes
5516_AB_hifi_reads	7_2019_F4_1	5516_AB_hifi_reads_s156.ctg000157l||full	31855	1.0	2.0913200439491444	4.93839	0.019012	5516_AB_hifi_reads_s156.ctg000157l||full	Megaviricetes
5516_AB_hifi_reads	7_2019_F4_1	5516_AB_hifi_reads_s162.ctg000163l||full	19004	1.0	1.4704798989686385	3.47236	0.013368	5516_AB_hifi_reads_s162.ctg000163l||full	Megaviricetes
5516_AB_hifi_reads	7_2019_F4_1	5516_AB_hifi_reads_s181.ctg000182l||full	11270	0.9999112688553682	2.775155279503106	6.55318	0.0252287	5516_AB_hifi_reads_s181.ctg000182l||full	Megaviricetes
5516_AB_hifi_reads	7_2019_F4_1	5516_AB_hifi_reads_s194.ctg000195l||full	29105	0.9999656416423296	3.357189486342553	7.92759	0.0305199	5516_AB_hifi_reads_s194.ctg000195l||full	Megaviricetes
5516_AB_hifi_reads	7_2019_F4_1	5516_AB_hifi_reads_s195.ctg000196l||full	31302	1.0	4.297233403616382	10.1474	0.0390658	5516_AB_hifi_reads_s195.ctg000196l||full	Megaviricetes
5516_AB_hifi_reads	7_2019_F4_1	5516_AB_hifi_reads_s207.ctg000208l||full	26340	0.9999240698557328	2.969514047076689	7.01214	0.0269956	5516_AB_hifi_reads_s207.ctg000208l||full	Megaviricetes
5516_AB_hifi_reads	7_2019_F4_1	5516_AB_hifi_reads_s212.ctg000213l||full	38847	1.0	3.0714598295878703	7.25287	0.0279224	5516_AB_hifi_reads_s212.ctg000213l||full	Megaviricetes
5516_AB_hifi_reads	7_2019_F4_1	5516_AB_hifi_reads_s279.ctg000280l||full	37125	1.0	2.853925925925926	6.73919	0.0259448	5516_AB_hifi_reads_s279.ctg000280l||full	Megaviricetes
5516_AB_hifi_reads	7_2019_F4_1	5516_AB_hifi_reads_s312.ctg000313l||full	34290	0.9995625546806648	1.9129483814523185	4.51719	0.0173904	5516_AB_hifi_reads_s312.ctg000313l||full	Megaviricetes
5516_AB_hifi_reads	7_2019_F4_1	5516_AB_hifi_reads_s42.ctg000043l||full	33972	0.9997645119510185	2.5224008006593666	5.95634	0.0229309	5516_AB_hifi_reads_s42.ctg000043l||full	Megaviricetes
5516_AB_hifi_reads	7_2019_F4_1	5516_AB_hifi_reads_s471.ctg000472l||full	14323	1.0	2.957620610207359	6.98405	0.0268875	5516_AB_hifi_reads_s471.ctg000472l||full	Megaviricetes
5516_AB_hifi_reads	7_2019_F4_1	5516_AB_hifi_reads_s512.ctg000513l||full	19603	1.0	1.7769218997092282	4.19598	0.0161538	5516_AB_hifi_reads_s512.ctg000513l||full	Megaviricetes
5516_AB_hifi_reads	7_2019_F4_1	5516_AB_hifi_reads_s532.ctg000533l||full	23774	1.0	3.595440397072432	8.49018	0.0326858	5516_AB_hifi_reads_s532.ctg000533l||full	Megaviricetes
5516_AB_hifi_reads	7_2019_F4_1	5516_AB_hifi_reads_s553.ctg000554l||full	17057	1.0	3.4110335932461746	8.05473	0.0310094	5516_AB_hifi_reads_s553.ctg000554l||full	Megaviricetes
5516_AB_hifi_reads	7_2019_F4_1	5516_AB_hifi_reads_s578.ctg000579l||full	33280	0.9996995192307692	1.9471153846153848	4.59787	0.017701	5516_AB_hifi_reads_s578.ctg000579l||full	Megaviricetes
5516_AB_hifi_reads	7_2019_F4_1	5516_AB_hifi_reads_s61.ctg000062l||full	19927	0.9999498168314348	1.8718321874843176	4.4201	0.0170167	5516_AB_hifi_reads_s61.ctg000062l||full	Megaviricetes
5516_AB_hifi_reads	7_2019_F4_1	5516_AB_hifi_reads_s624.ctg000625l||full	13807	0.9999275729702324	2.568552183674948	6.06532	0.0233505	5516_AB_hifi_reads_s624.ctg000625l||full	Megaviricetes
5516_AB_hifi_reads	7_2019_F4_1	5516_AB_hifi_reads_s667.ctg000668l||full	24396	0.999918019347434	2.4440482046237086	5.77132	0.0222186	5516_AB_hifi_reads_s667.ctg000668l||full	Megaviricetes
5516_AB_hifi_reads	7_2019_F4_1	5516_AB_hifi_reads_s69.ctg000070l||full	13400	0.9999253731343284	2.069776119402985	4.88752	0.0188161	5516_AB_hifi_reads_s69.ctg000070l||full	Megaviricetes
5516_AB_hifi_reads	7_2019_F4_1	5516_AB_hifi_reads_s751.ctg000752l||full	18975	0.9997364953886692	1.5354413702239789	3.62575	0.0139586	5516_AB_hifi_reads_s751.ctg000752l||full	Megaviricetes
5516_AJ_hifi_reads	10_2017_F4	5516.G.hifi_reads_s1412.ctg001430l||full	41548	0.1409454125348994	0.1409454125348994	0.239289	0.000783901	5516.G.hifi_reads_s1412.ctg001430l||full	Megaviricetes
5516_AJ_hifi_reads	10_2017_F4	5516.K.hifi_reads_s526.ctg000535l||full	11640	0.0451030927835051	0.0451030927835051	0.0765734	0.000250851	5516.K.hifi_reads_s526.ctg000535l||full	Megaviricetes
5516_AJ_hifi_reads	10_2017_F4	5516.S.hifi_reads_s169.ctg000173l||full	26528	0.1169330518697225	0.1169330518697225	0.198522	0.000650351	5516.S.hifi_reads_s169.ctg000173l||full	Megaviricetes
5516_AJ_hifi_reads	10_2017_F4	5516.S.hifi_reads_s24.ctg000025l||full	27110	0.0603098487642936	0.0603098487642936	0.102391	0.000335427	5516.S.hifi_reads_s24.ctg000025l||full	Megaviricetes
5516_AJ_hifi_reads	10_2017_F4	5516_AB_hifi_reads_s61.ctg000062l||full	19927	0.0436091734832137	0.0436091734832137	0.0740371	0.000242543	5516_AB_hifi_reads_s61.ctg000062l||full	Megaviricetes
5516_M_hifi_reads	9_2018_F4_1	5068_N_run562_hifi_trimmed_deduplicated_s2831.ctg002928l||full	20798	0.1429464371574189	0.1429464371574189	0.140778	0.000592647	5068_N_run562_hifi_trimmed_deduplicated_s2831.ctg002928l||full	Megaviricetes
5516_M_hifi_reads	9_2018_F4_1	5068_N_run562_hifi_trimmed_deduplicated_s3354.ctg003466l||full	27405	0.3411421273490239	0.3411421273490239	0.335968	0.00141435	5068_N_run562_hifi_trimmed_deduplicated_s3354.ctg003466l||full	Megaviricetes
5516_M_hifi_reads	9_2018_F4_1	5068_N_run562_hifi_trimmed_deduplicated_s3416.ctg003532l||full	22159	0.307640236472765	0.4169411977074778	0.410617	0.00172861	5068_N_run562_hifi_trimmed_deduplicated_s3416.ctg003532l||full	Megaviricetes
5516_M_hifi_reads	9_2018_F4_1	5068_N_run562_hifi_trimmed_deduplicated_s3676.ctg003801l||full	26801	0.4083429722771538	0.4083429722771538	0.40215	0.00169296	5068_N_run562_hifi_trimmed_deduplicated_s3676.ctg003801l||full	Megaviricetes
5516_M_hifi_reads	9_2018_F4_1	5068_N_run562_hifi_trimmed_deduplicated_s3686.ctg003811l||full	27572	0.2626215000725374	0.3517336428260554	0.346399	0.00145827	5068_N_run562_hifi_trimmed_deduplicated_s3686.ctg003811l||full	Megaviricetes
5516_M_hifi_reads	9_2018_F4_1	5068_N_run562_hifi_trimmed_deduplicated_s3952.ctg004086l||full	17211	0.3877171576317471	0.3877171576317471	0.381837	0.00160745	5068_N_run562_hifi_trimmed_deduplicated_s3952.ctg004086l||full	Megaviricetes
5516_M_hifi_reads	9_2018_F4_1	5068_N_run562_hifi_trimmed_deduplicated_s4323.ctg004477l||full	24242	0.512251464400627	0.5418282319940599	0.53361	0.00224639	5068_N_run562_hifi_trimmed_deduplicated_s4323.ctg004477l||full	Megaviricetes
5516_M_hifi_reads	9_2018_F4_1	5068_N_run562_hifi_trimmed_deduplicated_s4602.ctg004769l||full	25339	0.6655748056355815	1.167765105173843	1.15005	0.00484148	5068_N_run562_hifi_trimmed_deduplicated_s4602.ctg004769l||full	Megaviricetes
5516_M_hifi_reads	9_2018_F4_1	5068_N_run562_hifi_trimmed_deduplicated_s4603.ctg004770l||full	14809	0.724289283543791	1.1208049159295024	1.10381	0.00464679	5068_N_run562_hifi_trimmed_deduplicated_s4603.ctg004770l||full	Megaviricetes
5516_M_hifi_reads	9_2018_F4_1	5516.I.hifi_reads_s532.ctg000548l||full	72062	0.048458272043518	0.048458272043518	0.0477233	0.000200905	5516.I.hifi_reads_s532.ctg000548l||full	Megaviricetes
5516_M_hifi_reads	9_2018_F4_1	5516.J.hifi_reads_s1068.ctg001072l||full	14958	0.1367829923786602	0.1367829923786602	0.134708	0.000567094	5516.J.hifi_reads_s1068.ctg001072l||full	Megaviricetes
5516_M_hifi_reads	9_2018_F4_1	5516.J.hifi_reads_s1203.ctg001207l||full	33814	0.1367185189566451	0.1367185189566451	0.134645	0.000566826	5516.J.hifi_reads_s1203.ctg001207l||full	Megaviricetes
5516_M_hifi_reads	9_2018_F4_1	5516.J.hifi_reads_s1319.ctg001323l||full	48218	0.0472645070305694	0.0472645070305694	0.0465476	0.000195956	5516.J.hifi_reads_s1319.ctg001323l||full	Megaviricetes
5516_M_hifi_reads	9_2018_F4_1	5516.J.hifi_reads_s1606.ctg001613l||full	26581	0.2467175802264775	0.2467175802264775	0.242976	0.00102288	5516.J.hifi_reads_s1606.ctg001613l||full	Megaviricetes
5516_M_hifi_reads	9_2018_F4_1	5516.K.hifi_reads_s168.ctg000174l||full	26529	0.3398168042519507	0.3398168042519507	0.334663	0.00140886	5516.K.hifi_reads_s168.ctg000174l||full	Megaviricetes
5516_M_hifi_reads	9_2018_F4_1	5516.N.hifi_reads_s11.ctg000012l||full	21307	0.2958652086168865	0.2958652086168865	0.291378	0.00122664	5516.N.hifi_reads_s11.ctg000012l||full	Megaviricetes
5516_M_hifi_reads	9_2018_F4_1	5516.S.hifi_reads_s1.ctg000002l||full	41765	0.1728959655213695	0.2100323237160301	0.206847	0.000870781	5516.S.hifi_reads_s1.ctg000002l||full	Megaviricetes
5516_M_hifi_reads	9_2018_F4_1	5516.S.hifi_reads_s169.ctg000173l||full	26528	0.2682448733413751	0.5932599517490953	0.584262	0.00245962	5516.S.hifi_reads_s169.ctg000173l||full	Megaviricetes
5516_M_hifi_reads	9_2018_F4_1	5516.S.hifi_reads_s24.ctg000025l||full	27110	0.1402065658428624	0.1745850239763924	0.171937	0.000723819	5516.S.hifi_reads_s24.ctg000025l||full	Megaviricetes
5516_M_hifi_reads	9_2018_F4_1	5516.S.hifi_reads_s441.ctg000460l||full	24898	0.1298096232629126	0.1298096232629126	0.127841	0.000538183	5516.S.hifi_reads_s441.ctg000460l||full	Megaviricetes
5516_M_hifi_reads	9_2018_F4_1	5516.S.hifi_reads_s458.ctg000478l||full	19860	0.2887210473313192	0.2887210473313192	0.284342	0.00119702	5516.S.hifi_reads_s458.ctg000478l||full	Megaviricetes
5516_M_hifi_reads	9_2018_F4_1	5516.S.hifi_reads_s470.ctg000491l||full	21845	0.101029983978027	0.101029983978027	0.0994977	0.000418864	5516.S.hifi_reads_s470.ctg000491l||full	Megaviricetes
5516_M_hifi_reads	9_2018_F4_1	5516_AB_hifi_reads_s667.ctg000668l||full	24396	0.0776766683062797	0.0776766683062797	0.0764985	0.000322043	5516_AB_hifi_reads_s667.ctg000668l||full	Megaviricetes
5516_M_hifi_reads	9_2018_F4_1	5516_M_hifi_reads_s593.ctg000594l||full	10175	0.9998034398034398	1.9666830466830467	1.93685	0.00815374	5516_M_hifi_reads_s593.ctg000594l||full	Megaviricetes
5516_O_hifi_reads	4_2018_F4_4	5516.I.hifi_reads_s121.ctg000122l||full	108794	0.0624115300476129	0.0624115300476129	0.0636601	0.000229033	5516.I.hifi_reads_s121.ctg000122l||full	Megaviricetes
5516_O_hifi_reads	4_2018_F4_4	5516.I.hifi_reads_s532.ctg000548l||full	72062	0.0547445255474452	0.0547445255474452	0.0558397	0.000200897	5516.I.hifi_reads_s532.ctg000548l||full	Megaviricetes
5516_O_hifi_reads	4_2018_F4_4	5516.J.hifi_reads_s1203.ctg001207l||full	33814	0.0200508665049979	0.0200508665049979	0.020452	7.35812e-05	5516.J.hifi_reads_s1203.ctg001207l||full	Megaviricetes
5516_O_hifi_reads	4_2018_F4_4	5516.J.hifi_reads_s1606.ctg001613l||full	26581	0.0498100146721342	0.0498100146721342	0.0508065	0.000182789	5516.J.hifi_reads_s1606.ctg001613l||full	Megaviricetes
5516_O_hifi_reads	4_2018_F4_4	5516.S.hifi_reads_s1.ctg000002l||full	41765	0.0422123787860648	0.0422123787860648	0.0430568	0.000154908	5516.S.hifi_reads_s1.ctg000002l||full	Megaviricetes
5516_O_hifi_reads	4_2018_F4_4	5516_AB_hifi_reads_s578.ctg000579l||full	33280	0.05859375	0.05859375	0.0597659	0.000215023	5516_AB_hifi_reads_s578.ctg000579l||full	Megaviricetes
5516_P_hifi_reads	5_2018_F4_1	5068_N_run562_hifi_trimmed_deduplicated_s3686.ctg003811l||full	27572	0.1255984331930944	0.1255984331930944	0.15079	0.000424893	5068_N_run562_hifi_trimmed_deduplicated_s3686.ctg003811l||full	Megaviricetes
5516_P_hifi_reads	5_2018_F4_1	5068_N_run562_hifi_trimmed_deduplicated_s4481.ctg004642l||full	19699	0.0275648510076653	0.0275648510076653	0.0330936	9.32505e-05	5068_N_run562_hifi_trimmed_deduplicated_s4481.ctg004642l||full	Megaviricetes
5516_P_hifi_reads	5_2018_F4_1	5516.I.hifi_reads_s121.ctg000122l||full	108794	0.0333658106145559	0.0333658106145559	0.0400581	0.000112875	5516.I.hifi_reads_s121.ctg000122l||full	Megaviricetes
5516_P_hifi_reads	5_2018_F4_1	5516.S.hifi_reads_s1.ctg000002l||full	41765	0.0355560876331856	0.0355560876331856	0.0426877	0.000120284	5516.S.hifi_reads_s1.ctg000002l||full	Megaviricetes
5516_R_hifi_reads	6_2018_F4_2	5068_A_run562_hifi_trimmed_deduplicated_s274.ctg000312l||full	44582	0.0171593916827419	0.0171593916827419	0.0226595	7.38674e-05	5068_A_run562_hifi_trimmed_deduplicated_s274.ctg000312l||full	Megaviricetes
5516_R_hifi_reads	6_2018_F4_2	5068_L_run562_hifi_trimmed_deduplicated_s2720.ctg002816l||full	29107	0.2221802315594186	0.2221802315594186	0.293396	0.000956437	5068_L_run562_hifi_trimmed_deduplicated_s2720.ctg002816l||full	Megaviricetes
5516_R_hifi_reads	6_2018_F4_2	5068_M_run562_hifi_trimmed_deduplicated_s2872.ctg002873l||full	17001	0.6799011822833951	0.9522381036409624	1.25746	0.00409917	5068_M_run562_hifi_trimmed_deduplicated_s2872.ctg002873l||full	Megaviricetes
5516_R_hifi_reads	6_2018_F4_2	5068_N_run562_hifi_trimmed_deduplicated_s1960.ctg002023l||full	28482	0.5448002247033213	0.903588231163542	1.19322	0.00388975	5068_N_run562_hifi_trimmed_deduplicated_s1960.ctg002023l||full	Megaviricetes
5516_R_hifi_reads	6_2018_F4_2	5068_N_run562_hifi_trimmed_deduplicated_s2239.ctg002313l||full	31632	0.1046724835609509	0.1046724835609509	0.138223	0.000450592	5068_N_run562_hifi_trimmed_deduplicated_s2239.ctg002313l||full	Megaviricetes
5516_R_hifi_reads	6_2018_F4_2	5068_N_run562_hifi_trimmed_deduplicated_s2646.ctg002734l||full	34651	0.1333583446365184	0.2076130559002626	0.274159	0.000893728	5068_N_run562_hifi_trimmed_deduplicated_s2646.ctg002734l||full	Megaviricetes
5516_R_hifi_reads	6_2018_F4_2	5068_N_run562_hifi_trimmed_deduplicated_s3686.ctg003811l||full	27572	0.3269621354997823	0.3269621354997823	0.431764	0.0014075	5068_N_run562_hifi_trimmed_deduplicated_s3686.ctg003811l||full	Megaviricetes
5516_R_hifi_reads	6_2018_F4_2	5068_N_run562_hifi_trimmed_deduplicated_s4481.ctg004642l||full	19699	0.3497639474084978	0.3497639474084978	0.461874	0.00150566	5068_N_run562_hifi_trimmed_deduplicated_s4481.ctg004642l||full	Megaviricetes
5516_R_hifi_reads	6_2018_F4_2	5068_N_run562_hifi_trimmed_deduplicated_s911.ctg000943l||full	49062	0.059577677224736	0.059577677224736	0.0786741	0.000256469	5068_N_run562_hifi_trimmed_deduplicated_s911.ctg000943l||full	Megaviricetes
5516_R_hifi_reads	6_2018_F4_2	5516.AE.hifi_reads_s2935.ctg002980l||full	21281	0.4117757624171796	0.5266669799351534	0.69548	0.00226718	5516.AE.hifi_reads_s2935.ctg002980l||full	Megaviricetes
5516_R_hifi_reads	6_2018_F4_2	5516.I.hifi_reads_s121.ctg000122l||full	108794	0.2706583083625935	0.3019559902200489	0.398742	0.00129985	5516.I.hifi_reads_s121.ctg000122l||full	Megaviricetes
5516_R_hifi_reads	6_2018_F4_2	5516.I.hifi_reads_s187.ctg000189l||full	21504	0.1291387648809523	0.1291387648809523	0.170532	0.000555914	5516.I.hifi_reads_s187.ctg000189l||full	Megaviricetes
5516_R_hifi_reads	6_2018_F4_2	5516.I.hifi_reads_s204.ctg000206l||full	26872	0.1472164334623399	0.1472164334623399	0.194404	0.000633734	5516.I.hifi_reads_s204.ctg000206l||full	Megaviricetes
5516_R_hifi_reads	6_2018_F4_2	5516.I.hifi_reads_s372.ctg000376l||full	21102	0.1699364989100559	0.1699364989100559	0.224406	0.000731539	5516.I.hifi_reads_s372.ctg000376l||full	Megaviricetes
5516_R_hifi_reads	6_2018_F4_2	5516.I.hifi_reads_s499.ctg000511l||full_1	125104	0.3310765443151298	0.4975780150914439	0.657067	0.00214196	5516.I.hifi_reads_s499.ctg000511l||full_1	Megaviricetes
5516_R_hifi_reads	6_2018_F4_2	5516.I.hifi_reads_s521.ctg000536l||full_1	53345	0.2477458056050239	0.2578310994469959	0.340474	0.00110991	5516.I.hifi_reads_s521.ctg000536l||full_1	Megaviricetes
5516_R_hifi_reads	6_2018_F4_2	5516.I.hifi_reads_s532.ctg000548l||full	72062	0.2819516527434709	0.3229996391995781	0.426531	0.00139044	5516.I.hifi_reads_s532.ctg000548l||full	Megaviricetes
5516_R_hifi_reads	6_2018_F4_2	5516.J.hifi_reads_s1157.ctg001161l||full	21774	0.2896573895471663	0.2896573895471663	0.382501	0.00124691	5516.J.hifi_reads_s1157.ctg001161l||full	Megaviricetes
5516_R_hifi_reads	6_2018_F4_2	5516.J.hifi_reads_s1203.ctg001207l||full	33814	0.1572425622523215	0.1572425622523215	0.207644	0.000676894	5516.J.hifi_reads_s1203.ctg001207l||full	Megaviricetes
5516_R_hifi_reads	6_2018_F4_2	5516.J.hifi_reads_s1319.ctg001323l||full	48218	0.1687544070678999	0.1944502053175162	0.256777	0.000837065	5516.J.hifi_reads_s1319.ctg001323l||full	Megaviricetes
5516_R_hifi_reads	6_2018_F4_2	5516.J.hifi_reads_s1496.ctg001501l||full	31019	0.5393790902350173	0.5393790902350173	0.712267	0.00232191	5516.J.hifi_reads_s1496.ctg001501l||full	Megaviricetes
5516_R_hifi_reads	6_2018_F4_2	5516.J.hifi_reads_s1797.ctg001805l||full	24644	0.5355867553968512	0.8478737217984094	1.11964	0.00364991	5516.J.hifi_reads_s1797.ctg001805l||full	Megaviricetes
5516_R_hifi_reads	6_2018_F4_2	5516.J.hifi_reads_s228.ctg000231l||full	17113	0.4449249108864606	0.5888505814293228	0.777595	0.00253487	5516.J.hifi_reads_s228.ctg000231l||full	Megaviricetes
5516_R_hifi_reads	6_2018_F4_2	5516.J.hifi_reads_s236.ctg000239l||full	41038	0.1599249476095326	0.1599249476095326	0.211186	0.000688441	5516.J.hifi_reads_s236.ctg000239l||full	Megaviricetes
5516_R_hifi_reads	6_2018_F4_2	5516.J.hifi_reads_s293.ctg000296l||full	44247	0.260718240784686	0.3000881415689199	0.396276	0.00129181	5516.J.hifi_reads_s293.ctg000296l||full	Megaviricetes
5516_R_hifi_reads	6_2018_F4_2	5516.J.hifi_reads_s336.ctg000339l||full	31858	0.297790193985812	0.297790193985812	0.393241	0.00128192	5516.J.hifi_reads_s336.ctg000339l||full	Megaviricetes
5516_R_hifi_reads	6_2018_F4_2	5516.J.hifi_reads_s385.ctg000388l||full	25616	0.3734775140537164	0.5509056839475328	0.727488	0.00237153	5516.J.hifi_reads_s385.ctg000388l||full	Megaviricetes
5516_R_hifi_reads	6_2018_F4_2	5516.J.hifi_reads_s752.ctg000755l||full	40831	0.7269231711199824	1.3701109451152311	1.80927	0.00589802	5516.J.hifi_reads_s752.ctg000755l||full	Megaviricetes
5516_R_hifi_reads	6_2018_F4_2	5516.J.hifi_reads_s914.ctg000917l||full	17680	0.8555429864253393	1.483710407239819	1.95929	0.00638704	5516.J.hifi_reads_s914.ctg000917l||full	Megaviricetes
5516_R_hifi_reads	6_2018_F4_2	5516.K.hifi_reads_s168.ctg000174l||full	26529	0.1048663726487994	0.1048663726487994	0.138479	0.000451426	5516.K.hifi_reads_s168.ctg000174l||full	Megaviricetes
5516_R_hifi_reads	6_2018_F4_2	5516.K.hifi_reads_s559.ctg000568l||full	16736	0.1563695028680688	0.1563695028680688	0.206491	0.000673136	5516.K.hifi_reads_s559.ctg000568l||full	Megaviricetes
5516_R_hifi_reads	6_2018_F4_2	5516.Q.hifi_reads_s1112.ctg001113l||full	18406	0.5769314354014995	0.5769314354014995	0.761856	0.00248356	5516.Q.hifi_reads_s1112.ctg001113l||full	Megaviricetes
5516_R_hifi_reads	6_2018_F4_2	5516.S.hifi_reads_s148.ctg000151l||full	19685	0.2326644653289306	0.2326644653289306	0.307241	0.00100157	5516.S.hifi_reads_s148.ctg000151l||full	Megaviricetes
5516_R_hifi_reads	6_2018_F4_2	5516.S.hifi_reads_s339.ctg000349l||full	16084	0.7967545386719721	0.7967545386719721	1.05214	0.00342985	5516.S.hifi_reads_s339.ctg000349l||full	Megaviricetes
5516_R_hifi_reads	6_2018_F4_2	5516.S.hifi_reads_s421.ctg000440l||full	12909	0.8927879773801224	1.4998063366643426	1.98054	0.00645633	5516.S.hifi_reads_s421.ctg000440l||full	Megaviricetes
5516_R_hifi_reads	6_2018_F4_2	5516.S.hifi_reads_s441.ctg000460l||full	24898	0.1805365892842798	0.1805365892842798	0.238404	0.00077717	5516.S.hifi_reads_s441.ctg000460l||full	Megaviricetes
5516_R_hifi_reads	6_2018_F4_2	5516.S.hifi_reads_s458.ctg000478l||full	19860	0.2826787512588117	0.2826787512588117	0.373286	0.00121687	5516.S.hifi_reads_s458.ctg000478l||full	Megaviricetes
5516_R_hifi_reads	6_2018_F4_2	5516_AB_hifi_reads_s194.ctg000195l||full	29105	0.1020443222813949	0.1020443222813949	0.134753	0.000439278	5516_AB_hifi_reads_s194.ctg000195l||full	Megaviricetes
5516_R_hifi_reads	6_2018_F4_2	5516_AB_hifi_reads_s195.ctg000196l||full	31302	0.6554533256660916	0.7267906204076416	0.959749	0.00312867	5516_AB_hifi_reads_s195.ctg000196l||full	Megaviricetes
5516_R_hifi_reads	6_2018_F4_2	5516_AB_hifi_reads_s207.ctg000208l||full	26340	0.1468109339407745	0.4055049354593774	0.535482	0.00174561	5516_AB_hifi_reads_s207.ctg000208l||full	Megaviricetes
5516_R_hifi_reads	6_2018_F4_2	5516_AB_hifi_reads_s212.ctg000213l||full	38847	0.2128607099647334	0.2128607099647334	0.281089	0.000916318	5516_AB_hifi_reads_s212.ctg000213l||full	Megaviricetes
5516_R_hifi_reads	6_2018_F4_2	5516_AB_hifi_reads_s279.ctg000280l||full	37125	0.7622626262626263	1.1475824915824917	1.51542	0.00494009	5516_AB_hifi_reads_s279.ctg000280l||full	Megaviricetes
5516_R_hifi_reads	6_2018_F4_2	5516_AB_hifi_reads_s312.ctg000313l||full	34290	0.2801399825021872	0.2801399825021872	0.369933	0.00120594	5516_AB_hifi_reads_s312.ctg000313l||full	Megaviricetes
5516_R_hifi_reads	6_2018_F4_2	5516_AB_hifi_reads_s42.ctg000043l||full	33972	0.4919050983162604	0.9627045802425528	1.27128	0.00414423	5516_AB_hifi_reads_s42.ctg000043l||full	Megaviricetes
5516_R_hifi_reads	6_2018_F4_2	5516_AB_hifi_reads_s532.ctg000533l||full	23774	0.5844620173298561	0.6708168587532599	0.885834	0.00288772	5516_AB_hifi_reads_s532.ctg000533l||full	Megaviricetes
5516_R_hifi_reads	6_2018_F4_2	5516_AB_hifi_reads_s69.ctg000070l||full	13400	0.8554477611940299	1.632686567164179	2.15601	0.00702835	5516_AB_hifi_reads_s69.ctg000070l||full	Megaviricetes
5516_T_hifi_reads	8_2017_F4_2	5068_N_run562_hifi_trimmed_deduplicated_s3354.ctg003466l||full	27405	0.3582557927385513	0.3582557927385513	0.385172	0.00133379	5068_N_run562_hifi_trimmed_deduplicated_s3354.ctg003466l||full	Megaviricetes
5516_T_hifi_reads	8_2017_F4_2	5068_N_run562_hifi_trimmed_deduplicated_s3676.ctg003801l||full	26801	0.0549233237565762	0.0549233237565762	0.0590498	0.00020448	5068_N_run562_hifi_trimmed_deduplicated_s3676.ctg003801l||full	Megaviricetes
5516_T_hifi_reads	8_2017_F4_2	5068_N_run562_hifi_trimmed_deduplicated_s3686.ctg003811l||full	27572	0.2931234585811693	0.2931234585811693	0.315146	0.0010913	5068_N_run562_hifi_trimmed_deduplicated_s3686.ctg003811l||full	Megaviricetes
5516_T_hifi_reads	8_2017_F4_2	5068_N_run562_hifi_trimmed_deduplicated_s3952.ctg004086l||full	17211	0.2993434431468247	0.2993434431468247	0.321833	0.00111446	5068_N_run562_hifi_trimmed_deduplicated_s3952.ctg004086l||full	Megaviricetes
5516_T_hifi_reads	8_2017_F4_2	5068_N_run562_hifi_trimmed_deduplicated_s4323.ctg004477l||full	24242	0.1202871050243379	0.1202871050243379	0.129324	0.00044783	5068_N_run562_hifi_trimmed_deduplicated_s4323.ctg004477l||full	Megaviricetes
5516_T_hifi_reads	8_2017_F4_2	5068_N_run562_hifi_trimmed_deduplicated_s4481.ctg004642l||full	19699	0.0347225747499873	0.0347225747499873	0.0373313	0.000129272	5068_N_run562_hifi_trimmed_deduplicated_s4481.ctg004642l||full	Megaviricetes
5516_T_hifi_reads	8_2017_F4_2	5068_N_run562_hifi_trimmed_deduplicated_s4602.ctg004769l||full	25339	0.2389597063814673	0.2389597063814673	0.256913	0.000889649	5068_N_run562_hifi_trimmed_deduplicated_s4602.ctg004769l||full	Megaviricetes
5516_T_hifi_reads	8_2017_F4_2	5068_N_run562_hifi_trimmed_deduplicated_s4603.ctg004770l||full	14809	0.9800121547707475	1.6321831318792626	1.75481	0.00607663	5068_N_run562_hifi_trimmed_deduplicated_s4603.ctg004770l||full	Megaviricetes
5516_T_hifi_reads	8_2017_F4_2	5516.G.hifi_reads_s745.ctg000756l||full_1	34066	0.0255093054658603	0.0255093054658603	0.0274258	9.49714e-05	5516.G.hifi_reads_s745.ctg000756l||full_1	Megaviricetes
5516_T_hifi_reads	8_2017_F4_2	5516.J.hifi_reads_s1068.ctg001072l||full	14958	0.1557694878994518	0.1557694878994518	0.167473	0.000579931	5516.J.hifi_reads_s1068.ctg001072l||full	Megaviricetes
5516_T_hifi_reads	8_2017_F4_2	5516.J.hifi_reads_s1319.ctg001323l||full	48218	0.2252270936164917	0.2738396449458708	0.294414	0.00101951	5516.J.hifi_reads_s1319.ctg001323l||full	Megaviricetes
5516_T_hifi_reads	8_2017_F4_2	5516.J.hifi_reads_s1496.ctg001501l||full	31019	0.0938457074696154	0.0938457074696154	0.100896	0.000349388	5516.J.hifi_reads_s1496.ctg001501l||full	Megaviricetes
5516_T_hifi_reads	8_2017_F4_2	5516.J.hifi_reads_s228.ctg000231l||full	17113	0.2675743586746917	0.2675743586746917	0.287678	0.000996182	5516.J.hifi_reads_s228.ctg000231l||full	Megaviricetes
5516_T_hifi_reads	8_2017_F4_2	5516.K.hifi_reads_s559.ctg000568l||full	16736	0.4873326959847036	0.5473231357552581	0.588444	0.00203769	5516.K.hifi_reads_s559.ctg000568l||full	Megaviricetes
5516_T_hifi_reads	8_2017_F4_2	5516.S.hifi_reads_s1.ctg000002l||full	41765	0.0598826768825571	0.0598826768825571	0.0643817	0.000222944	5516.S.hifi_reads_s1.ctg000002l||full	Megaviricetes
5516_T_hifi_reads	8_2017_F4_2	5516.S.hifi_reads_s169.ctg000173l||full	26528	0.05416917973462	0.05416917973462	0.058239	0.000201672	5516.S.hifi_reads_s169.ctg000173l||full	Megaviricetes
5516_T_hifi_reads	8_2017_F4_2	5516.S.hifi_reads_s24.ctg000025l||full	27110	0.3956842493544817	0.4862412393950572	0.522773	0.00181028	5516.S.hifi_reads_s24.ctg000025l||full	Megaviricetes
5516_T_hifi_reads	8_2017_F4_2	5516.S.hifi_reads_s410.ctg000427l||full	30011	0.1748025723901236	0.1748025723901236	0.187936	0.000650791	5516.S.hifi_reads_s410.ctg000427l||full	Megaviricetes
5516_T_hifi_reads	8_2017_F4_2	5516.S.hifi_reads_s458.ctg000478l||full	19860	0.2600201409869083	0.3809667673716012	0.409589	0.00141834	5516.S.hifi_reads_s458.ctg000478l||full	Megaviricetes
5516_U_hifi_reads	9_2017_F4_1	5068_N_run562_hifi_trimmed_deduplicated_s2831.ctg002928l||full	20798	0.168573901336667	0.1820848158476776	0.226815	0.000860514	5068_N_run562_hifi_trimmed_deduplicated_s2831.ctg002928l||full	Megaviricetes
5516_U_hifi_reads	9_2017_F4_1	5068_N_run562_hifi_trimmed_deduplicated_s3354.ctg003466l||full	27405	0.0192665571975916	0.0192665571975916	0.0239995	9.10518e-05	5068_N_run562_hifi_trimmed_deduplicated_s3354.ctg003466l||full	Megaviricetes
5516_U_hifi_reads	9_2017_F4_1	5068_N_run562_hifi_trimmed_deduplicated_s3416.ctg003532l||full	22159	0.2407599620921521	0.2407599620921521	0.299905	0.00113781	5068_N_run562_hifi_trimmed_deduplicated_s3416.ctg003532l||full	Megaviricetes
5516_U_hifi_reads	9_2017_F4_1	5068_N_run562_hifi_trimmed_deduplicated_s3952.ctg004086l||full	17211	0.0389285921794201	0.0389285921794201	0.0484917	0.000183973	5068_N_run562_hifi_trimmed_deduplicated_s3952.ctg004086l||full	Megaviricetes
5516_U_hifi_reads	9_2017_F4_1	5068_N_run562_hifi_trimmed_deduplicated_s4323.ctg004477l||full	24242	0.210089926573715	0.210089926573715	0.2617	0.000992864	5068_N_run562_hifi_trimmed_deduplicated_s4323.ctg004477l||full	Megaviricetes
5516_U_hifi_reads	9_2017_F4_1	5068_N_run562_hifi_trimmed_deduplicated_s4481.ctg004642l||full	19699	0.063962637697345	0.1195492156962282	0.148917	0.000564977	5068_N_run562_hifi_trimmed_deduplicated_s4481.ctg004642l||full	Megaviricetes
5516_U_hifi_reads	9_2017_F4_1	5516.I.hifi_reads_s532.ctg000548l||full	72062	0.0632788432183397	0.0632788432183397	0.0788238	0.000299049	5516.I.hifi_reads_s532.ctg000548l||full	Megaviricetes
5516_U_hifi_reads	9_2017_F4_1	5516.J.hifi_reads_s1203.ctg001207l||full	33814	0.1515348672147631	0.1515348672147631	0.188761	0.000716138	5516.J.hifi_reads_s1203.ctg001207l||full	Megaviricetes
5516_U_hifi_reads	9_2017_F4_1	5516.J.hifi_reads_s1319.ctg001323l||full	48218	0.0182919241776929	0.0182919241776929	0.0227855	8.64458e-05	5516.J.hifi_reads_s1319.ctg001323l||full	Megaviricetes
5516_U_hifi_reads	9_2017_F4_1	5516.J.hifi_reads_s1606.ctg001613l||full	26581	0.0924720665136751	0.1648545953876829	0.205352	0.000779086	5516.J.hifi_reads_s1606.ctg001613l||full	Megaviricetes
5516_U_hifi_reads	9_2017_F4_1	5516.J.hifi_reads_s1797.ctg001805l||full	24644	0.1028242168479143	0.1028242168479143	0.128084	0.000485937	5516.J.hifi_reads_s1797.ctg001805l||full	Megaviricetes
5516_U_hifi_reads	9_2017_F4_1	5516.J.hifi_reads_s293.ctg000296l||full	44247	0.2727416548014554	0.2727416548014554	0.339743	0.00128895	5516.J.hifi_reads_s293.ctg000296l||full	Megaviricetes
5516_U_hifi_reads	9_2017_F4_1	5516.K.hifi_reads_s526.ctg000535l||full	11640	0.1716494845360824	0.1716494845360824	0.213817	0.000811198	5516.K.hifi_reads_s526.ctg000535l||full	Megaviricetes
5516_U_hifi_reads	9_2017_F4_1	5516.K.hifi_reads_s559.ctg000568l||full	16736	0.197538240917782	0.197538240917782	0.246065	0.000933546	5516.K.hifi_reads_s559.ctg000568l||full	Megaviricetes
5516_U_hifi_reads	9_2017_F4_1	5516.S.hifi_reads_s1.ctg000002l||full	41765	0.061989704297857	0.061989704297857	0.077218	0.000292957	5516.S.hifi_reads_s1.ctg000002l||full	Megaviricetes
5516_U_hifi_reads	9_2017_F4_1	5516.S.hifi_reads_s24.ctg000025l||full	27110	0.1964219845075618	0.2284396901512357	0.284558	0.00107958	5516.S.hifi_reads_s24.ctg000025l||full	Megaviricetes
