seq_name	taxonomy
4752_E_run525_CCS_trimmed_deduplicated_s1377.ctg001404l||full_1	Caudoviricetes
4752_E_run525_CCS_trimmed_deduplicated_s317.ctg000323l||full	Caudoviricetes
4752_E_run525_CCS_trimmed_deduplicated_s382.ctg000388l||full	Caudoviricetes
4752_E_run525_CCS_trimmed_deduplicated_s515.ctg000523l||full	Caudoviricetes
4752_E_run525_CCS_trimmed_deduplicated_s647.ctg000659c||full	Caudoviricetes
4752_E_run525_CCS_trimmed_deduplicated_s671.ctg000684l||full	Caudoviricetes
4752_E_run525_CCS_trimmed_deduplicated_s730.ctg000745l||full	Caudoviricetes
4752_E_run525_CCS_trimmed_deduplicated_s731.ctg000746l||full	Caudoviricetes
4752_E_run525_CCS_trimmed_deduplicated_s781.ctg000796l||full	Caudoviricetes
4752_E_run525_CCS_trimmed_deduplicated_s963.ctg000982l||full	Caudoviricetes
4752_E_run525_CCS_trimmed_deduplicated_s1177.ctg001201l||full	Caudoviricetes
4752_E_run525_CCS_trimmed_deduplicated_s1229.ctg001254l||full	Caudoviricetes
4752_E_run525_CCS_trimmed_deduplicated_s1351.ctg001377l||full	Caudoviricetes
4752_E_run525_CCS_trimmed_deduplicated_s1718.ctg001753l||full	Caudoviricetes
4752_E_run525_CCS_trimmed_deduplicated_s1784.ctg001820l||full	Caudoviricetes
4752_E_run525_CCS_trimmed_deduplicated_s1798.ctg001834l||full	Caudoviricetes
4752_E_run525_CCS_trimmed_deduplicated_s1853.ctg001891l||full	Caudoviricetes
4752_E_run525_CCS_trimmed_deduplicated_s1885.ctg001924l||full	Caudoviricetes
4752_E_run525_CCS_trimmed_deduplicated_s2022.ctg002062l||full	Caudoviricetes
4752_E_run525_CCS_trimmed_deduplicated_s2227.ctg002272l||full	Caudoviricetes
4752_E_run525_CCS_trimmed_deduplicated_s2330.ctg002377l||full	Caudoviricetes
4752_E_run525_CCS_trimmed_deduplicated_s2337.ctg002384l||full	Caudoviricetes
4752_E_run525_CCS_trimmed_deduplicated_s2422.ctg002469l||full	Caudoviricetes
4752_E_run525_CCS_trimmed_deduplicated_s2578.ctg002627l||full	Caudoviricetes
4752_E_run525_CCS_trimmed_deduplicated_s2862.ctg002917l||full	Caudoviricetes
4752_E_run525_CCS_trimmed_deduplicated_s3166.ctg003232l||full	Caudoviricetes
4752_E_run525_CCS_trimmed_deduplicated_s3216.ctg003284l||full	Caudoviricetes
4752_E_run525_CCS_trimmed_deduplicated_s3426.ctg003505l||full	Caudoviricetes
4752_Q_run525_CCS_trimmed_deduplicated_s648.ctg000653l||full	Caudoviricetes
4752_Q_run525_CCS_trimmed_deduplicated_s704.ctg000709l||full	Caudoviricetes
4752_Q_run525_CCS_trimmed_deduplicated_s726.ctg000731l||full	Caudoviricetes
4752_Q_run525_CCS_trimmed_deduplicated_s748.ctg000753l||full	Caudoviricetes
4752_Q_run525_CCS_trimmed_deduplicated_s1130.ctg001135l||full	Caudoviricetes
4752_Q_run525_CCS_trimmed_deduplicated_s1222.ctg001227l||full	Caudoviricetes
4752_Q_run525_CCS_trimmed_deduplicated_s1291.ctg001296l||full	Caudoviricetes
4752_Q_run525_CCS_trimmed_deduplicated_s1861.ctg001867l||full	Caudoviricetes
4752_Q_run525_CCS_trimmed_deduplicated_s1873.ctg001879l||full	Caudoviricetes
4752_Q_run525_CCS_trimmed_deduplicated_s2309.ctg002315l||full	Caudoviricetes
4752_Q_run525_CCS_trimmed_deduplicated_s2409.ctg002415l||full	Caudoviricetes
4752_Q_run525_CCS_trimmed_deduplicated_s2662.ctg002668l||full	Caudoviricetes
4752_Q_run525_CCS_trimmed_deduplicated_s2727.ctg002733l||full	Caudoviricetes
4752_Q_run525_CCS_trimmed_deduplicated_s3048.ctg003054l||full	Caudoviricetes
4752_Q_run525_CCS_trimmed_deduplicated_s3254.ctg003260l||full	Caudoviricetes
4752_Q_run525_CCS_trimmed_deduplicated_s3780.ctg003786l||full	Caudoviricetes
4752_Q_run525_CCS_trimmed_deduplicated_s3973.ctg003979l||full	Caudoviricetes
4752_Q_run525_CCS_trimmed_deduplicated_s4101.ctg004107l||full	Caudoviricetes
4752_Q_run525_CCS_trimmed_deduplicated_s4171.ctg004177l||full	Caudoviricetes
5068_A_run562_hifi_trimmed_deduplicated_s217.ctg000250l||full_1	Caudoviricetes
5068_A_run562_hifi_trimmed_deduplicated_s2386.ctg002530l||full_1	Caudoviricetes
5068_A_run562_hifi_trimmed_deduplicated_s2741.ctg002896l||full_1	Caudoviricetes
5068_A_run562_hifi_trimmed_deduplicated_s2134.ctg002267l||full	Caudoviricetes
5068_A_run562_hifi_trimmed_deduplicated_s23.ctg000028l||full	Caudoviricetes
5068_A_run562_hifi_trimmed_deduplicated_s127.ctg000147l||full	Caudoviricetes
5068_A_run562_hifi_trimmed_deduplicated_s274.ctg000312l||full	Megaviricetes
5068_A_run562_hifi_trimmed_deduplicated_s322.ctg000363l||full	Caudoviricetes
5068_A_run562_hifi_trimmed_deduplicated_s407.ctg000455l||full	Caudoviricetes
5068_A_run562_hifi_trimmed_deduplicated_s474.ctg000526l||full	Caudoviricetes
5068_A_run562_hifi_trimmed_deduplicated_s586.ctg000643l||full	Caudoviricetes
5068_A_run562_hifi_trimmed_deduplicated_s627.ctg000687l||full	Caudoviricetes
5068_A_run562_hifi_trimmed_deduplicated_s709.ctg000770l||full	Caudoviricetes
5068_A_run562_hifi_trimmed_deduplicated_s730.ctg000792l||full	Caudoviricetes
5068_A_run562_hifi_trimmed_deduplicated_s821.ctg000886l||full	Caudoviricetes
5068_A_run562_hifi_trimmed_deduplicated_s850.ctg000915l||full	Caudoviricetes
5068_A_run562_hifi_trimmed_deduplicated_s1022.ctg001094c||full	Caudoviricetes
5068_A_run562_hifi_trimmed_deduplicated_s1244.ctg001330l||full	Caudoviricetes
5068_A_run562_hifi_trimmed_deduplicated_s1269.ctg001356l||full	Caudoviricetes
5068_A_run562_hifi_trimmed_deduplicated_s1376.ctg001469l||full	Caudoviricetes
5068_A_run562_hifi_trimmed_deduplicated_s1414.ctg001512l||full	Caudoviricetes
5068_A_run562_hifi_trimmed_deduplicated_s1420.ctg001519c||full	Caudoviricetes
5068_A_run562_hifi_trimmed_deduplicated_s1423.ctg001522l||full	Caudoviricetes
5068_A_run562_hifi_trimmed_deduplicated_s1433.ctg001532c||full	Caudoviricetes
5068_A_run562_hifi_trimmed_deduplicated_s1446.ctg001547l||full	Caudoviricetes
5068_A_run562_hifi_trimmed_deduplicated_s1495.ctg001602l||full	Caudoviricetes
5068_A_run562_hifi_trimmed_deduplicated_s1498.ctg001605l||full	Caudoviricetes
5068_A_run562_hifi_trimmed_deduplicated_s1501.ctg001609l||full	Caudoviricetes
5068_A_run562_hifi_trimmed_deduplicated_s1559.ctg001673l||full	Caudoviricetes
5068_A_run562_hifi_trimmed_deduplicated_s1623.ctg001740l||full	Caudoviricetes
5068_A_run562_hifi_trimmed_deduplicated_s1715.ctg001835c||full	Caudoviricetes
5068_A_run562_hifi_trimmed_deduplicated_s1716.ctg001836l||full	Caudoviricetes
5068_A_run562_hifi_trimmed_deduplicated_s1740.ctg001861l||full	Caudoviricetes
5068_A_run562_hifi_trimmed_deduplicated_s1866.ctg001995l||full	Caudoviricetes
5068_A_run562_hifi_trimmed_deduplicated_s1888.ctg002017l||full	Caudoviricetes
5068_A_run562_hifi_trimmed_deduplicated_s1895.ctg002024c||full	Caudoviricetes
5068_A_run562_hifi_trimmed_deduplicated_s1996.ctg002126c||full	Caudoviricetes
5068_A_run562_hifi_trimmed_deduplicated_s2109.ctg002242l||full	Caudoviricetes
5068_A_run562_hifi_trimmed_deduplicated_s2115.ctg002248l||full	Caudoviricetes
5068_A_run562_hifi_trimmed_deduplicated_s2116.ctg002249l||full	Caudoviricetes
5068_A_run562_hifi_trimmed_deduplicated_s2141.ctg002274l||full	Caudoviricetes
5068_A_run562_hifi_trimmed_deduplicated_s2260.ctg002400l||full	Caudoviricetes
5068_A_run562_hifi_trimmed_deduplicated_s2597.ctg002746l||full	Caudoviricetes
5068_A_run562_hifi_trimmed_deduplicated_s2644.ctg002795l||full	Caudoviricetes
5068_A_run562_hifi_trimmed_deduplicated_s2742.ctg002897l||full	Caudoviricetes
5068_A_run562_hifi_trimmed_deduplicated_s3014.ctg003181l||full	Caudoviricetes
5068_A_run562_hifi_trimmed_deduplicated_s3080.ctg003251l||full	Caudoviricetes
5068_B_run562_hifi_trimmed_deduplicated_s290.ctg000294l||full_1	Caudoviricetes
5068_B_run562_hifi_trimmed_deduplicated_s734.ctg000740l||full_1	Caudoviricetes
5068_B_run562_hifi_trimmed_deduplicated_s1035.ctg001046l||full_1	Caudoviricetes
5068_B_run562_hifi_trimmed_deduplicated_s2914.ctg002956l||full_1	Caudoviricetes
5068_B_run562_hifi_trimmed_deduplicated_s3625.ctg003678l||full_1	Caudoviricetes
5068_B_run562_hifi_trimmed_deduplicated_s384.ctg000389c||full	Caudoviricetes
5068_B_run562_hifi_trimmed_deduplicated_s464.ctg000469l||full	Caudoviricetes
5068_B_run562_hifi_trimmed_deduplicated_s642.ctg000647c||full	Caudoviricetes
5068_B_run562_hifi_trimmed_deduplicated_s665.ctg000671l||full	Caudoviricetes
5068_B_run562_hifi_trimmed_deduplicated_s681.ctg000687l||full	Caudoviricetes
5068_B_run562_hifi_trimmed_deduplicated_s753.ctg000760l||full	Caudoviricetes
5068_B_run562_hifi_trimmed_deduplicated_s765.ctg000772l||full	Caudoviricetes
5068_B_run562_hifi_trimmed_deduplicated_s798.ctg000805l||full	Caudoviricetes
5068_B_run562_hifi_trimmed_deduplicated_s860.ctg000869c||full	Caudoviricetes
5068_B_run562_hifi_trimmed_deduplicated_s1116.ctg001130l||full	Caudoviricetes
5068_B_run562_hifi_trimmed_deduplicated_s1390.ctg001409l||full	Caudoviricetes
5068_B_run562_hifi_trimmed_deduplicated_s1457.ctg001477l||full	Caudoviricetes
5068_B_run562_hifi_trimmed_deduplicated_s1531.ctg001553l||full	Caudoviricetes
5068_B_run562_hifi_trimmed_deduplicated_s1858.ctg001881l||full	Caudoviricetes
5068_B_run562_hifi_trimmed_deduplicated_s1907.ctg001932l||full	Caudoviricetes
5068_B_run562_hifi_trimmed_deduplicated_s1942.ctg001970l||full	Caudoviricetes
5068_B_run562_hifi_trimmed_deduplicated_s1969.ctg001998l||full	Caudoviricetes
5068_B_run562_hifi_trimmed_deduplicated_s2042.ctg002072l||full	Caudoviricetes
5068_B_run562_hifi_trimmed_deduplicated_s2079.ctg002109l||full	Caudoviricetes
5068_B_run562_hifi_trimmed_deduplicated_s2110.ctg002140c||full	Caudoviricetes
5068_B_run562_hifi_trimmed_deduplicated_s2111.ctg002141l||full	Caudoviricetes
5068_B_run562_hifi_trimmed_deduplicated_s2388.ctg002420l||full	Caudoviricetes
5068_B_run562_hifi_trimmed_deduplicated_s2593.ctg002627l||full	Caudoviricetes
5068_B_run562_hifi_trimmed_deduplicated_s3038.ctg003084l||full	Caudoviricetes
5068_B_run562_hifi_trimmed_deduplicated_s3129.ctg003175c||full	Caudoviricetes
5068_B_run562_hifi_trimmed_deduplicated_s3154.ctg003200l||full	Caudoviricetes
5068_B_run562_hifi_trimmed_deduplicated_s3237.ctg003284c||full	Caudoviricetes
5068_B_run562_hifi_trimmed_deduplicated_s3274.ctg003323l||full	Caudoviricetes
5068_B_run562_hifi_trimmed_deduplicated_s3352.ctg003402l||full	Caudoviricetes
5068_B_run562_hifi_trimmed_deduplicated_s3371.ctg003421l||full	Caudoviricetes
5068_B_run562_hifi_trimmed_deduplicated_s3512.ctg003564l||full	Caudoviricetes
5068_B_run562_hifi_trimmed_deduplicated_s3553.ctg003605l||full	Caudoviricetes
5068_B_run562_hifi_trimmed_deduplicated_s3864.ctg003921l||full	Caudoviricetes
5068_B_run562_hifi_trimmed_deduplicated_s3898.ctg003956l||full	Caudoviricetes
5068_C_run562_hifi_trimmed_deduplicated_s347.ctg000349l||full_1	Caudoviricetes
5068_C_run562_hifi_trimmed_deduplicated_s40.ctg000041l||full	Caudoviricetes
5068_C_run562_hifi_trimmed_deduplicated_s74.ctg000075l||full	Caudoviricetes
5068_C_run562_hifi_trimmed_deduplicated_s128.ctg000129l||full	Caudoviricetes
5068_C_run562_hifi_trimmed_deduplicated_s153.ctg000154l||full	Caudoviricetes
5068_C_run562_hifi_trimmed_deduplicated_s178.ctg000179l||full	Caudoviricetes
5068_C_run562_hifi_trimmed_deduplicated_s182.ctg000183l||full	Caudoviricetes
5068_C_run562_hifi_trimmed_deduplicated_s252.ctg000253l||full	Caudoviricetes
5068_C_run562_hifi_trimmed_deduplicated_s392.ctg000394c||full	Caudoviricetes
5068_C_run562_hifi_trimmed_deduplicated_s416.ctg000418l||full	Caudoviricetes
5068_C_run562_hifi_trimmed_deduplicated_s439.ctg000441l||full	Caudoviricetes
5068_C_run562_hifi_trimmed_deduplicated_s491.ctg000493l||full	Caudoviricetes
5068_C_run562_hifi_trimmed_deduplicated_s527.ctg000529l||full	Caudoviricetes
5068_C_run562_hifi_trimmed_deduplicated_s610.ctg000612l||full	Caudoviricetes
5068_C_run562_hifi_trimmed_deduplicated_s620.ctg000622l||full	Caudoviricetes
5068_C_run562_hifi_trimmed_deduplicated_s737.ctg000739l||full	Caudoviricetes
5068_C_run562_hifi_trimmed_deduplicated_s759.ctg000761l||full	Caudoviricetes
5068_C_run562_hifi_trimmed_deduplicated_s782.ctg000784l||full	Caudoviricetes
5068_C_run562_hifi_trimmed_deduplicated_s798.ctg000800l||full	Caudoviricetes
5068_C_run562_hifi_trimmed_deduplicated_s842.ctg000844l||full	Caudoviricetes
5068_C_run562_hifi_trimmed_deduplicated_s1075.ctg001077l||full	Caudoviricetes
5068_C_run562_hifi_trimmed_deduplicated_s1118.ctg001120l||full	Caudoviricetes
5068_C_run562_hifi_trimmed_deduplicated_s1149.ctg001151l||full	Caudoviricetes
5068_C_run562_hifi_trimmed_deduplicated_s1166.ctg001168l||full	Caudoviricetes
5068_C_run562_hifi_trimmed_deduplicated_s1167.ctg001169l||full	Caudoviricetes
5068_C_run562_hifi_trimmed_deduplicated_s1170.ctg001172l||full	Caudoviricetes
5068_C_run562_hifi_trimmed_deduplicated_s1260.ctg001262l||full	Caudoviricetes
5068_C_run562_hifi_trimmed_deduplicated_s1370.ctg001372l||full	Caudoviricetes
5068_C_run562_hifi_trimmed_deduplicated_s1477.ctg001479l||full	Caudoviricetes
5068_C_run562_hifi_trimmed_deduplicated_s1603.ctg001605l||full	Caudoviricetes
5068_C_run562_hifi_trimmed_deduplicated_s1720.ctg001722l||full	Caudoviricetes
5068_C_run562_hifi_trimmed_deduplicated_s1778.ctg001780l||full	Caudoviricetes
5068_C_run562_hifi_trimmed_deduplicated_s1871.ctg001873l||full	Caudoviricetes
5068_C_run562_hifi_trimmed_deduplicated_s1880.ctg001882l||full	Caudoviricetes
5068_C_run562_hifi_trimmed_deduplicated_s2055.ctg002057l||full	Caudoviricetes
5068_C_run562_hifi_trimmed_deduplicated_s2092.ctg002094l||full	Caudoviricetes
5068_C_run562_hifi_trimmed_deduplicated_s2229.ctg002232l||full	Caudoviricetes
5068_C_run562_hifi_trimmed_deduplicated_s2283.ctg002287l||full	Caudoviricetes
5068_C_run562_hifi_trimmed_deduplicated_s2299.ctg002303l||full	Caudoviricetes
5068_C_run562_hifi_trimmed_deduplicated_s2497.ctg002502l||full	Caudoviricetes
5068_C_run562_hifi_trimmed_deduplicated_s2542.ctg002547l||full	Caudoviricetes
5068_C_run562_hifi_trimmed_deduplicated_s2561.ctg002566l||full	Caudoviricetes
5068_C_run562_hifi_trimmed_deduplicated_s2565.ctg002570l||full	Caudoviricetes
5068_C_run562_hifi_trimmed_deduplicated_s2684.ctg002689l||full	Caudoviricetes
5068_C_run562_hifi_trimmed_deduplicated_s2752.ctg002757l||full	Caudoviricetes
5068_C_run562_hifi_trimmed_deduplicated_s2772.ctg002777l||full	Caudoviricetes
5068_C_run562_hifi_trimmed_deduplicated_s2788.ctg002793l||full	Caudoviricetes
5068_C_run562_hifi_trimmed_deduplicated_s2811.ctg002816l||full	Caudoviricetes
5068_C_run562_hifi_trimmed_deduplicated_s2936.ctg002942l||full	Caudoviricetes
5068_C_run562_hifi_trimmed_deduplicated_s3005.ctg003011l||full	Caudoviricetes
5068_C_run562_hifi_trimmed_deduplicated_s3006.ctg003012l||full	Caudoviricetes
5068_C_run562_hifi_trimmed_deduplicated_s3009.ctg003015l||full	Caudoviricetes
5068_C_run562_hifi_trimmed_deduplicated_s3015.ctg003021l||full	Caudoviricetes
5068_C_run562_hifi_trimmed_deduplicated_s3167.ctg003173l||full	Caudoviricetes
5068_C_run562_hifi_trimmed_deduplicated_s3262.ctg003268l||full	Caudoviricetes
5068_C_run562_hifi_trimmed_deduplicated_s3391.ctg003397l||full	Caudoviricetes
5068_C_run562_hifi_trimmed_deduplicated_s3399.ctg003405l||full	Caudoviricetes
5068_C_run562_hifi_trimmed_deduplicated_s3404.ctg003410l||full	Caudoviricetes
5068_C_run562_hifi_trimmed_deduplicated_s3442.ctg003448l||full	Caudoviricetes
5068_C_run562_hifi_trimmed_deduplicated_s3472.ctg003478l||full	Caudoviricetes
5068_C_run562_hifi_trimmed_deduplicated_s3631.ctg003637l||full	Caudoviricetes
5068_C_run562_hifi_trimmed_deduplicated_s3642.ctg003648l||full	Caudoviricetes
5068_C_run562_hifi_trimmed_deduplicated_s3650.ctg003656c||full	Caudoviricetes
5068_C_run562_hifi_trimmed_deduplicated_s3654.ctg003660l||full	Caudoviricetes
5068_C_run562_hifi_trimmed_deduplicated_s3782.ctg003788l||full	Caudoviricetes
5068_C_run562_hifi_trimmed_deduplicated_s3805.ctg003811l||full	Caudoviricetes
5068_C_run562_hifi_trimmed_deduplicated_s3826.ctg003832c||full	Caudoviricetes
5068_C_run562_hifi_trimmed_deduplicated_s3838.ctg003844l||full	Caudoviricetes
5068_C_run562_hifi_trimmed_deduplicated_s3956.ctg003962l||full	Caudoviricetes
5068_C_run562_hifi_trimmed_deduplicated_s4063.ctg004069l||full	Caudoviricetes
5068_C_run562_hifi_trimmed_deduplicated_s4104.ctg004110l||full	Caudoviricetes
5068_C_run562_hifi_trimmed_deduplicated_s4236.ctg004242l||full	Caudoviricetes
5068_C_run562_hifi_trimmed_deduplicated_s4321.ctg004327c||full	Caudoviricetes
5068_C_run562_hifi_trimmed_deduplicated_s4322.ctg004328l||full	Caudoviricetes
5068_C_run562_hifi_trimmed_deduplicated_s4400.ctg004406l||full	Caudoviricetes
5068_C_run562_hifi_trimmed_deduplicated_s4549.ctg004556l||full	Caudoviricetes
5068_C_run562_hifi_trimmed_deduplicated_s4585.ctg004592l||full	Caudoviricetes
5068_D_run562_hifi_trimmed_deduplicated_s1859.ctg001863l||full_1	Caudoviricetes
5068_D_run562_hifi_trimmed_deduplicated_s4188.ctg004193l||full_1	Caudoviricetes
5068_D_run562_hifi_trimmed_deduplicated_s12.ctg000013l||full	Caudoviricetes
5068_D_run562_hifi_trimmed_deduplicated_s31.ctg000032l||full	Caudoviricetes
5068_D_run562_hifi_trimmed_deduplicated_s58.ctg000059l||full	Caudoviricetes
5068_D_run562_hifi_trimmed_deduplicated_s106.ctg000107l||full	Caudoviricetes
5068_D_run562_hifi_trimmed_deduplicated_s136.ctg000137l||full	Caudoviricetes
5068_D_run562_hifi_trimmed_deduplicated_s187.ctg000188l||full	Caudoviricetes
5068_D_run562_hifi_trimmed_deduplicated_s248.ctg000249l||full	Caudoviricetes
5068_D_run562_hifi_trimmed_deduplicated_s290.ctg000291l||full	Caudoviricetes
5068_D_run562_hifi_trimmed_deduplicated_s506.ctg000507l||full	Caudoviricetes
5068_D_run562_hifi_trimmed_deduplicated_s566.ctg000567l||full	Caudoviricetes
5068_D_run562_hifi_trimmed_deduplicated_s639.ctg000641l||full	Caudoviricetes
5068_D_run562_hifi_trimmed_deduplicated_s695.ctg000697l||full	Caudoviricetes
5068_D_run562_hifi_trimmed_deduplicated_s772.ctg000774l||full	Caudoviricetes
5068_D_run562_hifi_trimmed_deduplicated_s811.ctg000813l||full	Caudoviricetes
5068_D_run562_hifi_trimmed_deduplicated_s851.ctg000853l||full	Caudoviricetes
5068_D_run562_hifi_trimmed_deduplicated_s873.ctg000875l||full	Caudoviricetes
5068_D_run562_hifi_trimmed_deduplicated_s962.ctg000964l||full	Caudoviricetes
5068_D_run562_hifi_trimmed_deduplicated_s975.ctg000977l||full	Caudoviricetes
5068_D_run562_hifi_trimmed_deduplicated_s976.ctg000978l||full	Caudoviricetes
5068_D_run562_hifi_trimmed_deduplicated_s1173.ctg001176l||full	Caudoviricetes
5068_D_run562_hifi_trimmed_deduplicated_s1228.ctg001231l||full	Caudoviricetes
5068_D_run562_hifi_trimmed_deduplicated_s1247.ctg001251l||full	Caudoviricetes
5068_D_run562_hifi_trimmed_deduplicated_s1256.ctg001260l||full	Caudoviricetes
5068_D_run562_hifi_trimmed_deduplicated_s1358.ctg001362l||full	Caudoviricetes
5068_D_run562_hifi_trimmed_deduplicated_s1385.ctg001389l||full	Caudoviricetes
5068_D_run562_hifi_trimmed_deduplicated_s1423.ctg001427l||full	Caudoviricetes
5068_D_run562_hifi_trimmed_deduplicated_s1470.ctg001474l||full	Caudoviricetes
5068_D_run562_hifi_trimmed_deduplicated_s1543.ctg001547c||full	Caudoviricetes
5068_D_run562_hifi_trimmed_deduplicated_s1616.ctg001620l||full	Caudoviricetes
5068_D_run562_hifi_trimmed_deduplicated_s1617.ctg001621l||full	Caudoviricetes
5068_D_run562_hifi_trimmed_deduplicated_s1620.ctg001624l||full	Caudoviricetes
5068_D_run562_hifi_trimmed_deduplicated_s1622.ctg001626l||full	Caudoviricetes
5068_D_run562_hifi_trimmed_deduplicated_s1853.ctg001857l||full	Caudoviricetes
5068_D_run562_hifi_trimmed_deduplicated_s2136.ctg002141l||full	Caudoviricetes
5068_D_run562_hifi_trimmed_deduplicated_s2253.ctg002258l||full	Caudoviricetes
5068_D_run562_hifi_trimmed_deduplicated_s2279.ctg002284l||full	Caudoviricetes
5068_D_run562_hifi_trimmed_deduplicated_s2294.ctg002299l||full	Caudoviricetes
5068_D_run562_hifi_trimmed_deduplicated_s2401.ctg002406l||full	Caudoviricetes
5068_D_run562_hifi_trimmed_deduplicated_s2454.ctg002459l||full	Caudoviricetes
5068_D_run562_hifi_trimmed_deduplicated_s2467.ctg002472c||full	Caudoviricetes
5068_D_run562_hifi_trimmed_deduplicated_s2472.ctg002477l||full	Caudoviricetes
5068_D_run562_hifi_trimmed_deduplicated_s2512.ctg002517l||full	Caudoviricetes
5068_D_run562_hifi_trimmed_deduplicated_s2625.ctg002630l||full	Caudoviricetes
5068_D_run562_hifi_trimmed_deduplicated_s2777.ctg002782l||full	Caudoviricetes
5068_D_run562_hifi_trimmed_deduplicated_s2787.ctg002792l||full	Caudoviricetes
5068_D_run562_hifi_trimmed_deduplicated_s2798.ctg002803l||full	Caudoviricetes
5068_D_run562_hifi_trimmed_deduplicated_s2802.ctg002807l||full	Caudoviricetes
5068_D_run562_hifi_trimmed_deduplicated_s2817.ctg002822l||full	Caudoviricetes
5068_D_run562_hifi_trimmed_deduplicated_s2861.ctg002866l||full	Caudoviricetes
5068_D_run562_hifi_trimmed_deduplicated_s3050.ctg003055l||full	Caudoviricetes
5068_D_run562_hifi_trimmed_deduplicated_s3053.ctg003058l||full	Caudoviricetes
5068_D_run562_hifi_trimmed_deduplicated_s3078.ctg003083l||full	Caudoviricetes
5068_D_run562_hifi_trimmed_deduplicated_s3098.ctg003103l||full	Caudoviricetes
5068_D_run562_hifi_trimmed_deduplicated_s3124.ctg003129l||full	Caudoviricetes
5068_D_run562_hifi_trimmed_deduplicated_s3201.ctg003206l||full	Caudoviricetes
5068_D_run562_hifi_trimmed_deduplicated_s3231.ctg003236l||full	Caudoviricetes
5068_D_run562_hifi_trimmed_deduplicated_s3258.ctg003263l||full	Caudoviricetes
5068_D_run562_hifi_trimmed_deduplicated_s3321.ctg003326l||full	Caudoviricetes
5068_D_run562_hifi_trimmed_deduplicated_s3423.ctg003428l||full	Caudoviricetes
5068_D_run562_hifi_trimmed_deduplicated_s3434.ctg003439l||full	Caudoviricetes
5068_D_run562_hifi_trimmed_deduplicated_s3443.ctg003448l||full	Caudoviricetes
5068_D_run562_hifi_trimmed_deduplicated_s3476.ctg003481l||full	Caudoviricetes
5068_D_run562_hifi_trimmed_deduplicated_s3639.ctg003644l||full	Caudoviricetes
5068_D_run562_hifi_trimmed_deduplicated_s3704.ctg003709l||full	Caudoviricetes
5068_D_run562_hifi_trimmed_deduplicated_s3717.ctg003722l||full	Caudoviricetes
5068_D_run562_hifi_trimmed_deduplicated_s3771.ctg003776l||full	Caudoviricetes
5068_D_run562_hifi_trimmed_deduplicated_s3802.ctg003807l||full	Caudoviricetes
5068_D_run562_hifi_trimmed_deduplicated_s3829.ctg003834l||full	Caudoviricetes
5068_D_run562_hifi_trimmed_deduplicated_s3861.ctg003866l||full	Caudoviricetes
5068_D_run562_hifi_trimmed_deduplicated_s3864.ctg003869l||full	Caudoviricetes
5068_D_run562_hifi_trimmed_deduplicated_s3904.ctg003909l||full	Caudoviricetes
5068_D_run562_hifi_trimmed_deduplicated_s3907.ctg003912l||full	Caudoviricetes
5068_D_run562_hifi_trimmed_deduplicated_s3918.ctg003923l||full	Caudoviricetes
5068_D_run562_hifi_trimmed_deduplicated_s3920.ctg003925l||full	Caudoviricetes
5068_D_run562_hifi_trimmed_deduplicated_s3935.ctg003940l||full	Caudoviricetes
5068_D_run562_hifi_trimmed_deduplicated_s3972.ctg003977l||full	Caudoviricetes
5068_D_run562_hifi_trimmed_deduplicated_s3982.ctg003987l||full	Caudoviricetes
5068_D_run562_hifi_trimmed_deduplicated_s3999.ctg004004l||full	Caudoviricetes
5068_D_run562_hifi_trimmed_deduplicated_s4006.ctg004011l||full	Caudoviricetes
5068_D_run562_hifi_trimmed_deduplicated_s4061.ctg004066l||full	Caudoviricetes
5068_D_run562_hifi_trimmed_deduplicated_s4129.ctg004134l||full	Caudoviricetes
5068_D_run562_hifi_trimmed_deduplicated_s4311.ctg004316l||full	Caudoviricetes
5068_D_run562_hifi_trimmed_deduplicated_s241.ctg000242c||0_partial	Caudoviricetes
5068_E_run562_hifi_trimmed_deduplicated_s1143.ctg001183l||full_1	Caudoviricetes
5068_E_run562_hifi_trimmed_deduplicated_s2460.ctg002551l||full_1	Caudoviricetes
5068_E_run562_hifi_trimmed_deduplicated_s3495.ctg003624l||full_1	Caudoviricetes
5068_E_run562_hifi_trimmed_deduplicated_s6481.ctg006760l||full_1	Caudoviricetes
5068_E_run562_hifi_trimmed_deduplicated_s676.ctg000696l||0_partial_1	Caudoviricetes
5068_E_run562_hifi_trimmed_deduplicated_s5004.ctg005181l||0_partial_1	Caudoviricetes
5068_E_run562_hifi_trimmed_deduplicated_s94.ctg000097l||full	Caudoviricetes
5068_E_run562_hifi_trimmed_deduplicated_s149.ctg000157l||full	Caudoviricetes
5068_E_run562_hifi_trimmed_deduplicated_s487.ctg000501l||full	Caudoviricetes
5068_E_run562_hifi_trimmed_deduplicated_s594.ctg000611c||full	Caudoviricetes
5068_E_run562_hifi_trimmed_deduplicated_s621.ctg000640l||full	Caudoviricetes
5068_E_run562_hifi_trimmed_deduplicated_s645.ctg000664l||full	Caudoviricetes
5068_E_run562_hifi_trimmed_deduplicated_s663.ctg000683l||full	Caudoviricetes
5068_E_run562_hifi_trimmed_deduplicated_s1113.ctg001151l||full	Caudoviricetes
5068_E_run562_hifi_trimmed_deduplicated_s1290.ctg001337l||full	Caudoviricetes
5068_E_run562_hifi_trimmed_deduplicated_s1439.ctg001491l||full	Caudoviricetes
5068_E_run562_hifi_trimmed_deduplicated_s1497.ctg001552l||full	Caudoviricetes
5068_E_run562_hifi_trimmed_deduplicated_s1544.ctg001601l||full	Caudoviricetes
5068_E_run562_hifi_trimmed_deduplicated_s1551.ctg001608l||full	Caudoviricetes
5068_E_run562_hifi_trimmed_deduplicated_s1611.ctg001668l||full	Caudoviricetes
5068_E_run562_hifi_trimmed_deduplicated_s1612.ctg001669l||full	Caudoviricetes
5068_E_run562_hifi_trimmed_deduplicated_s1624.ctg001681l||full	Caudoviricetes
5068_E_run562_hifi_trimmed_deduplicated_s1689.ctg001747l||full	Caudoviricetes
5068_E_run562_hifi_trimmed_deduplicated_s1713.ctg001771l||full	Caudoviricetes
5068_E_run562_hifi_trimmed_deduplicated_s1889.ctg001955c||full	Caudoviricetes
5068_E_run562_hifi_trimmed_deduplicated_s1949.ctg002019l||full	Caudoviricetes
5068_E_run562_hifi_trimmed_deduplicated_s2026.ctg002099l||full	Caudoviricetes
5068_E_run562_hifi_trimmed_deduplicated_s2069.ctg002143l||full	Caudoviricetes
5068_E_run562_hifi_trimmed_deduplicated_s2249.ctg002334l||full	Caudoviricetes
5068_E_run562_hifi_trimmed_deduplicated_s2587.ctg002682l||full	Caudoviricetes
5068_E_run562_hifi_trimmed_deduplicated_s2767.ctg002867l||full	Caudoviricetes
5068_E_run562_hifi_trimmed_deduplicated_s2796.ctg002897c||full	Caudoviricetes
5068_E_run562_hifi_trimmed_deduplicated_s2806.ctg002907l||full	Caudoviricetes
5068_E_run562_hifi_trimmed_deduplicated_s3008.ctg003115l||full	Caudoviricetes
5068_E_run562_hifi_trimmed_deduplicated_s3196.ctg003309l||full	Caudoviricetes
5068_E_run562_hifi_trimmed_deduplicated_s3395.ctg003523l||full	Caudoviricetes
5068_E_run562_hifi_trimmed_deduplicated_s3468.ctg003596l||full	Caudoviricetes
5068_E_run562_hifi_trimmed_deduplicated_s3484.ctg003613l||full	Caudoviricetes
5068_E_run562_hifi_trimmed_deduplicated_s3490.ctg003619l||full	Caudoviricetes
5068_E_run562_hifi_trimmed_deduplicated_s3662.ctg003796l||full	Caudoviricetes
5068_E_run562_hifi_trimmed_deduplicated_s3677.ctg003811l||full	Caudoviricetes
5068_E_run562_hifi_trimmed_deduplicated_s3680.ctg003814l||full	Caudoviricetes
5068_E_run562_hifi_trimmed_deduplicated_s3683.ctg003817l||full	Caudoviricetes
5068_E_run562_hifi_trimmed_deduplicated_s3721.ctg003857c||full	Caudoviricetes
5068_E_run562_hifi_trimmed_deduplicated_s3967.ctg004109l||full	Caudoviricetes
5068_E_run562_hifi_trimmed_deduplicated_s4234.ctg004385l||full	Caudoviricetes
5068_E_run562_hifi_trimmed_deduplicated_s4250.ctg004401l||full	Caudoviricetes
5068_E_run562_hifi_trimmed_deduplicated_s4252.ctg004403l||full	Caudoviricetes
5068_E_run562_hifi_trimmed_deduplicated_s4363.ctg004517l||full	Caudoviricetes
5068_E_run562_hifi_trimmed_deduplicated_s4370.ctg004524l||full	Caudoviricetes
5068_E_run562_hifi_trimmed_deduplicated_s4417.ctg004572l||full	Caudoviricetes
5068_E_run562_hifi_trimmed_deduplicated_s4518.ctg004677l||full	Caudoviricetes
5068_E_run562_hifi_trimmed_deduplicated_s4958.ctg005133l||full	Caudoviricetes
5068_E_run562_hifi_trimmed_deduplicated_s5032.ctg005211l||full	Caudoviricetes
5068_E_run562_hifi_trimmed_deduplicated_s5104.ctg005287l||full	Caudoviricetes
5068_E_run562_hifi_trimmed_deduplicated_s5586.ctg005796l||full	Caudoviricetes
5068_E_run562_hifi_trimmed_deduplicated_s5600.ctg005810l||full	Caudoviricetes
5068_E_run562_hifi_trimmed_deduplicated_s5606.ctg005816l||full	Caudoviricetes
5068_E_run562_hifi_trimmed_deduplicated_s5626.ctg005837l||full	Caudoviricetes
5068_E_run562_hifi_trimmed_deduplicated_s2680.ctg002777l||0_partial	Caudoviricetes
5068_F_run562_hifi_trimmed_deduplicated_s1346.ctg001356l||full_1	Caudoviricetes
5068_F_run562_hifi_trimmed_deduplicated_s4.ctg000005l||0_partial_1	Caudoviricetes
5068_F_run562_hifi_trimmed_deduplicated_s504.ctg000507l||0_partial_1	Caudoviricetes
5068_F_run562_hifi_trimmed_deduplicated_s147.ctg000148l||full	Caudoviricetes
5068_F_run562_hifi_trimmed_deduplicated_s152.ctg000153c||full	Caudoviricetes
5068_F_run562_hifi_trimmed_deduplicated_s157.ctg000158l||full	Caudoviricetes
5068_F_run562_hifi_trimmed_deduplicated_s655.ctg000660l||full	Caudoviricetes
5068_F_run562_hifi_trimmed_deduplicated_s1248.ctg001258c||full	Caudoviricetes
5068_F_run562_hifi_trimmed_deduplicated_s1484.ctg001494l||full	Caudoviricetes
5068_F_run562_hifi_trimmed_deduplicated_s1528.ctg001538l||full	Caudoviricetes
5068_F_run562_hifi_trimmed_deduplicated_s1741.ctg001751l||full	Caudoviricetes
5068_F_run562_hifi_trimmed_deduplicated_s1744.ctg001754l||full	Caudoviricetes
5068_F_run562_hifi_trimmed_deduplicated_s1760.ctg001770l||full	Caudoviricetes
5068_F_run562_hifi_trimmed_deduplicated_s1838.ctg001849l||full	Caudoviricetes
5068_F_run562_hifi_trimmed_deduplicated_s1950.ctg001961l||full	Caudoviricetes
5068_F_run562_hifi_trimmed_deduplicated_s2083.ctg002095l||full	Caudoviricetes
5068_F_run562_hifi_trimmed_deduplicated_s2113.ctg002125c||full	Caudoviricetes
5068_F_run562_hifi_trimmed_deduplicated_s2120.ctg002132l||full	Caudoviricetes
5068_F_run562_hifi_trimmed_deduplicated_s2380.ctg002392l||full	Caudoviricetes
5068_F_run562_hifi_trimmed_deduplicated_s2397.ctg002409l||full	Caudoviricetes
5068_F_run562_hifi_trimmed_deduplicated_s2483.ctg002496l||full	Caudoviricetes
5068_F_run562_hifi_trimmed_deduplicated_s2628.ctg002641l||full	Caudoviricetes
5068_F_run562_hifi_trimmed_deduplicated_s2629.ctg002642l||full	Caudoviricetes
5068_F_run562_hifi_trimmed_deduplicated_s2833.ctg002846l||full	Caudoviricetes
5068_F_run562_hifi_trimmed_deduplicated_s2898.ctg002911l||full	Caudoviricetes
5068_F_run562_hifi_trimmed_deduplicated_s2937.ctg002950l||full	Caudoviricetes
5068_F_run562_hifi_trimmed_deduplicated_s2959.ctg002972l||full	Caudoviricetes
5068_F_run562_hifi_trimmed_deduplicated_s3037.ctg003050l||full	Caudoviricetes
5068_F_run562_hifi_trimmed_deduplicated_s3140.ctg003153l||full	Caudoviricetes
4752_BW_run525_CCS_trimmed_deduplicated_s1134.ctg001135l||full_1	Caudoviricetes
4752_BW_run525_CCS_trimmed_deduplicated_s1649.ctg001650l||full_1	Caudoviricetes
4752_BW_run525_CCS_trimmed_deduplicated_s1953.ctg001954l||full_1	Caudoviricetes
4752_BW_run525_CCS_trimmed_deduplicated_s2396.ctg002397l||full_1	Caudoviricetes
4752_BW_run525_CCS_trimmed_deduplicated_s2984.ctg002985l||full_1	Caudoviricetes
4752_BW_run525_CCS_trimmed_deduplicated_s189.ctg000190c||full	Caudoviricetes
4752_BW_run525_CCS_trimmed_deduplicated_s923.ctg000924l||full	Caudoviricetes
4752_BW_run525_CCS_trimmed_deduplicated_s39.ctg000040l||full	Caudoviricetes
4752_BW_run525_CCS_trimmed_deduplicated_s51.ctg000052l||full	Caudoviricetes
4752_BW_run525_CCS_trimmed_deduplicated_s62.ctg000063l||full	Caudoviricetes
4752_BW_run525_CCS_trimmed_deduplicated_s109.ctg000110l||full	Caudoviricetes
4752_BW_run525_CCS_trimmed_deduplicated_s153.ctg000154l||full	Caudoviricetes
4752_BW_run525_CCS_trimmed_deduplicated_s191.ctg000192l||full	Caudoviricetes
4752_BW_run525_CCS_trimmed_deduplicated_s216.ctg000217l||full	Caudoviricetes
4752_BW_run525_CCS_trimmed_deduplicated_s254.ctg000255l||full	Caudoviricetes
4752_BW_run525_CCS_trimmed_deduplicated_s257.ctg000258l||full	Caudoviricetes
4752_BW_run525_CCS_trimmed_deduplicated_s271.ctg000272l||full	Caudoviricetes
4752_BW_run525_CCS_trimmed_deduplicated_s273.ctg000274l||full	Caudoviricetes
4752_BW_run525_CCS_trimmed_deduplicated_s280.ctg000281l||full	Caudoviricetes
4752_BW_run525_CCS_trimmed_deduplicated_s281.ctg000282l||full	Caudoviricetes
4752_BW_run525_CCS_trimmed_deduplicated_s283.ctg000284l||full	Caudoviricetes
4752_BW_run525_CCS_trimmed_deduplicated_s286.ctg000287l||full	Caudoviricetes
4752_BW_run525_CCS_trimmed_deduplicated_s289.ctg000290l||full	Caudoviricetes
4752_BW_run525_CCS_trimmed_deduplicated_s310.ctg000311l||full	Caudoviricetes
4752_BW_run525_CCS_trimmed_deduplicated_s321.ctg000322l||full	Caudoviricetes
4752_BW_run525_CCS_trimmed_deduplicated_s327.ctg000328l||full	Caudoviricetes
4752_BW_run525_CCS_trimmed_deduplicated_s332.ctg000333l||full	Caudoviricetes
4752_BW_run525_CCS_trimmed_deduplicated_s337.ctg000338l||full	Caudoviricetes
4752_BW_run525_CCS_trimmed_deduplicated_s349.ctg000350l||full	Caudoviricetes
4752_BW_run525_CCS_trimmed_deduplicated_s419.ctg000420l||full	Caudoviricetes
4752_BW_run525_CCS_trimmed_deduplicated_s424.ctg000425l||full	Caudoviricetes
4752_BW_run525_CCS_trimmed_deduplicated_s470.ctg000471l||full	Caudoviricetes
4752_BW_run525_CCS_trimmed_deduplicated_s475.ctg000476l||full	Caudoviricetes
4752_BW_run525_CCS_trimmed_deduplicated_s476.ctg000477l||full	Caudoviricetes
4752_BW_run525_CCS_trimmed_deduplicated_s496.ctg000497l||full	Caudoviricetes
4752_BW_run525_CCS_trimmed_deduplicated_s503.ctg000504l||full	Caudoviricetes
4752_BW_run525_CCS_trimmed_deduplicated_s509.ctg000510l||full	Caudoviricetes
4752_BW_run525_CCS_trimmed_deduplicated_s525.ctg000526l||full	Caudoviricetes
4752_BW_run525_CCS_trimmed_deduplicated_s531.ctg000532c||full	Caudoviricetes
4752_BW_run525_CCS_trimmed_deduplicated_s540.ctg000541l||full	Caudoviricetes
4752_BW_run525_CCS_trimmed_deduplicated_s548.ctg000549l||full	Caudoviricetes
4752_BW_run525_CCS_trimmed_deduplicated_s600.ctg000601l||full	Caudoviricetes
4752_BW_run525_CCS_trimmed_deduplicated_s605.ctg000606l||full	Caudoviricetes
4752_BW_run525_CCS_trimmed_deduplicated_s628.ctg000629l||full	Caudoviricetes
4752_BW_run525_CCS_trimmed_deduplicated_s634.ctg000635l||full	Caudoviricetes
4752_BW_run525_CCS_trimmed_deduplicated_s655.ctg000656l||full	Caudoviricetes
4752_BW_run525_CCS_trimmed_deduplicated_s660.ctg000661l||full	Caudoviricetes
4752_BW_run525_CCS_trimmed_deduplicated_s677.ctg000678l||full	Caudoviricetes
4752_BW_run525_CCS_trimmed_deduplicated_s683.ctg000684l||full	Caudoviricetes
4752_BW_run525_CCS_trimmed_deduplicated_s721.ctg000722l||full	Caudoviricetes
4752_BW_run525_CCS_trimmed_deduplicated_s732.ctg000733l||full	Caudoviricetes
4752_BW_run525_CCS_trimmed_deduplicated_s737.ctg000738l||full	Caudoviricetes
4752_BW_run525_CCS_trimmed_deduplicated_s741.ctg000742l||full	Caudoviricetes
4752_BW_run525_CCS_trimmed_deduplicated_s763.ctg000764l||full	Caudoviricetes
4752_BW_run525_CCS_trimmed_deduplicated_s772.ctg000773l||full	Caudoviricetes
4752_BW_run525_CCS_trimmed_deduplicated_s799.ctg000800l||full	Caudoviricetes
4752_BW_run525_CCS_trimmed_deduplicated_s830.ctg000831l||full	Caudoviricetes
4752_BW_run525_CCS_trimmed_deduplicated_s841.ctg000842l||full	Caudoviricetes
4752_BW_run525_CCS_trimmed_deduplicated_s865.ctg000866l||full	Caudoviricetes
4752_BW_run525_CCS_trimmed_deduplicated_s867.ctg000868l||full	Caudoviricetes
4752_BW_run525_CCS_trimmed_deduplicated_s907.ctg000908l||full	Caudoviricetes
4752_BW_run525_CCS_trimmed_deduplicated_s928.ctg000929l||full	Caudoviricetes
4752_BW_run525_CCS_trimmed_deduplicated_s929.ctg000930l||full	Caudoviricetes
4752_BW_run525_CCS_trimmed_deduplicated_s930.ctg000931l||full	Caudoviricetes
4752_BW_run525_CCS_trimmed_deduplicated_s938.ctg000939l||full	Caudoviricetes
4752_BW_run525_CCS_trimmed_deduplicated_s950.ctg000951l||full	Caudoviricetes
4752_BW_run525_CCS_trimmed_deduplicated_s957.ctg000958l||full	Caudoviricetes
4752_BW_run525_CCS_trimmed_deduplicated_s972.ctg000973l||full	Caudoviricetes
4752_BW_run525_CCS_trimmed_deduplicated_s994.ctg000995l||full	Caudoviricetes
4752_BW_run525_CCS_trimmed_deduplicated_s1006.ctg001007l||full	Caudoviricetes
4752_BW_run525_CCS_trimmed_deduplicated_s1015.ctg001016l||full	Caudoviricetes
4752_BW_run525_CCS_trimmed_deduplicated_s1052.ctg001053l||full	Caudoviricetes
4752_BW_run525_CCS_trimmed_deduplicated_s1071.ctg001072l||full	Caudoviricetes
4752_BW_run525_CCS_trimmed_deduplicated_s1088.ctg001089l||full	Caudoviricetes
4752_BW_run525_CCS_trimmed_deduplicated_s1103.ctg001104l||full	Caudoviricetes
4752_BW_run525_CCS_trimmed_deduplicated_s1107.ctg001108l||full	Caudoviricetes
4752_BW_run525_CCS_trimmed_deduplicated_s1128.ctg001129l||full	Caudoviricetes
4752_BW_run525_CCS_trimmed_deduplicated_s1187.ctg001188l||full	Caudoviricetes
4752_BW_run525_CCS_trimmed_deduplicated_s1201.ctg001202c||full	Caudoviricetes
4752_BW_run525_CCS_trimmed_deduplicated_s1202.ctg001203l||full	Caudoviricetes
4752_BW_run525_CCS_trimmed_deduplicated_s1206.ctg001207l||full	Caudoviricetes
4752_BW_run525_CCS_trimmed_deduplicated_s1228.ctg001229l||full	Caudoviricetes
4752_BW_run525_CCS_trimmed_deduplicated_s1278.ctg001279l||full	Caudoviricetes
4752_BW_run525_CCS_trimmed_deduplicated_s1321.ctg001322l||full	Caudoviricetes
4752_BW_run525_CCS_trimmed_deduplicated_s1330.ctg001331l||full	Caudoviricetes
4752_BW_run525_CCS_trimmed_deduplicated_s1335.ctg001336l||full	Caudoviricetes
4752_BW_run525_CCS_trimmed_deduplicated_s1371.ctg001372l||full	Caudoviricetes
4752_BW_run525_CCS_trimmed_deduplicated_s1375.ctg001376l||full	Caudoviricetes
4752_BW_run525_CCS_trimmed_deduplicated_s1382.ctg001383l||full	Caudoviricetes
4752_BW_run525_CCS_trimmed_deduplicated_s1390.ctg001391l||full	Caudoviricetes
4752_BW_run525_CCS_trimmed_deduplicated_s1396.ctg001397l||full	Caudoviricetes
4752_BW_run525_CCS_trimmed_deduplicated_s1448.ctg001449l||full	Caudoviricetes
4752_BW_run525_CCS_trimmed_deduplicated_s1468.ctg001469l||full	Caudoviricetes
4752_BW_run525_CCS_trimmed_deduplicated_s1480.ctg001481l||full	Caudoviricetes
4752_BW_run525_CCS_trimmed_deduplicated_s1495.ctg001496l||full	Caudoviricetes
4752_BW_run525_CCS_trimmed_deduplicated_s1496.ctg001497l||full	Caudoviricetes
4752_BW_run525_CCS_trimmed_deduplicated_s1516.ctg001517l||full	Caudoviricetes
4752_BW_run525_CCS_trimmed_deduplicated_s1526.ctg001527c||full	Caudoviricetes
4752_BW_run525_CCS_trimmed_deduplicated_s1548.ctg001549l||full	Caudoviricetes
4752_BW_run525_CCS_trimmed_deduplicated_s1554.ctg001555l||full	Caudoviricetes
4752_BW_run525_CCS_trimmed_deduplicated_s1577.ctg001578l||full	Caudoviricetes
4752_BW_run525_CCS_trimmed_deduplicated_s1579.ctg001580l||full	Caudoviricetes
4752_BW_run525_CCS_trimmed_deduplicated_s1588.ctg001589l||full	Caudoviricetes
4752_BW_run525_CCS_trimmed_deduplicated_s1599.ctg001600l||full	Caudoviricetes
4752_BW_run525_CCS_trimmed_deduplicated_s1602.ctg001603l||full	Caudoviricetes
4752_BW_run525_CCS_trimmed_deduplicated_s1614.ctg001615l||full	Caudoviricetes
4752_BW_run525_CCS_trimmed_deduplicated_s1622.ctg001623l||full	Caudoviricetes
4752_BW_run525_CCS_trimmed_deduplicated_s1625.ctg001626l||full	Caudoviricetes
4752_BW_run525_CCS_trimmed_deduplicated_s1627.ctg001628l||full	Caudoviricetes
4752_BW_run525_CCS_trimmed_deduplicated_s1632.ctg001633l||full	Caudoviricetes
4752_BW_run525_CCS_trimmed_deduplicated_s1634.ctg001635l||full	Caudoviricetes
4752_BW_run525_CCS_trimmed_deduplicated_s1641.ctg001642l||full	Caudoviricetes
4752_BW_run525_CCS_trimmed_deduplicated_s1646.ctg001647l||full	Caudoviricetes
4752_BW_run525_CCS_trimmed_deduplicated_s1652.ctg001653l||full	Caudoviricetes
4752_BW_run525_CCS_trimmed_deduplicated_s1669.ctg001670l||full	Caudoviricetes
4752_BW_run525_CCS_trimmed_deduplicated_s1726.ctg001727l||full	Caudoviricetes
4752_BW_run525_CCS_trimmed_deduplicated_s1744.ctg001745l||full	Caudoviricetes
4752_BW_run525_CCS_trimmed_deduplicated_s1836.ctg001837l||full	Caudoviricetes
4752_BW_run525_CCS_trimmed_deduplicated_s1838.ctg001839l||full	Caudoviricetes
4752_BW_run525_CCS_trimmed_deduplicated_s1842.ctg001843l||full	Caudoviricetes
4752_BW_run525_CCS_trimmed_deduplicated_s1865.ctg001866l||full	Caudoviricetes
4752_BW_run525_CCS_trimmed_deduplicated_s1885.ctg001886l||full	Caudoviricetes
4752_BW_run525_CCS_trimmed_deduplicated_s1913.ctg001914l||full	Caudoviricetes
4752_BW_run525_CCS_trimmed_deduplicated_s1926.ctg001927l||full	Caudoviricetes
4752_BW_run525_CCS_trimmed_deduplicated_s1948.ctg001949l||full	Caudoviricetes
4752_BW_run525_CCS_trimmed_deduplicated_s1950.ctg001951l||full	Caudoviricetes
4752_BW_run525_CCS_trimmed_deduplicated_s1959.ctg001960l||full	Caudoviricetes
4752_BW_run525_CCS_trimmed_deduplicated_s1960.ctg001961l||full	Caudoviricetes
4752_BW_run525_CCS_trimmed_deduplicated_s1986.ctg001987l||full	Caudoviricetes
4752_BW_run525_CCS_trimmed_deduplicated_s2006.ctg002007l||full	Caudoviricetes
4752_BW_run525_CCS_trimmed_deduplicated_s2033.ctg002034l||full	Caudoviricetes
4752_BW_run525_CCS_trimmed_deduplicated_s2055.ctg002056l||full	Caudoviricetes
4752_BW_run525_CCS_trimmed_deduplicated_s2070.ctg002071l||full	Caudoviricetes
4752_BW_run525_CCS_trimmed_deduplicated_s2075.ctg002076l||full	Caudoviricetes
4752_BW_run525_CCS_trimmed_deduplicated_s2087.ctg002088l||full	Caudoviricetes
4752_BW_run525_CCS_trimmed_deduplicated_s2091.ctg002092l||full	Caudoviricetes
4752_BW_run525_CCS_trimmed_deduplicated_s2092.ctg002093l||full	Caudoviricetes
4752_BW_run525_CCS_trimmed_deduplicated_s2103.ctg002104l||full	Caudoviricetes
4752_BW_run525_CCS_trimmed_deduplicated_s2114.ctg002115l||full	Caudoviricetes
4752_BW_run525_CCS_trimmed_deduplicated_s2134.ctg002135l||full	Caudoviricetes
4752_BW_run525_CCS_trimmed_deduplicated_s2144.ctg002145l||full	Caudoviricetes
4752_BW_run525_CCS_trimmed_deduplicated_s2199.ctg002200l||full	Caudoviricetes
4752_BW_run525_CCS_trimmed_deduplicated_s2206.ctg002207l||full	Caudoviricetes
4752_BW_run525_CCS_trimmed_deduplicated_s2227.ctg002228l||full	Caudoviricetes
4752_BW_run525_CCS_trimmed_deduplicated_s2260.ctg002261l||full	Caudoviricetes
4752_BW_run525_CCS_trimmed_deduplicated_s2268.ctg002269l||full	Caudoviricetes
4752_BW_run525_CCS_trimmed_deduplicated_s2270.ctg002271l||full	Caudoviricetes
4752_BW_run525_CCS_trimmed_deduplicated_s2289.ctg002290l||full	Caudoviricetes
4752_BW_run525_CCS_trimmed_deduplicated_s2290.ctg002291l||full	Caudoviricetes
4752_BW_run525_CCS_trimmed_deduplicated_s2323.ctg002324l||full	Caudoviricetes
4752_BW_run525_CCS_trimmed_deduplicated_s2335.ctg002336l||full	Caudoviricetes
4752_BW_run525_CCS_trimmed_deduplicated_s2362.ctg002363l||full	Caudoviricetes
4752_BW_run525_CCS_trimmed_deduplicated_s2379.ctg002380l||full	Caudoviricetes
4752_BW_run525_CCS_trimmed_deduplicated_s2386.ctg002387l||full	Caudoviricetes
4752_BW_run525_CCS_trimmed_deduplicated_s2414.ctg002415l||full	Caudoviricetes
4752_BW_run525_CCS_trimmed_deduplicated_s2420.ctg002421l||full	Caudoviricetes
4752_BW_run525_CCS_trimmed_deduplicated_s2461.ctg002462l||full	Caudoviricetes
4752_BW_run525_CCS_trimmed_deduplicated_s2469.ctg002470l||full	Caudoviricetes
4752_BW_run525_CCS_trimmed_deduplicated_s2475.ctg002476l||full	Caudoviricetes
4752_BW_run525_CCS_trimmed_deduplicated_s2485.ctg002486l||full	Caudoviricetes
4752_BW_run525_CCS_trimmed_deduplicated_s2487.ctg002488l||full	Caudoviricetes
4752_BW_run525_CCS_trimmed_deduplicated_s2492.ctg002493l||full	Caudoviricetes
4752_BW_run525_CCS_trimmed_deduplicated_s2514.ctg002515l||full	Caudoviricetes
4752_BW_run525_CCS_trimmed_deduplicated_s2520.ctg002521l||full	Caudoviricetes
4752_BW_run525_CCS_trimmed_deduplicated_s2528.ctg002529l||full	Caudoviricetes
4752_BW_run525_CCS_trimmed_deduplicated_s2539.ctg002540l||full	Caudoviricetes
4752_BW_run525_CCS_trimmed_deduplicated_s2550.ctg002551l||full	Caudoviricetes
4752_BW_run525_CCS_trimmed_deduplicated_s2574.ctg002575l||full	Caudoviricetes
4752_BW_run525_CCS_trimmed_deduplicated_s2618.ctg002619l||full	Caudoviricetes
4752_BW_run525_CCS_trimmed_deduplicated_s2637.ctg002638l||full	Caudoviricetes
4752_BW_run525_CCS_trimmed_deduplicated_s2640.ctg002641l||full	Caudoviricetes
4752_BW_run525_CCS_trimmed_deduplicated_s2686.ctg002687l||full	Caudoviricetes
4752_BW_run525_CCS_trimmed_deduplicated_s2694.ctg002695l||full	Caudoviricetes
4752_BW_run525_CCS_trimmed_deduplicated_s2699.ctg002700l||full	Caudoviricetes
4752_BW_run525_CCS_trimmed_deduplicated_s2702.ctg002703l||full	Caudoviricetes
4752_BW_run525_CCS_trimmed_deduplicated_s2720.ctg002721l||full	Caudoviricetes
4752_BW_run525_CCS_trimmed_deduplicated_s2750.ctg002751l||full	Caudoviricetes
4752_BW_run525_CCS_trimmed_deduplicated_s2779.ctg002780l||full	Caudoviricetes
4752_BW_run525_CCS_trimmed_deduplicated_s2793.ctg002794l||full	Caudoviricetes
4752_BW_run525_CCS_trimmed_deduplicated_s2803.ctg002804l||full	Caudoviricetes
4752_BW_run525_CCS_trimmed_deduplicated_s2830.ctg002831l||full	Caudoviricetes
4752_BW_run525_CCS_trimmed_deduplicated_s2836.ctg002837l||full	Caudoviricetes
4752_BW_run525_CCS_trimmed_deduplicated_s2847.ctg002848l||full	Caudoviricetes
4752_BW_run525_CCS_trimmed_deduplicated_s2865.ctg002866l||full	Caudoviricetes
4752_BW_run525_CCS_trimmed_deduplicated_s2872.ctg002873l||full	Caudoviricetes
4752_BW_run525_CCS_trimmed_deduplicated_s2884.ctg002885l||full	Caudoviricetes
4752_BW_run525_CCS_trimmed_deduplicated_s2898.ctg002899l||full	Caudoviricetes
4752_BW_run525_CCS_trimmed_deduplicated_s2911.ctg002912l||full	Caudoviricetes
4752_BW_run525_CCS_trimmed_deduplicated_s2929.ctg002930l||full	Caudoviricetes
4752_BW_run525_CCS_trimmed_deduplicated_s2937.ctg002938l||full	Caudoviricetes
4752_BW_run525_CCS_trimmed_deduplicated_s2973.ctg002974l||full	Caudoviricetes
4752_BW_run525_CCS_trimmed_deduplicated_s2976.ctg002977l||full	Caudoviricetes
4752_BW_run525_CCS_trimmed_deduplicated_s2994.ctg002995l||full	Caudoviricetes
4752_BW_run525_CCS_trimmed_deduplicated_s3010.ctg003011l||full	Caudoviricetes
4752_BW_run525_CCS_trimmed_deduplicated_s3038.ctg003039l||full	Caudoviricetes
4752_BW_run525_CCS_trimmed_deduplicated_s3061.ctg003062l||full	Caudoviricetes
4752_BW_run525_CCS_trimmed_deduplicated_s3073.ctg003074l||full	Caudoviricetes
4752_BW_run525_CCS_trimmed_deduplicated_s3155.ctg003156l||full	Caudoviricetes
4752_BW_run525_CCS_trimmed_deduplicated_s3172.ctg003173l||full	Caudoviricetes
4752_BW_run525_CCS_trimmed_deduplicated_s3199.ctg003200l||full	Caudoviricetes
4752_BW_run525_CCS_trimmed_deduplicated_s3210.ctg003211l||full	Caudoviricetes
4752_CA_run525_CCS_trimmed_deduplicated_s500.ctg000501c||full	Caudoviricetes
4752_CA_run525_CCS_trimmed_deduplicated_s605.ctg000606l||full	Caudoviricetes
4752_CA_run525_CCS_trimmed_deduplicated_s633.ctg000634l||full	Caudoviricetes
4752_CA_run525_CCS_trimmed_deduplicated_s961.ctg000962l||full	Caudoviricetes
4752_CA_run525_CCS_trimmed_deduplicated_s1810.ctg001811l||full	Caudoviricetes
4752_CA_run525_CCS_trimmed_deduplicated_s2369.ctg002370l||full	Caudoviricetes
4752_CA_run525_CCS_trimmed_deduplicated_s2794.ctg002795l||full	Caudoviricetes
4752_CA_run525_CCS_trimmed_deduplicated_s2847.ctg002848l||full	Caudoviricetes
4752_CA_run525_CCS_trimmed_deduplicated_s2929.ctg002930l||full	Caudoviricetes
4752_CF_run525_CCS_trimmed_deduplicated_s703.ctg000704l||full_1	Caudoviricetes
4752_CF_run525_CCS_trimmed_deduplicated_s1848.ctg001849l||full_1	Caudoviricetes
4752_CF_run525_CCS_trimmed_deduplicated_s2166.ctg002167l||full_1	Caudoviricetes
4752_CF_run525_CCS_trimmed_deduplicated_s3427.ctg003428l||full_1	Caudoviricetes
4752_CF_run525_CCS_trimmed_deduplicated_s3609.ctg003610l||full_1	Caudoviricetes
4752_CF_run525_CCS_trimmed_deduplicated_s4858.ctg004859l||full_1	Caudoviricetes
4752_CF_run525_CCS_trimmed_deduplicated_s4882.ctg004883l||full_1	Caudoviricetes
4752_CF_run525_CCS_trimmed_deduplicated_s6072.ctg006074l||full_1	Caudoviricetes
4752_CF_run525_CCS_trimmed_deduplicated_s8738.ctg008740l||full_1	Caudoviricetes
4752_CF_run525_CCS_trimmed_deduplicated_s8981.ctg008983l||full_1	Caudoviricetes
4752_CF_run525_CCS_trimmed_deduplicated_s31.ctg000032l||full	Caudoviricetes
4752_CF_run525_CCS_trimmed_deduplicated_s259.ctg000260l||full	Caudoviricetes
4752_CF_run525_CCS_trimmed_deduplicated_s324.ctg000325l||full	Caudoviricetes
4752_CF_run525_CCS_trimmed_deduplicated_s325.ctg000326l||full	Caudoviricetes
4752_CF_run525_CCS_trimmed_deduplicated_s327.ctg000328l||full	Caudoviricetes
4752_CF_run525_CCS_trimmed_deduplicated_s362.ctg000363l||full	Caudoviricetes
4752_CF_run525_CCS_trimmed_deduplicated_s378.ctg000379l||full	Caudoviricetes
4752_CF_run525_CCS_trimmed_deduplicated_s405.ctg000406l||full	Caudoviricetes
4752_CF_run525_CCS_trimmed_deduplicated_s437.ctg000438l||full	Caudoviricetes
4752_CF_run525_CCS_trimmed_deduplicated_s560.ctg000561l||full	Caudoviricetes
4752_CF_run525_CCS_trimmed_deduplicated_s814.ctg000815l||full	Caudoviricetes
4752_CF_run525_CCS_trimmed_deduplicated_s845.ctg000846l||full	Caudoviricetes
4752_CF_run525_CCS_trimmed_deduplicated_s1091.ctg001092l||full	Caudoviricetes
4752_CF_run525_CCS_trimmed_deduplicated_s1171.ctg001172l||full	Caudoviricetes
4752_CF_run525_CCS_trimmed_deduplicated_s1176.ctg001177l||full	Caudoviricetes
4752_CF_run525_CCS_trimmed_deduplicated_s1206.ctg001207c||full	Caudoviricetes
4752_CF_run525_CCS_trimmed_deduplicated_s1224.ctg001225l||full	Caudoviricetes
4752_CF_run525_CCS_trimmed_deduplicated_s1359.ctg001360l||full	Caudoviricetes
4752_CF_run525_CCS_trimmed_deduplicated_s1473.ctg001474l||full	Caudoviricetes
4752_CF_run525_CCS_trimmed_deduplicated_s1486.ctg001487l||full	Caudoviricetes
4752_CF_run525_CCS_trimmed_deduplicated_s1540.ctg001541l||full	Caudoviricetes
4752_CF_run525_CCS_trimmed_deduplicated_s1700.ctg001701l||full	Caudoviricetes
4752_CF_run525_CCS_trimmed_deduplicated_s1817.ctg001818l||full	Caudoviricetes
4752_CF_run525_CCS_trimmed_deduplicated_s1828.ctg001829l||full	Caudoviricetes
4752_CF_run525_CCS_trimmed_deduplicated_s1908.ctg001909l||full	Caudoviricetes
4752_CF_run525_CCS_trimmed_deduplicated_s2066.ctg002067l||full	Caudoviricetes
4752_CF_run525_CCS_trimmed_deduplicated_s2122.ctg002123l||full	Caudoviricetes
4752_CF_run525_CCS_trimmed_deduplicated_s2132.ctg002133l||full	Caudoviricetes
4752_CF_run525_CCS_trimmed_deduplicated_s2149.ctg002150l||full	Caudoviricetes
4752_CF_run525_CCS_trimmed_deduplicated_s2342.ctg002343l||full	Caudoviricetes
4752_CF_run525_CCS_trimmed_deduplicated_s2410.ctg002411l||full	Caudoviricetes
4752_CF_run525_CCS_trimmed_deduplicated_s2507.ctg002508l||full	Caudoviricetes
4752_CF_run525_CCS_trimmed_deduplicated_s2537.ctg002538l||full	Caudoviricetes
4752_CF_run525_CCS_trimmed_deduplicated_s2610.ctg002611l||full	Caudoviricetes
4752_CF_run525_CCS_trimmed_deduplicated_s2614.ctg002615l||full	Caudoviricetes
4752_CF_run525_CCS_trimmed_deduplicated_s2651.ctg002652l||full	Caudoviricetes
4752_CF_run525_CCS_trimmed_deduplicated_s2674.ctg002675l||full	Caudoviricetes
4752_CF_run525_CCS_trimmed_deduplicated_s2773.ctg002774l||full	Caudoviricetes
4752_CF_run525_CCS_trimmed_deduplicated_s3197.ctg003198l||full	Caudoviricetes
4752_CF_run525_CCS_trimmed_deduplicated_s3218.ctg003219l||full	Caudoviricetes
4752_CF_run525_CCS_trimmed_deduplicated_s3278.ctg003279l||full	Caudoviricetes
4752_CF_run525_CCS_trimmed_deduplicated_s3303.ctg003304l||full	Caudoviricetes
4752_CF_run525_CCS_trimmed_deduplicated_s3315.ctg003316l||full	Caudoviricetes
4752_CF_run525_CCS_trimmed_deduplicated_s3330.ctg003331l||full	Caudoviricetes
4752_CF_run525_CCS_trimmed_deduplicated_s3339.ctg003340l||full	Caudoviricetes
4752_CF_run525_CCS_trimmed_deduplicated_s3366.ctg003367l||full	Caudoviricetes
4752_CF_run525_CCS_trimmed_deduplicated_s3395.ctg003396l||full	Caudoviricetes
4752_CF_run525_CCS_trimmed_deduplicated_s3403.ctg003404l||full	Caudoviricetes
4752_CF_run525_CCS_trimmed_deduplicated_s3494.ctg003495c||full	Caudoviricetes
4752_CF_run525_CCS_trimmed_deduplicated_s3644.ctg003645l||full	Caudoviricetes
4752_CF_run525_CCS_trimmed_deduplicated_s3661.ctg003662l||full	Caudoviricetes
4752_CF_run525_CCS_trimmed_deduplicated_s3715.ctg003716l||full	Caudoviricetes
4752_CF_run525_CCS_trimmed_deduplicated_s3716.ctg003717l||full	Caudoviricetes
4752_CF_run525_CCS_trimmed_deduplicated_s3721.ctg003722l||full	Caudoviricetes
4752_CF_run525_CCS_trimmed_deduplicated_s3744.ctg003745l||full	Caudoviricetes
4752_CF_run525_CCS_trimmed_deduplicated_s3776.ctg003777l||full	Caudoviricetes
4752_CF_run525_CCS_trimmed_deduplicated_s3831.ctg003832l||full	Caudoviricetes
4752_CF_run525_CCS_trimmed_deduplicated_s3832.ctg003833l||full	Caudoviricetes
4752_CF_run525_CCS_trimmed_deduplicated_s3873.ctg003874l||full	Caudoviricetes
4752_CF_run525_CCS_trimmed_deduplicated_s3880.ctg003881l||full	Caudoviricetes
4752_CF_run525_CCS_trimmed_deduplicated_s3952.ctg003953l||full	Caudoviricetes
4752_CF_run525_CCS_trimmed_deduplicated_s3980.ctg003981l||full	Caudoviricetes
4752_CF_run525_CCS_trimmed_deduplicated_s3993.ctg003994l||full	Caudoviricetes
4752_CF_run525_CCS_trimmed_deduplicated_s4019.ctg004020l||full	Caudoviricetes
4752_CF_run525_CCS_trimmed_deduplicated_s4051.ctg004052c||full	Caudoviricetes
4752_CF_run525_CCS_trimmed_deduplicated_s4169.ctg004170l||full	Caudoviricetes
4752_CF_run525_CCS_trimmed_deduplicated_s4296.ctg004297l||full	Caudoviricetes
4752_CF_run525_CCS_trimmed_deduplicated_s4298.ctg004299l||full	Caudoviricetes
4752_CF_run525_CCS_trimmed_deduplicated_s4310.ctg004311l||full	Caudoviricetes
4752_CF_run525_CCS_trimmed_deduplicated_s4447.ctg004448l||full	Caudoviricetes
4752_CF_run525_CCS_trimmed_deduplicated_s4462.ctg004463l||full	Caudoviricetes
4752_CF_run525_CCS_trimmed_deduplicated_s4573.ctg004574l||full	Caudoviricetes
4752_CF_run525_CCS_trimmed_deduplicated_s4626.ctg004627l||full	Caudoviricetes
4752_CF_run525_CCS_trimmed_deduplicated_s4704.ctg004705l||full	Caudoviricetes
4752_CF_run525_CCS_trimmed_deduplicated_s4709.ctg004710l||full	Caudoviricetes
4752_CF_run525_CCS_trimmed_deduplicated_s4754.ctg004755l||full	Caudoviricetes
4752_CF_run525_CCS_trimmed_deduplicated_s4839.ctg004840l||full	Caudoviricetes
4752_CF_run525_CCS_trimmed_deduplicated_s4911.ctg004912c||full	Caudoviricetes
4752_CF_run525_CCS_trimmed_deduplicated_s4979.ctg004980l||full	Caudoviricetes
4752_CF_run525_CCS_trimmed_deduplicated_s4991.ctg004992l||full	Caudoviricetes
4752_CF_run525_CCS_trimmed_deduplicated_s5198.ctg005199l||full	Caudoviricetes
4752_CF_run525_CCS_trimmed_deduplicated_s5219.ctg005220l||full	Caudoviricetes
4752_CF_run525_CCS_trimmed_deduplicated_s5224.ctg005225l||full	Caudoviricetes
4752_CF_run525_CCS_trimmed_deduplicated_s5273.ctg005274l||full	Caudoviricetes
4752_CF_run525_CCS_trimmed_deduplicated_s5342.ctg005343l||full	Caudoviricetes
4752_CF_run525_CCS_trimmed_deduplicated_s5388.ctg005389l||full	Caudoviricetes
4752_CF_run525_CCS_trimmed_deduplicated_s5401.ctg005402l||full	Caudoviricetes
4752_CF_run525_CCS_trimmed_deduplicated_s5545.ctg005546l||full	Caudoviricetes
4752_CF_run525_CCS_trimmed_deduplicated_s5558.ctg005559l||full	Caudoviricetes
4752_CF_run525_CCS_trimmed_deduplicated_s5624.ctg005625l||full	Caudoviricetes
4752_CF_run525_CCS_trimmed_deduplicated_s5644.ctg005645l||full	Caudoviricetes
4752_CF_run525_CCS_trimmed_deduplicated_s5890.ctg005892l||full	Caudoviricetes
4752_CF_run525_CCS_trimmed_deduplicated_s6026.ctg006028l||full	Caudoviricetes
4752_CF_run525_CCS_trimmed_deduplicated_s6059.ctg006061l||full	Caudoviricetes
4752_CF_run525_CCS_trimmed_deduplicated_s6154.ctg006156l||full	Caudoviricetes
4752_CF_run525_CCS_trimmed_deduplicated_s6161.ctg006163l||full	Caudoviricetes
4752_CF_run525_CCS_trimmed_deduplicated_s6166.ctg006168l||full	Caudoviricetes
4752_CF_run525_CCS_trimmed_deduplicated_s6183.ctg006185l||full	Caudoviricetes
4752_CF_run525_CCS_trimmed_deduplicated_s6219.ctg006221l||full	Caudoviricetes
4752_CF_run525_CCS_trimmed_deduplicated_s6330.ctg006332c||full	Caudoviricetes
4752_CF_run525_CCS_trimmed_deduplicated_s6344.ctg006346l||full	Caudoviricetes
4752_CF_run525_CCS_trimmed_deduplicated_s6366.ctg006368l||full	Caudoviricetes
4752_CF_run525_CCS_trimmed_deduplicated_s6383.ctg006385l||full	Caudoviricetes
4752_CF_run525_CCS_trimmed_deduplicated_s6517.ctg006519l||full	Caudoviricetes
4752_CF_run525_CCS_trimmed_deduplicated_s6531.ctg006533l||full	Caudoviricetes
4752_CF_run525_CCS_trimmed_deduplicated_s6553.ctg006555l||full	Caudoviricetes
4752_CF_run525_CCS_trimmed_deduplicated_s6600.ctg006602l||full	Caudoviricetes
4752_CF_run525_CCS_trimmed_deduplicated_s6611.ctg006613l||full	Caudoviricetes
4752_CF_run525_CCS_trimmed_deduplicated_s6668.ctg006670l||full	Caudoviricetes
4752_CF_run525_CCS_trimmed_deduplicated_s6686.ctg006688l||full	Caudoviricetes
4752_CF_run525_CCS_trimmed_deduplicated_s6742.ctg006744l||full	Caudoviricetes
4752_CF_run525_CCS_trimmed_deduplicated_s6775.ctg006777l||full	Caudoviricetes
4752_CF_run525_CCS_trimmed_deduplicated_s6898.ctg006900l||full	Caudoviricetes
4752_CF_run525_CCS_trimmed_deduplicated_s7110.ctg007112l||full	Caudoviricetes
4752_CF_run525_CCS_trimmed_deduplicated_s7119.ctg007121l||full	Caudoviricetes
4752_CF_run525_CCS_trimmed_deduplicated_s7247.ctg007249l||full	Caudoviricetes
4752_CF_run525_CCS_trimmed_deduplicated_s7377.ctg007379l||full	Caudoviricetes
4752_CF_run525_CCS_trimmed_deduplicated_s7692.ctg007694l||full	Caudoviricetes
4752_CF_run525_CCS_trimmed_deduplicated_s7777.ctg007779l||full	Caudoviricetes
4752_CF_run525_CCS_trimmed_deduplicated_s7832.ctg007834l||full	Caudoviricetes
4752_CF_run525_CCS_trimmed_deduplicated_s7835.ctg007837l||full	Caudoviricetes
4752_CF_run525_CCS_trimmed_deduplicated_s7851.ctg007853l||full	Caudoviricetes
4752_CF_run525_CCS_trimmed_deduplicated_s7931.ctg007933l||full	Caudoviricetes
4752_CF_run525_CCS_trimmed_deduplicated_s8033.ctg008035c||full	Caudoviricetes
4752_CF_run525_CCS_trimmed_deduplicated_s8053.ctg008055l||full	Caudoviricetes
4752_CF_run525_CCS_trimmed_deduplicated_s8154.ctg008156l||full	Caudoviricetes
4752_CF_run525_CCS_trimmed_deduplicated_s8272.ctg008274l||full	Caudoviricetes
4752_CF_run525_CCS_trimmed_deduplicated_s8310.ctg008312l||full	Caudoviricetes
4752_CF_run525_CCS_trimmed_deduplicated_s8329.ctg008331l||full	Caudoviricetes
4752_CF_run525_CCS_trimmed_deduplicated_s8418.ctg008420l||full	Caudoviricetes
4752_CF_run525_CCS_trimmed_deduplicated_s8452.ctg008454l||full	Caudoviricetes
4752_CF_run525_CCS_trimmed_deduplicated_s8455.ctg008457l||full	Caudoviricetes
4752_CF_run525_CCS_trimmed_deduplicated_s8506.ctg008508l||full	Caudoviricetes
4752_CF_run525_CCS_trimmed_deduplicated_s8541.ctg008543l||full	Caudoviricetes
4752_CF_run525_CCS_trimmed_deduplicated_s8570.ctg008572l||full	Caudoviricetes
4752_CF_run525_CCS_trimmed_deduplicated_s8573.ctg008575l||full	Caudoviricetes
4752_CF_run525_CCS_trimmed_deduplicated_s8721.ctg008723c||full	Caudoviricetes
4752_CF_run525_CCS_trimmed_deduplicated_s8722.ctg008724l||full	Caudoviricetes
4752_CF_run525_CCS_trimmed_deduplicated_s8950.ctg008952l||full	Caudoviricetes
4752_CF_run525_CCS_trimmed_deduplicated_s8967.ctg008969l||full	Caudoviricetes
4752_CF_run525_CCS_trimmed_deduplicated_s8969.ctg008971l||full	Caudoviricetes
4752_CF_run525_CCS_trimmed_deduplicated_s9216.ctg009218l||full	Caudoviricetes
4752_CF_run525_CCS_trimmed_deduplicated_s9465.ctg009467l||full	Caudoviricetes
4752_CF_run525_CCS_trimmed_deduplicated_s9480.ctg009482l||full	Caudoviricetes
4752_CF_run525_CCS_trimmed_deduplicated_s9556.ctg009558l||full	Caudoviricetes
4752_CF_run525_CCS_trimmed_deduplicated_s9564.ctg009566l||full	Caudoviricetes
4752_CF_run525_CCS_trimmed_deduplicated_s9687.ctg009689l||full	Caudoviricetes
4752_CF_run525_CCS_trimmed_deduplicated_s9701.ctg009703l||full	Caudoviricetes
4752_CF_run525_CCS_trimmed_deduplicated_s9774.ctg009776l||full	Caudoviricetes
4752_CF_run525_CCS_trimmed_deduplicated_s9863.ctg009865l||full	Caudoviricetes
4752_CF_run525_CCS_trimmed_deduplicated_s9864.ctg009866l||full	Caudoviricetes
4752_CF_run525_CCS_trimmed_deduplicated_s9963.ctg009965l||full	Caudoviricetes
4752_CF_run525_CCS_trimmed_deduplicated_s10129.ctg010131l||full	Caudoviricetes
4752_CF_run525_CCS_trimmed_deduplicated_s10146.ctg010148l||full	Caudoviricetes
4752_CF_run525_CCS_trimmed_deduplicated_s10400.ctg010402l||full	Caudoviricetes
4752_CF_run525_CCS_trimmed_deduplicated_s10451.ctg010453l||full	Caudoviricetes
4752_CF_run525_CCS_trimmed_deduplicated_s10802.ctg010804l||full	Caudoviricetes
4752_CF_run525_CCS_trimmed_deduplicated_s10906.ctg010908l||full	Caudoviricetes
4752_CF_run525_CCS_trimmed_deduplicated_s10907.ctg010909l||full	Caudoviricetes
4752_CF_run525_CCS_trimmed_deduplicated_s11031.ctg011033l||full	Caudoviricetes
4752_CF_run525_CCS_trimmed_deduplicated_s11174.ctg011176l||full	Caudoviricetes
4752_CF_run525_CCS_trimmed_deduplicated_s11195.ctg011197l||full	Caudoviricetes
4752_CF_run525_CCS_trimmed_deduplicated_s11213.ctg011215l||full	Caudoviricetes
4752_CF_run525_CCS_trimmed_deduplicated_s11214.ctg011216l||full	Caudoviricetes
4752_CF_run525_CCS_trimmed_deduplicated_s11373.ctg011375l||full	Caudoviricetes
4752_CF_run525_CCS_trimmed_deduplicated_s11566.ctg011568l||full	Caudoviricetes
4752_CF_run525_CCS_trimmed_deduplicated_s11616.ctg011618l||full	Caudoviricetes
4752_CF_run525_CCS_trimmed_deduplicated_s11739.ctg011741l||full	Caudoviricetes
4752_CF_run525_CCS_trimmed_deduplicated_s11740.ctg011742l||full	Caudoviricetes
4752_CF_run525_CCS_trimmed_deduplicated_s11821.ctg011823l||full	Caudoviricetes
4752_CF_run525_CCS_trimmed_deduplicated_s11865.ctg011867l||full	Caudoviricetes
4752_CF_run525_CCS_trimmed_deduplicated_s11916.ctg011918l||full	Caudoviricetes
4752_CF_run525_CCS_trimmed_deduplicated_s11933.ctg011935l||full	Caudoviricetes
4752_CF_run525_CCS_trimmed_deduplicated_s11956.ctg011958l||full	Caudoviricetes
4752_CF_run525_CCS_trimmed_deduplicated_s12258.ctg012260l||full	Caudoviricetes
4752_CF_run525_CCS_trimmed_deduplicated_s12273.ctg012275l||full	Caudoviricetes
4752_CF_run525_CCS_trimmed_deduplicated_s12324.ctg012326l||full	Caudoviricetes
4752_CF_run525_CCS_trimmed_deduplicated_s12372.ctg012374l||full	Caudoviricetes
4752_CF_run525_CCS_trimmed_deduplicated_s12417.ctg012419l||full	Caudoviricetes
4752_CP_run525_CCS_trimmed_deduplicated_s1358.ctg001359l||full_1	Caudoviricetes
4752_CP_run525_CCS_trimmed_deduplicated_s47.ctg000048l||full	Caudoviricetes
4752_CP_run525_CCS_trimmed_deduplicated_s61.ctg000062l||full	Caudoviricetes
4752_CP_run525_CCS_trimmed_deduplicated_s115.ctg000116l||full	Caudoviricetes
4752_CP_run525_CCS_trimmed_deduplicated_s125.ctg000126l||full	Caudoviricetes
4752_CP_run525_CCS_trimmed_deduplicated_s264.ctg000265l||full	Caudoviricetes
4752_CP_run525_CCS_trimmed_deduplicated_s271.ctg000272l||full	Caudoviricetes
4752_CP_run525_CCS_trimmed_deduplicated_s394.ctg000395l||full	Caudoviricetes
4752_CP_run525_CCS_trimmed_deduplicated_s405.ctg000406l||full	Caudoviricetes
4752_CP_run525_CCS_trimmed_deduplicated_s666.ctg000667l||full	Caudoviricetes
4752_CP_run525_CCS_trimmed_deduplicated_s740.ctg000741l||full	Caudoviricetes
4752_CP_run525_CCS_trimmed_deduplicated_s741.ctg000742l||full	Caudoviricetes
4752_CP_run525_CCS_trimmed_deduplicated_s760.ctg000761l||full	Caudoviricetes
4752_CP_run525_CCS_trimmed_deduplicated_s828.ctg000829l||full	Caudoviricetes
4752_CP_run525_CCS_trimmed_deduplicated_s845.ctg000846l||full	Caudoviricetes
4752_CP_run525_CCS_trimmed_deduplicated_s902.ctg000903l||full	Caudoviricetes
4752_CP_run525_CCS_trimmed_deduplicated_s943.ctg000944l||full	Caudoviricetes
4752_CP_run525_CCS_trimmed_deduplicated_s951.ctg000952l||full	Caudoviricetes
4752_CP_run525_CCS_trimmed_deduplicated_s993.ctg000994l||full	Caudoviricetes
4752_CP_run525_CCS_trimmed_deduplicated_s1021.ctg001022l||full	Caudoviricetes
4752_CP_run525_CCS_trimmed_deduplicated_s1134.ctg001135c||full	Caudoviricetes
4752_CP_run525_CCS_trimmed_deduplicated_s1154.ctg001155l||full	Caudoviricetes
4752_CP_run525_CCS_trimmed_deduplicated_s1164.ctg001165l||full	Caudoviricetes
4752_CP_run525_CCS_trimmed_deduplicated_s1182.ctg001183l||full	Caudoviricetes
4752_CP_run525_CCS_trimmed_deduplicated_s1206.ctg001207l||full	Caudoviricetes
4752_CP_run525_CCS_trimmed_deduplicated_s1244.ctg001245l||full	Caudoviricetes
4752_CP_run525_CCS_trimmed_deduplicated_s1245.ctg001246l||full	Caudoviricetes
4752_CP_run525_CCS_trimmed_deduplicated_s1286.ctg001287l||full	Caudoviricetes
4752_CP_run525_CCS_trimmed_deduplicated_s1344.ctg001345l||full	Caudoviricetes
4752_CP_run525_CCS_trimmed_deduplicated_s1451.ctg001452l||full	Caudoviricetes
5068_G_run562_hifi_trimmed_deduplicated_s947.ctg000950l||full_1	Caudoviricetes
5068_G_run562_hifi_trimmed_deduplicated_s1231.ctg001234l||full_1	Caudoviricetes
5068_G_run562_hifi_trimmed_deduplicated_s2416.ctg002419l||full_1	Caudoviricetes
5068_G_run562_hifi_trimmed_deduplicated_s3261.ctg003264l||full_1	Caudoviricetes
5068_G_run562_hifi_trimmed_deduplicated_s3553.ctg003556l||full_1	Caudoviricetes
5068_G_run562_hifi_trimmed_deduplicated_s40.ctg000041l||full	Caudoviricetes
5068_G_run562_hifi_trimmed_deduplicated_s86.ctg000087l||full	Caudoviricetes
5068_G_run562_hifi_trimmed_deduplicated_s128.ctg000129l||full	Caudoviricetes
5068_G_run562_hifi_trimmed_deduplicated_s260.ctg000261l||full	Caudoviricetes
5068_G_run562_hifi_trimmed_deduplicated_s270.ctg000271l||full	Caudoviricetes
5068_G_run562_hifi_trimmed_deduplicated_s396.ctg000399c||full	Caudoviricetes
5068_G_run562_hifi_trimmed_deduplicated_s424.ctg000427l||full	Caudoviricetes
5068_G_run562_hifi_trimmed_deduplicated_s446.ctg000449l||full	Caudoviricetes
5068_G_run562_hifi_trimmed_deduplicated_s522.ctg000525l||full	Caudoviricetes
5068_G_run562_hifi_trimmed_deduplicated_s592.ctg000595l||full	Caudoviricetes
5068_G_run562_hifi_trimmed_deduplicated_s784.ctg000787l||full	Caudoviricetes
5068_G_run562_hifi_trimmed_deduplicated_s786.ctg000789l||full	Caudoviricetes
5068_G_run562_hifi_trimmed_deduplicated_s921.ctg000924l||full	Caudoviricetes
5068_G_run562_hifi_trimmed_deduplicated_s999.ctg001002l||full	Caudoviricetes
5068_G_run562_hifi_trimmed_deduplicated_s1103.ctg001106l||full	Caudoviricetes
5068_G_run562_hifi_trimmed_deduplicated_s1145.ctg001148l||full	Caudoviricetes
5068_G_run562_hifi_trimmed_deduplicated_s1158.ctg001161l||full	Caudoviricetes
5068_G_run562_hifi_trimmed_deduplicated_s1173.ctg001176l||full	Caudoviricetes
5068_G_run562_hifi_trimmed_deduplicated_s1206.ctg001209l||full	Caudoviricetes
5068_G_run562_hifi_trimmed_deduplicated_s1229.ctg001232l||full	Caudoviricetes
5068_G_run562_hifi_trimmed_deduplicated_s1241.ctg001244c||full	Caudoviricetes
5068_G_run562_hifi_trimmed_deduplicated_s1266.ctg001269l||full	Caudoviricetes
5068_G_run562_hifi_trimmed_deduplicated_s1280.ctg001283l||full	Caudoviricetes
5068_G_run562_hifi_trimmed_deduplicated_s1364.ctg001367l||full	Caudoviricetes
5068_G_run562_hifi_trimmed_deduplicated_s1378.ctg001381l||full	Caudoviricetes
5068_G_run562_hifi_trimmed_deduplicated_s1402.ctg001405l||full	Caudoviricetes
5068_G_run562_hifi_trimmed_deduplicated_s1557.ctg001560l||full	Caudoviricetes
5068_G_run562_hifi_trimmed_deduplicated_s1639.ctg001642l||full	Caudoviricetes
5068_G_run562_hifi_trimmed_deduplicated_s1677.ctg001680l||full	Caudoviricetes
5068_G_run562_hifi_trimmed_deduplicated_s1762.ctg001765l||full	Caudoviricetes
5068_G_run562_hifi_trimmed_deduplicated_s1827.ctg001830l||full	Caudoviricetes
5068_G_run562_hifi_trimmed_deduplicated_s1854.ctg001857l||full	Caudoviricetes
5068_G_run562_hifi_trimmed_deduplicated_s1901.ctg001904l||full	Caudoviricetes
5068_G_run562_hifi_trimmed_deduplicated_s1911.ctg001914l||full	Caudoviricetes
5068_G_run562_hifi_trimmed_deduplicated_s1932.ctg001935l||full	Caudoviricetes
5068_G_run562_hifi_trimmed_deduplicated_s1956.ctg001959l||full	Caudoviricetes
5068_G_run562_hifi_trimmed_deduplicated_s1962.ctg001965l||full	Caudoviricetes
5068_G_run562_hifi_trimmed_deduplicated_s2161.ctg002164l||full	Caudoviricetes
5068_G_run562_hifi_trimmed_deduplicated_s2192.ctg002195l||full	Caudoviricetes
5068_G_run562_hifi_trimmed_deduplicated_s2264.ctg002267l||full	Caudoviricetes
5068_G_run562_hifi_trimmed_deduplicated_s2280.ctg002283l||full	Caudoviricetes
5068_G_run562_hifi_trimmed_deduplicated_s2285.ctg002288c||full	Caudoviricetes
5068_G_run562_hifi_trimmed_deduplicated_s2384.ctg002387l||full	Caudoviricetes
5068_G_run562_hifi_trimmed_deduplicated_s2434.ctg002437l||full	Caudoviricetes
5068_G_run562_hifi_trimmed_deduplicated_s2478.ctg002481l||full	Caudoviricetes
5068_G_run562_hifi_trimmed_deduplicated_s2515.ctg002518l||full	Caudoviricetes
5068_G_run562_hifi_trimmed_deduplicated_s2538.ctg002541l||full	Caudoviricetes
5068_G_run562_hifi_trimmed_deduplicated_s2623.ctg002626l||full	Caudoviricetes
5068_G_run562_hifi_trimmed_deduplicated_s2688.ctg002691l||full	Caudoviricetes
5068_G_run562_hifi_trimmed_deduplicated_s2747.ctg002750l||full	Caudoviricetes
5068_G_run562_hifi_trimmed_deduplicated_s2763.ctg002766c||full	Caudoviricetes
5068_G_run562_hifi_trimmed_deduplicated_s2874.ctg002877l||full	Caudoviricetes
5068_G_run562_hifi_trimmed_deduplicated_s2880.ctg002883c||full	Caudoviricetes
5068_G_run562_hifi_trimmed_deduplicated_s2895.ctg002898l||full	Caudoviricetes
5068_G_run562_hifi_trimmed_deduplicated_s2907.ctg002910l||full	Caudoviricetes
5068_G_run562_hifi_trimmed_deduplicated_s2947.ctg002950l||full	Caudoviricetes
5068_G_run562_hifi_trimmed_deduplicated_s2949.ctg002952l||full	Caudoviricetes
5068_G_run562_hifi_trimmed_deduplicated_s2969.ctg002972l||full	Caudoviricetes
5068_G_run562_hifi_trimmed_deduplicated_s2990.ctg002993l||full	Caudoviricetes
5068_G_run562_hifi_trimmed_deduplicated_s2993.ctg002996c||full	Caudoviricetes
5068_G_run562_hifi_trimmed_deduplicated_s3055.ctg003058l||full	Caudoviricetes
5068_G_run562_hifi_trimmed_deduplicated_s3059.ctg003062l||full	Caudoviricetes
5068_G_run562_hifi_trimmed_deduplicated_s3066.ctg003069l||full	Caudoviricetes
5068_G_run562_hifi_trimmed_deduplicated_s3115.ctg003118l||full	Caudoviricetes
5068_G_run562_hifi_trimmed_deduplicated_s3126.ctg003129l||full	Caudoviricetes
5068_G_run562_hifi_trimmed_deduplicated_s3129.ctg003132l||full	Caudoviricetes
5068_G_run562_hifi_trimmed_deduplicated_s3180.ctg003183l||full	Caudoviricetes
5068_G_run562_hifi_trimmed_deduplicated_s3225.ctg003228l||full	Caudoviricetes
5068_G_run562_hifi_trimmed_deduplicated_s3235.ctg003238l||full	Caudoviricetes
5068_G_run562_hifi_trimmed_deduplicated_s3276.ctg003279l||full	Caudoviricetes
5068_G_run562_hifi_trimmed_deduplicated_s3309.ctg003312c||full	Caudoviricetes
5068_G_run562_hifi_trimmed_deduplicated_s3345.ctg003348l||full	Caudoviricetes
5068_G_run562_hifi_trimmed_deduplicated_s3388.ctg003391l||full	Caudoviricetes
5068_G_run562_hifi_trimmed_deduplicated_s3392.ctg003395l||full	Caudoviricetes
5068_G_run562_hifi_trimmed_deduplicated_s3492.ctg003495l||full	Caudoviricetes
5068_G_run562_hifi_trimmed_deduplicated_s3518.ctg003521l||full	Caudoviricetes
5068_G_run562_hifi_trimmed_deduplicated_s3606.ctg003609l||full	Caudoviricetes
5068_G_run562_hifi_trimmed_deduplicated_s3641.ctg003644l||full	Caudoviricetes
5068_G_run562_hifi_trimmed_deduplicated_s3655.ctg003658c||full	Caudoviricetes
5068_G_run562_hifi_trimmed_deduplicated_s3663.ctg003666l||full	Caudoviricetes
5068_G_run562_hifi_trimmed_deduplicated_s3715.ctg003718l||full	Caudoviricetes
5068_G_run562_hifi_trimmed_deduplicated_s3795.ctg003798l||full	Caudoviricetes
5068_G_run562_hifi_trimmed_deduplicated_s3844.ctg003847l||full	Caudoviricetes
5068_G_run562_hifi_trimmed_deduplicated_s3859.ctg003862l||full	Caudoviricetes
5068_G_run562_hifi_trimmed_deduplicated_s3935.ctg003938l||full	Caudoviricetes
5068_G_run562_hifi_trimmed_deduplicated_s4175.ctg004178l||full	Caudoviricetes
5068_G_run562_hifi_trimmed_deduplicated_s4188.ctg004191c||full	Caudoviricetes
5068_G_run562_hifi_trimmed_deduplicated_s4210.ctg004213l||full	Caudoviricetes
5068_G_run562_hifi_trimmed_deduplicated_s4215.ctg004218l||full	Caudoviricetes
5068_G_run562_hifi_trimmed_deduplicated_s4216.ctg004219l||full	Caudoviricetes
5068_G_run562_hifi_trimmed_deduplicated_s4218.ctg004221l||full	Caudoviricetes
5068_G_run562_hifi_trimmed_deduplicated_s4233.ctg004236l||full	Caudoviricetes
5068_G_run562_hifi_trimmed_deduplicated_s4253.ctg004256l||full	Caudoviricetes
5068_G_run562_hifi_trimmed_deduplicated_s4299.ctg004302l||full	Caudoviricetes
5068_G_run562_hifi_trimmed_deduplicated_s4398.ctg004401l||full	Caudoviricetes
5068_G_run562_hifi_trimmed_deduplicated_s4507.ctg004510l||full	Caudoviricetes
5068_G_run562_hifi_trimmed_deduplicated_s4554.ctg004557l||full	Caudoviricetes
5068_G_run562_hifi_trimmed_deduplicated_s4562.ctg004565l||full	Caudoviricetes
5068_G_run562_hifi_trimmed_deduplicated_s4564.ctg004567l||full	Caudoviricetes
5068_G_run562_hifi_trimmed_deduplicated_s4772.ctg004775l||full	Caudoviricetes
5068_G_run562_hifi_trimmed_deduplicated_s4795.ctg004798l||full	Caudoviricetes
5068_G_run562_hifi_trimmed_deduplicated_s4881.ctg004884l||full	Megaviricetes
5068_G_run562_hifi_trimmed_deduplicated_s4893.ctg004896l||full	Caudoviricetes
5068_G_run562_hifi_trimmed_deduplicated_s4912.ctg004915l||full	Caudoviricetes
5068_G_run562_hifi_trimmed_deduplicated_s5015.ctg005018l||full	Caudoviricetes
5068_G_run562_hifi_trimmed_deduplicated_s5020.ctg005023l||full	Caudoviricetes
5068_G_run562_hifi_trimmed_deduplicated_s5094.ctg005097l||full	Caudoviricetes
5068_G_run562_hifi_trimmed_deduplicated_s5102.ctg005105l||full	Caudoviricetes
5068_G_run562_hifi_trimmed_deduplicated_s5105.ctg005108l||full	Caudoviricetes
5068_G_run562_hifi_trimmed_deduplicated_s5121.ctg005124l||full	Caudoviricetes
5068_G_run562_hifi_trimmed_deduplicated_s5185.ctg005188l||full	Caudoviricetes
5068_G_run562_hifi_trimmed_deduplicated_s5222.ctg005225l||full	Caudoviricetes
5068_G_run562_hifi_trimmed_deduplicated_s5245.ctg005248l||full	Caudoviricetes
5068_G_run562_hifi_trimmed_deduplicated_s5284.ctg005287l||full	Caudoviricetes
5068_G_run562_hifi_trimmed_deduplicated_s5302.ctg005305l||full	Caudoviricetes
5068_G_run562_hifi_trimmed_deduplicated_s5303.ctg005306l||full	Caudoviricetes
5068_G_run562_hifi_trimmed_deduplicated_s5363.ctg005366l||full	Caudoviricetes
5068_H_run562_hifi_trimmed_deduplicated_s8.ctg000009l||full	Caudoviricetes
5068_H_run562_hifi_trimmed_deduplicated_s21.ctg000022l||full	Caudoviricetes
5068_H_run562_hifi_trimmed_deduplicated_s321.ctg000322l||full	Caudoviricetes
5068_H_run562_hifi_trimmed_deduplicated_s587.ctg000588c||full	Caudoviricetes
5068_H_run562_hifi_trimmed_deduplicated_s596.ctg000597l||full	Caudoviricetes
5068_H_run562_hifi_trimmed_deduplicated_s839.ctg000840c||full	Caudoviricetes
5068_H_run562_hifi_trimmed_deduplicated_s909.ctg000910l||full	Caudoviricetes
5068_H_run562_hifi_trimmed_deduplicated_s932.ctg000933l||full	Caudoviricetes
5068_H_run562_hifi_trimmed_deduplicated_s981.ctg000982l||full	Caudoviricetes
5068_H_run562_hifi_trimmed_deduplicated_s1168.ctg001169l||full	Caudoviricetes
5068_H_run562_hifi_trimmed_deduplicated_s1236.ctg001237l||full	Caudoviricetes
5068_H_run562_hifi_trimmed_deduplicated_s1260.ctg001261l||full	Caudoviricetes
5068_H_run562_hifi_trimmed_deduplicated_s1521.ctg001522l||full	Caudoviricetes
5068_H_run562_hifi_trimmed_deduplicated_s1723.ctg001724l||full	Caudoviricetes
5068_H_run562_hifi_trimmed_deduplicated_s1881.ctg001882l||full	Caudoviricetes
5068_H_run562_hifi_trimmed_deduplicated_s1940.ctg001941l||full	Caudoviricetes
5068_H_run562_hifi_trimmed_deduplicated_s1999.ctg002000l||full	Caudoviricetes
5068_H_run562_hifi_trimmed_deduplicated_s2028.ctg002029l||full	Caudoviricetes
5068_H_run562_hifi_trimmed_deduplicated_s2080.ctg002081l||full	Caudoviricetes
5068_H_run562_hifi_trimmed_deduplicated_s2095.ctg002096l||full	Caudoviricetes
5068_H_run562_hifi_trimmed_deduplicated_s2148.ctg002149l||full	Caudoviricetes
5068_H_run562_hifi_trimmed_deduplicated_s2553.ctg002554l||full	Caudoviricetes
5068_H_run562_hifi_trimmed_deduplicated_s2631.ctg002632l||full	Caudoviricetes
5068_H_run562_hifi_trimmed_deduplicated_s2708.ctg002709l||full	Caudoviricetes
5068_H_run562_hifi_trimmed_deduplicated_s2718.ctg002719l||full	Caudoviricetes
5068_H_run562_hifi_trimmed_deduplicated_s2750.ctg002751l||full	Caudoviricetes
5068_J_run562_hifi_trimmed_deduplicated_s394.ctg000407l||full	Caudoviricetes
5068_J_run562_hifi_trimmed_deduplicated_s2486.ctg002562l||full	Caudoviricetes
5068_J_run562_hifi_trimmed_deduplicated_s199.ctg000204c||full	Caudoviricetes
5068_J_run562_hifi_trimmed_deduplicated_s1680.ctg001735l||full	Caudoviricetes
5068_J_run562_hifi_trimmed_deduplicated_s1826.ctg001886l||full	Caudoviricetes
5068_J_run562_hifi_trimmed_deduplicated_s2324.ctg002395l||full	Caudoviricetes
5068_J_run562_hifi_trimmed_deduplicated_s2921.ctg003013l||full	Caudoviricetes
5068_J_run562_hifi_trimmed_deduplicated_s3462.ctg003577l||full	Caudoviricetes
5068_J_run562_hifi_trimmed_deduplicated_s3556.ctg003675l||full	Caudoviricetes
5068_J_run562_hifi_trimmed_deduplicated_s3586.ctg003707l||full	Caudoviricetes
5068_J_run562_hifi_trimmed_deduplicated_s3756.ctg003888l||full	Caudoviricetes
5068_K_run562_hifi_trimmed_deduplicated_s692.ctg000722l||full	Caudoviricetes
5068_K_run562_hifi_trimmed_deduplicated_s1261.ctg001309l||full	Caudoviricetes
5068_K_run562_hifi_trimmed_deduplicated_s2595.ctg002683l||full	Caudoviricetes
5068_K_run562_hifi_trimmed_deduplicated_s2627.ctg002715l||full	Caudoviricetes
5068_K_run562_hifi_trimmed_deduplicated_s3457.ctg003566l||full	Caudoviricetes
5068_L_run562_hifi_trimmed_deduplicated_s965.ctg001002l||full_1	Caudoviricetes
5068_L_run562_hifi_trimmed_deduplicated_s3427.ctg003557l||full_1	Caudoviricetes
5068_L_run562_hifi_trimmed_deduplicated_s3532.ctg003671l||full_1	Caudoviricetes
5068_L_run562_hifi_trimmed_deduplicated_s3860.ctg004019l||full_1	Maveriviricetes
5068_L_run562_hifi_trimmed_deduplicated_s1046.ctg001083l||full	Caudoviricetes
5068_L_run562_hifi_trimmed_deduplicated_s73.ctg000077c||full	Caudoviricetes
5068_L_run562_hifi_trimmed_deduplicated_s152.ctg000162l||full	Caudoviricetes
5068_L_run562_hifi_trimmed_deduplicated_s190.ctg000200l||full	Caudoviricetes
5068_L_run562_hifi_trimmed_deduplicated_s288.ctg000301c||full	Caudoviricetes
5068_L_run562_hifi_trimmed_deduplicated_s301.ctg000314l||full	Other
5068_L_run562_hifi_trimmed_deduplicated_s329.ctg000345l||full	Caudoviricetes
5068_L_run562_hifi_trimmed_deduplicated_s389.ctg000407l||full	Caudoviricetes
5068_L_run562_hifi_trimmed_deduplicated_s395.ctg000413c||full	Caudoviricetes
5068_L_run562_hifi_trimmed_deduplicated_s444.ctg000465l||full	Caudoviricetes
5068_L_run562_hifi_trimmed_deduplicated_s470.ctg000493l||full	Caudoviricetes
5068_L_run562_hifi_trimmed_deduplicated_s654.ctg000683l||full	Caudoviricetes
5068_L_run562_hifi_trimmed_deduplicated_s664.ctg000797l||full	Caudoviricetes
5068_L_run562_hifi_trimmed_deduplicated_s790.ctg000822l||full	Caudoviricetes
5068_L_run562_hifi_trimmed_deduplicated_s793.ctg000825l||full	Caudoviricetes
5068_L_run562_hifi_trimmed_deduplicated_s861.ctg000895l||full	Caudoviricetes
5068_L_run562_hifi_trimmed_deduplicated_s952.ctg000989l||full	Caudoviricetes
5068_L_run562_hifi_trimmed_deduplicated_s1000.ctg001037l||full	Caudoviricetes
5068_L_run562_hifi_trimmed_deduplicated_s1001.ctg001038l||full	Caudoviricetes
5068_L_run562_hifi_trimmed_deduplicated_s1026.ctg001063l||full	Caudoviricetes
5068_L_run562_hifi_trimmed_deduplicated_s1034.ctg001071c||full	Caudoviricetes
5068_L_run562_hifi_trimmed_deduplicated_s1042.ctg001079l||full	Caudoviricetes
5068_L_run562_hifi_trimmed_deduplicated_s243.ctg001094l||full	Caudoviricetes
5068_L_run562_hifi_trimmed_deduplicated_s1087.ctg001128l||full	Caudoviricetes
5068_L_run562_hifi_trimmed_deduplicated_s1092.ctg001133l||full	Caudoviricetes
5068_L_run562_hifi_trimmed_deduplicated_s1114.ctg001155l||full	Caudoviricetes
5068_L_run562_hifi_trimmed_deduplicated_s243.ctg001380l||full	Caudoviricetes
5068_L_run562_hifi_trimmed_deduplicated_s1335.ctg001383l||full	Caudoviricetes
5068_L_run562_hifi_trimmed_deduplicated_s1341.ctg001389l||full	Caudoviricetes
5068_L_run562_hifi_trimmed_deduplicated_s243.ctg001415l||full	Caudoviricetes
5068_L_run562_hifi_trimmed_deduplicated_s1386.ctg001435l||full	Caudoviricetes
5068_L_run562_hifi_trimmed_deduplicated_s1465.ctg001516l||full	Caudoviricetes
5068_L_run562_hifi_trimmed_deduplicated_s1488.ctg001540l||full	Caudoviricetes
5068_L_run562_hifi_trimmed_deduplicated_s1489.ctg001541l||full	Caudoviricetes
5068_L_run562_hifi_trimmed_deduplicated_s1940.ctg002005l||full	Caudoviricetes
5068_L_run562_hifi_trimmed_deduplicated_s1988.ctg002055l||full	Caudoviricetes
5068_L_run562_hifi_trimmed_deduplicated_s2112.ctg002188l||full	Caudoviricetes
5068_L_run562_hifi_trimmed_deduplicated_s2115.ctg002191l||full	Caudoviricetes
5068_L_run562_hifi_trimmed_deduplicated_s2283.ctg002363l||full	Caudoviricetes
5068_L_run562_hifi_trimmed_deduplicated_s2337.ctg002418l||full	Caudoviricetes
5068_L_run562_hifi_trimmed_deduplicated_s2366.ctg002449l||full	Caudoviricetes
5068_L_run562_hifi_trimmed_deduplicated_s2376.ctg002459c||full	Caudoviricetes
5068_L_run562_hifi_trimmed_deduplicated_s2523.ctg002613l||full	Caudoviricetes
5068_L_run562_hifi_trimmed_deduplicated_s2527.ctg002617c||full	Caudoviricetes
5068_L_run562_hifi_trimmed_deduplicated_s2584.ctg002676l||full	Caudoviricetes
5068_L_run562_hifi_trimmed_deduplicated_s2606.ctg002701l||full	Caudoviricetes
5068_L_run562_hifi_trimmed_deduplicated_s2652.ctg002748l||full	Caudoviricetes
5068_L_run562_hifi_trimmed_deduplicated_s2699.ctg002795l||full	Caudoviricetes
5068_L_run562_hifi_trimmed_deduplicated_s2708.ctg002804l||full	Caudoviricetes
5068_L_run562_hifi_trimmed_deduplicated_s2713.ctg002809l||full	Caudoviricetes
5068_L_run562_hifi_trimmed_deduplicated_s2720.ctg002816l||full	Megaviricetes
5068_L_run562_hifi_trimmed_deduplicated_s2855.ctg002962l||full	Caudoviricetes
5068_L_run562_hifi_trimmed_deduplicated_s2911.ctg003021l||full	Caudoviricetes
5068_L_run562_hifi_trimmed_deduplicated_s3023.ctg003137l||full	Caudoviricetes
5068_L_run562_hifi_trimmed_deduplicated_s3072.ctg003191l||full	Caudoviricetes
5068_L_run562_hifi_trimmed_deduplicated_s3151.ctg003271l||full	Caudoviricetes
5068_L_run562_hifi_trimmed_deduplicated_s3391.ctg003521l||full	Caudoviricetes
5068_L_run562_hifi_trimmed_deduplicated_s3395.ctg003525l||full	Caudoviricetes
5068_L_run562_hifi_trimmed_deduplicated_s3495.ctg003634l||full	Caudoviricetes
5068_L_run562_hifi_trimmed_deduplicated_s3579.ctg003722l||full	Caudoviricetes
5068_L_run562_hifi_trimmed_deduplicated_s3684.ctg003836l||full	Caudoviricetes
5068_L_run562_hifi_trimmed_deduplicated_s3780.ctg003936l||full	Caudoviricetes
5068_L_run562_hifi_trimmed_deduplicated_s3790.ctg003946l||full	Caudoviricetes
5068_L_run562_hifi_trimmed_deduplicated_s3864.ctg004023l||full	Caudoviricetes
5068_L_run562_hifi_trimmed_deduplicated_s3881.ctg004041l||full	Caudoviricetes
5068_L_run562_hifi_trimmed_deduplicated_s243.ctg004185l||full	Caudoviricetes
5068_L_run562_hifi_trimmed_deduplicated_s4025.ctg004197l||full	Caudoviricetes
5068_L_run562_hifi_trimmed_deduplicated_s4103.ctg004285c||full	Caudoviricetes
5068_L_run562_hifi_trimmed_deduplicated_s243.ctg004312l||full	Caudoviricetes
5068_M_run562_hifi_trimmed_deduplicated_s187.ctg000188l||full_1	Caudoviricetes
5068_M_run562_hifi_trimmed_deduplicated_s321.ctg000322l||full_1	Caudoviricetes
5068_M_run562_hifi_trimmed_deduplicated_s569.ctg000570l||full_1	Caudoviricetes
5068_M_run562_hifi_trimmed_deduplicated_s1163.ctg001164l||full_1	Caudoviricetes
5068_M_run562_hifi_trimmed_deduplicated_s1503.ctg001504l||full_1	Caudoviricetes
5068_M_run562_hifi_trimmed_deduplicated_s1079.ctg001080l||0_partial_1	Caudoviricetes
5068_M_run562_hifi_trimmed_deduplicated_s0.ctg000001c||full	Caudoviricetes
5068_M_run562_hifi_trimmed_deduplicated_s60.ctg000061l||full	Caudoviricetes
5068_M_run562_hifi_trimmed_deduplicated_s82.ctg000083l||full	Caudoviricetes
5068_M_run562_hifi_trimmed_deduplicated_s87.ctg000088l||full	Caudoviricetes
5068_M_run562_hifi_trimmed_deduplicated_s99.ctg000100l||full	Caudoviricetes
5068_M_run562_hifi_trimmed_deduplicated_s100.ctg000101l||full	Caudoviricetes
5068_M_run562_hifi_trimmed_deduplicated_s101.ctg000102l||full	Caudoviricetes
5068_M_run562_hifi_trimmed_deduplicated_s127.ctg000128l||full	Caudoviricetes
5068_M_run562_hifi_trimmed_deduplicated_s131.ctg000132l||full	Caudoviricetes
5068_M_run562_hifi_trimmed_deduplicated_s174.ctg000175l||full	Caudoviricetes
5068_M_run562_hifi_trimmed_deduplicated_s177.ctg000178l||full	Caudoviricetes
5068_M_run562_hifi_trimmed_deduplicated_s190.ctg000191l||full	Caudoviricetes
5068_M_run562_hifi_trimmed_deduplicated_s191.ctg000192l||full	Caudoviricetes
5068_M_run562_hifi_trimmed_deduplicated_s218.ctg000219l||full	Caudoviricetes
5068_M_run562_hifi_trimmed_deduplicated_s248.ctg000249l||full	Caudoviricetes
5068_M_run562_hifi_trimmed_deduplicated_s368.ctg000369l||full	Caudoviricetes
5068_M_run562_hifi_trimmed_deduplicated_s369.ctg000370l||full	Caudoviricetes
5068_M_run562_hifi_trimmed_deduplicated_s381.ctg000382l||full	Caudoviricetes
5068_M_run562_hifi_trimmed_deduplicated_s438.ctg000439l||full	Caudoviricetes
5068_M_run562_hifi_trimmed_deduplicated_s508.ctg000509l||full	Caudoviricetes
5068_M_run562_hifi_trimmed_deduplicated_s520.ctg000521l||full	Caudoviricetes
5068_M_run562_hifi_trimmed_deduplicated_s667.ctg000668l||full	Caudoviricetes
5068_M_run562_hifi_trimmed_deduplicated_s732.ctg000733l||full	Caudoviricetes
5068_M_run562_hifi_trimmed_deduplicated_s758.ctg000759l||full	Caudoviricetes
5068_M_run562_hifi_trimmed_deduplicated_s765.ctg000766l||full	Caudoviricetes
5068_M_run562_hifi_trimmed_deduplicated_s852.ctg000853l||full	Caudoviricetes
5068_M_run562_hifi_trimmed_deduplicated_s925.ctg000926l||full	Caudoviricetes
5068_M_run562_hifi_trimmed_deduplicated_s936.ctg000937l||full	Caudoviricetes
5068_M_run562_hifi_trimmed_deduplicated_s943.ctg000944l||full	Caudoviricetes
5068_M_run562_hifi_trimmed_deduplicated_s961.ctg000962l||full	Caudoviricetes
5068_M_run562_hifi_trimmed_deduplicated_s998.ctg000999l||full	Caudoviricetes
5068_M_run562_hifi_trimmed_deduplicated_s1030.ctg001031l||full	Caudoviricetes
5068_M_run562_hifi_trimmed_deduplicated_s1031.ctg001032l||full	Caudoviricetes
5068_M_run562_hifi_trimmed_deduplicated_s1045.ctg001046l||full	Caudoviricetes
5068_M_run562_hifi_trimmed_deduplicated_s1083.ctg001084l||full	Caudoviricetes
5068_M_run562_hifi_trimmed_deduplicated_s1088.ctg001089l||full	Caudoviricetes
5068_M_run562_hifi_trimmed_deduplicated_s1097.ctg001098l||full	Caudoviricetes
5068_M_run562_hifi_trimmed_deduplicated_s1115.ctg001116l||full	Caudoviricetes
5068_M_run562_hifi_trimmed_deduplicated_s1140.ctg001141l||full	Caudoviricetes
5068_M_run562_hifi_trimmed_deduplicated_s1144.ctg001145l||full	Caudoviricetes
5068_M_run562_hifi_trimmed_deduplicated_s1223.ctg001224l||full	Caudoviricetes
5068_M_run562_hifi_trimmed_deduplicated_s1224.ctg001225l||full	Caudoviricetes
5068_M_run562_hifi_trimmed_deduplicated_s1258.ctg001259l||full	Caudoviricetes
5068_M_run562_hifi_trimmed_deduplicated_s1288.ctg001289l||full	Caudoviricetes
5068_M_run562_hifi_trimmed_deduplicated_s1348.ctg001349l||full	Caudoviricetes
5068_M_run562_hifi_trimmed_deduplicated_s1355.ctg001356l||full	Caudoviricetes
5068_M_run562_hifi_trimmed_deduplicated_s1358.ctg001359l||full	Caudoviricetes
5068_M_run562_hifi_trimmed_deduplicated_s1361.ctg001362l||full	Caudoviricetes
5068_M_run562_hifi_trimmed_deduplicated_s1441.ctg001442l||full	Caudoviricetes
5068_M_run562_hifi_trimmed_deduplicated_s1458.ctg001459l||full	Caudoviricetes
5068_M_run562_hifi_trimmed_deduplicated_s1502.ctg001503l||full	Caudoviricetes
5068_M_run562_hifi_trimmed_deduplicated_s1519.ctg001520l||full	Caudoviricetes
5068_M_run562_hifi_trimmed_deduplicated_s1532.ctg001533l||full	Caudoviricetes
5068_M_run562_hifi_trimmed_deduplicated_s1534.ctg001535l||full	Caudoviricetes
5068_M_run562_hifi_trimmed_deduplicated_s1579.ctg001580c||full	Caudoviricetes
5068_M_run562_hifi_trimmed_deduplicated_s1595.ctg001596l||full	Caudoviricetes
5068_M_run562_hifi_trimmed_deduplicated_s1607.ctg001608l||full	Caudoviricetes
5068_M_run562_hifi_trimmed_deduplicated_s1627.ctg001628l||full	Caudoviricetes
5068_M_run562_hifi_trimmed_deduplicated_s1649.ctg001650l||full	Caudoviricetes
5068_M_run562_hifi_trimmed_deduplicated_s1688.ctg001689l||full	Caudoviricetes
5068_M_run562_hifi_trimmed_deduplicated_s1727.ctg001728l||full	Caudoviricetes
5068_M_run562_hifi_trimmed_deduplicated_s1759.ctg001760l||full	Caudoviricetes
5068_M_run562_hifi_trimmed_deduplicated_s1771.ctg001772l||full	Caudoviricetes
5068_M_run562_hifi_trimmed_deduplicated_s1859.ctg001860l||full	Caudoviricetes
5068_M_run562_hifi_trimmed_deduplicated_s1863.ctg001864l||full	Caudoviricetes
5068_M_run562_hifi_trimmed_deduplicated_s1933.ctg001934l||full	Caudoviricetes
5068_M_run562_hifi_trimmed_deduplicated_s2067.ctg002068l||full	Caudoviricetes
5068_M_run562_hifi_trimmed_deduplicated_s2075.ctg002076l||full	Caudoviricetes
5068_M_run562_hifi_trimmed_deduplicated_s2230.ctg002231l||full	Caudoviricetes
5068_M_run562_hifi_trimmed_deduplicated_s2266.ctg002267l||full	Caudoviricetes
5068_M_run562_hifi_trimmed_deduplicated_s2272.ctg002273l||full	Caudoviricetes
5068_M_run562_hifi_trimmed_deduplicated_s2284.ctg002285l||full	Caudoviricetes
5068_M_run562_hifi_trimmed_deduplicated_s2312.ctg002313l||full	Caudoviricetes
5068_M_run562_hifi_trimmed_deduplicated_s2497.ctg002498l||full	Caudoviricetes
5068_M_run562_hifi_trimmed_deduplicated_s2590.ctg002591l||full	Caudoviricetes
5068_M_run562_hifi_trimmed_deduplicated_s2616.ctg002617l||full	Caudoviricetes
5068_M_run562_hifi_trimmed_deduplicated_s2625.ctg002626l||full	Caudoviricetes
5068_M_run562_hifi_trimmed_deduplicated_s2626.ctg002627c||full	Caudoviricetes
5068_M_run562_hifi_trimmed_deduplicated_s2682.ctg002683l||full	Caudoviricetes
5068_M_run562_hifi_trimmed_deduplicated_s2688.ctg002689l||full	Caudoviricetes
5068_M_run562_hifi_trimmed_deduplicated_s2699.ctg002700l||full	Caudoviricetes
5068_M_run562_hifi_trimmed_deduplicated_s2704.ctg002705l||full	Caudoviricetes
5068_M_run562_hifi_trimmed_deduplicated_s2709.ctg002710l||full	Caudoviricetes
5068_M_run562_hifi_trimmed_deduplicated_s2741.ctg002742l||full	Caudoviricetes
5068_M_run562_hifi_trimmed_deduplicated_s2825.ctg002826l||full	Caudoviricetes
5068_M_run562_hifi_trimmed_deduplicated_s2828.ctg002829l||full	Caudoviricetes
5068_M_run562_hifi_trimmed_deduplicated_s2861.ctg002862l||full	Caudoviricetes
5068_M_run562_hifi_trimmed_deduplicated_s2871.ctg002872l||full	Caudoviricetes
5068_M_run562_hifi_trimmed_deduplicated_s2872.ctg002873l||full	Megaviricetes
5068_M_run562_hifi_trimmed_deduplicated_s2875.ctg002876l||full	Caudoviricetes
5068_M_run562_hifi_trimmed_deduplicated_s2895.ctg002896l||full	Caudoviricetes
5068_M_run562_hifi_trimmed_deduplicated_s2936.ctg002937l||full	Caudoviricetes
5068_M_run562_hifi_trimmed_deduplicated_s2971.ctg002972l||full	Caudoviricetes
5068_M_run562_hifi_trimmed_deduplicated_s2993.ctg002994l||full	Caudoviricetes
5068_M_run562_hifi_trimmed_deduplicated_s3008.ctg003009l||full	Caudoviricetes
5068_M_run562_hifi_trimmed_deduplicated_s3022.ctg003023l||full	Caudoviricetes
5068_M_run562_hifi_trimmed_deduplicated_s3030.ctg003031l||full	Caudoviricetes
5068_M_run562_hifi_trimmed_deduplicated_s3198.ctg003199l||full	Caudoviricetes
5068_N_run562_hifi_trimmed_deduplicated_s38.ctg000042l||full_1	Caudoviricetes
5068_N_run562_hifi_trimmed_deduplicated_s111.ctg000118l||full_1	Caudoviricetes
5068_N_run562_hifi_trimmed_deduplicated_s264.ctg000277l||full_1	Caudoviricetes
5068_N_run562_hifi_trimmed_deduplicated_s278.ctg000291l||full_1	Caudoviricetes
5068_N_run562_hifi_trimmed_deduplicated_s620.ctg000645l||full_1	Caudoviricetes
5068_N_run562_hifi_trimmed_deduplicated_s677.ctg000705l||full_1	Caudoviricetes
5068_N_run562_hifi_trimmed_deduplicated_s755.ctg000785l||full_1	Caudoviricetes
5068_N_run562_hifi_trimmed_deduplicated_s1371.ctg001419l||full_1	Caudoviricetes
5068_N_run562_hifi_trimmed_deduplicated_s1690.ctg001746l||full_1	Caudoviricetes
5068_N_run562_hifi_trimmed_deduplicated_s1785.ctg001844l||full_1	Caudoviricetes
5068_N_run562_hifi_trimmed_deduplicated_s1816.ctg001875l||full_1	Caudoviricetes
5068_N_run562_hifi_trimmed_deduplicated_s1979.ctg002042l||full_1	Caudoviricetes
5068_N_run562_hifi_trimmed_deduplicated_s2163.ctg002236l||full_1	Caudoviricetes
5068_N_run562_hifi_trimmed_deduplicated_s2183.ctg002257l||full_1	Caudoviricetes
5068_N_run562_hifi_trimmed_deduplicated_s2457.ctg002537l||full_1	Caudoviricetes
5068_N_run562_hifi_trimmed_deduplicated_s2620.ctg002707l||full_1	Caudoviricetes
5068_N_run562_hifi_trimmed_deduplicated_s3223.ctg003328l||full_1	Caudoviricetes
5068_N_run562_hifi_trimmed_deduplicated_s3940.ctg004074l||full_1	Caudoviricetes
5068_N_run562_hifi_trimmed_deduplicated_s4105.ctg004246l||full_1	Caudoviricetes
5068_N_run562_hifi_trimmed_deduplicated_s4666.ctg004836l||full_1	Caudoviricetes
5068_N_run562_hifi_trimmed_deduplicated_s4755.ctg004929l||full_1	Caudoviricetes
5068_N_run562_hifi_trimmed_deduplicated_s4932.ctg005120l||full_1	Caudoviricetes
5068_N_run562_hifi_trimmed_deduplicated_s5550.ctg005772l||full_1	Caudoviricetes
5068_N_run562_hifi_trimmed_deduplicated_s5656.ctg005884l||full_1	Caudoviricetes
5068_N_run562_hifi_trimmed_deduplicated_s5753.ctg005992l||full_1	Caudoviricetes
5068_N_run562_hifi_trimmed_deduplicated_s3902.ctg004035c||full	Caudoviricetes
5068_N_run562_hifi_trimmed_deduplicated_s10.ctg000011l||full	Caudoviricetes
5068_N_run562_hifi_trimmed_deduplicated_s72.ctg000078l||full	Megaviricetes
5068_N_run562_hifi_trimmed_deduplicated_s88.ctg000094l||full	Caudoviricetes
5068_N_run562_hifi_trimmed_deduplicated_s103.ctg000109c||full	Caudoviricetes
5068_N_run562_hifi_trimmed_deduplicated_s107.ctg000113l||full	Caudoviricetes
5068_N_run562_hifi_trimmed_deduplicated_s142.ctg000152c||full	Caudoviricetes
5068_N_run562_hifi_trimmed_deduplicated_s152.ctg000163l||full	Caudoviricetes
5068_N_run562_hifi_trimmed_deduplicated_s189.ctg000202l||full	Caudoviricetes
5068_N_run562_hifi_trimmed_deduplicated_s210.ctg000223l||full	Caudoviricetes
5068_N_run562_hifi_trimmed_deduplicated_s211.ctg000224l||full	Caudoviricetes
5068_N_run562_hifi_trimmed_deduplicated_s216.ctg000229l||full	Caudoviricetes
5068_N_run562_hifi_trimmed_deduplicated_s243.ctg000256l||full	Caudoviricetes
5068_N_run562_hifi_trimmed_deduplicated_s248.ctg000261l||full	Caudoviricetes
5068_N_run562_hifi_trimmed_deduplicated_s266.ctg000279l||full	Caudoviricetes
5068_N_run562_hifi_trimmed_deduplicated_s291.ctg000305l||full	Caudoviricetes
5068_N_run562_hifi_trimmed_deduplicated_s297.ctg000312l||full	Caudoviricetes
5068_N_run562_hifi_trimmed_deduplicated_s319.ctg000334l||full	Caudoviricetes
5068_N_run562_hifi_trimmed_deduplicated_s383.ctg000400l||full	Caudoviricetes
5068_N_run562_hifi_trimmed_deduplicated_s405.ctg000423l||full	Caudoviricetes
5068_N_run562_hifi_trimmed_deduplicated_s418.ctg000436l||full	Caudoviricetes
5068_N_run562_hifi_trimmed_deduplicated_s432.ctg000452l||full	Caudoviricetes
5068_N_run562_hifi_trimmed_deduplicated_s437.ctg000457l||full	Caudoviricetes
5068_N_run562_hifi_trimmed_deduplicated_s441.ctg000461l||full	Caudoviricetes
5068_N_run562_hifi_trimmed_deduplicated_s542.ctg000565l||full	Caudoviricetes
5068_N_run562_hifi_trimmed_deduplicated_s585.ctg000609l||full	Caudoviricetes
5068_N_run562_hifi_trimmed_deduplicated_s586.ctg000610c||full	Caudoviricetes
5068_N_run562_hifi_trimmed_deduplicated_s617.ctg000642c||full	Caudoviricetes
5068_N_run562_hifi_trimmed_deduplicated_s632.ctg000659l||full	Caudoviricetes
5068_N_run562_hifi_trimmed_deduplicated_s656.ctg000684l||full	Caudoviricetes
5068_N_run562_hifi_trimmed_deduplicated_s662.ctg000690c||full	Caudoviricetes
5068_N_run562_hifi_trimmed_deduplicated_s671.ctg000699l||full	Caudoviricetes
5068_N_run562_hifi_trimmed_deduplicated_s685.ctg000714l||full	Caudoviricetes
5068_N_run562_hifi_trimmed_deduplicated_s712.ctg000741l||full	Caudoviricetes
5068_N_run562_hifi_trimmed_deduplicated_s769.ctg000799l||full	Caudoviricetes
5068_N_run562_hifi_trimmed_deduplicated_s788.ctg000818l||full	Caudoviricetes
5068_N_run562_hifi_trimmed_deduplicated_s794.ctg000824l||full	Caudoviricetes
5068_N_run562_hifi_trimmed_deduplicated_s879.ctg000911c||full	Caudoviricetes
5068_N_run562_hifi_trimmed_deduplicated_s885.ctg000917l||full	Caudoviricetes
5068_N_run562_hifi_trimmed_deduplicated_s892.ctg000924l||full	Caudoviricetes
5068_N_run562_hifi_trimmed_deduplicated_s911.ctg000943l||full	Megaviricetes
5068_N_run562_hifi_trimmed_deduplicated_s923.ctg000956l||full	Caudoviricetes
5068_N_run562_hifi_trimmed_deduplicated_s932.ctg000965l||full	Caudoviricetes
5068_N_run562_hifi_trimmed_deduplicated_s937.ctg000970l||full	Caudoviricetes
5068_N_run562_hifi_trimmed_deduplicated_s982.ctg001018l||full	Caudoviricetes
5068_N_run562_hifi_trimmed_deduplicated_s1015.ctg001052l||full	Caudoviricetes
5068_N_run562_hifi_trimmed_deduplicated_s1123.ctg001163l||full	Caudoviricetes
5068_N_run562_hifi_trimmed_deduplicated_s1144.ctg001184l||full	Caudoviricetes
5068_N_run562_hifi_trimmed_deduplicated_s1169.ctg001210l||full	Caudoviricetes
5068_N_run562_hifi_trimmed_deduplicated_s1179.ctg001221l||full	Caudoviricetes
5068_N_run562_hifi_trimmed_deduplicated_s1198.ctg001241l||full	Caudoviricetes
5068_N_run562_hifi_trimmed_deduplicated_s1219.ctg001263l||full	Caudoviricetes
5068_N_run562_hifi_trimmed_deduplicated_s1243.ctg001287l||full	Caudoviricetes
5068_N_run562_hifi_trimmed_deduplicated_s1292.ctg001338c||full	Caudoviricetes
5068_N_run562_hifi_trimmed_deduplicated_s1340.ctg001387c||full	Caudoviricetes
5068_N_run562_hifi_trimmed_deduplicated_s1359.ctg001407l||full	Caudoviricetes
5068_N_run562_hifi_trimmed_deduplicated_s1361.ctg001409l||full	Caudoviricetes
5068_N_run562_hifi_trimmed_deduplicated_s1414.ctg001464l||full	Caudoviricetes
5068_N_run562_hifi_trimmed_deduplicated_s1416.ctg001466l||full	Caudoviricetes
5068_N_run562_hifi_trimmed_deduplicated_s1420.ctg001470l||full	Caudoviricetes
5068_N_run562_hifi_trimmed_deduplicated_s1440.ctg001492l||full	Caudoviricetes
5068_N_run562_hifi_trimmed_deduplicated_s1450.ctg001502l||full	Caudoviricetes
5068_N_run562_hifi_trimmed_deduplicated_s1480.ctg001532l||full	Caudoviricetes
5068_N_run562_hifi_trimmed_deduplicated_s1505.ctg001559l||full	Caudoviricetes
5068_N_run562_hifi_trimmed_deduplicated_s1533.ctg001587l||full	Caudoviricetes
5068_N_run562_hifi_trimmed_deduplicated_s1540.ctg001594l||full	Caudoviricetes
5068_N_run562_hifi_trimmed_deduplicated_s1546.ctg001600l||full	Caudoviricetes
5068_N_run562_hifi_trimmed_deduplicated_s1569.ctg001623l||full	Caudoviricetes
5068_N_run562_hifi_trimmed_deduplicated_s1580.ctg001635l||full	Caudoviricetes
5068_N_run562_hifi_trimmed_deduplicated_s1586.ctg001641l||full	Caudoviricetes
5068_N_run562_hifi_trimmed_deduplicated_s1593.ctg001648c||full	Caudoviricetes
5068_N_run562_hifi_trimmed_deduplicated_s1603.ctg001658l||full	Caudoviricetes
5068_N_run562_hifi_trimmed_deduplicated_s1628.ctg001683l||full	Caudoviricetes
5068_N_run562_hifi_trimmed_deduplicated_s1635.ctg001690l||full	Caudoviricetes
5068_N_run562_hifi_trimmed_deduplicated_s1643.ctg001698c||full	Caudoviricetes
5068_N_run562_hifi_trimmed_deduplicated_s1681.ctg001737l||full	Caudoviricetes
5068_N_run562_hifi_trimmed_deduplicated_s1743.ctg001800l||full	Caudoviricetes
5068_N_run562_hifi_trimmed_deduplicated_s1839.ctg001898l||full	Caudoviricetes
5068_N_run562_hifi_trimmed_deduplicated_s1841.ctg001900l||full	Caudoviricetes
5068_N_run562_hifi_trimmed_deduplicated_s1857.ctg001916l||full	Caudoviricetes
5068_N_run562_hifi_trimmed_deduplicated_s1874.ctg001933l||full	Caudoviricetes
5068_N_run562_hifi_trimmed_deduplicated_s1907.ctg001967l||full	Caudoviricetes
5068_N_run562_hifi_trimmed_deduplicated_s1925.ctg001985l||full	Caudoviricetes
5068_N_run562_hifi_trimmed_deduplicated_s1935.ctg001998c||full	Caudoviricetes
5068_N_run562_hifi_trimmed_deduplicated_s1940.ctg002003l||full	Caudoviricetes
5068_N_run562_hifi_trimmed_deduplicated_s1953.ctg002016c||full	Caudoviricetes
5068_N_run562_hifi_trimmed_deduplicated_s1960.ctg002023l||full	Megaviricetes
5068_N_run562_hifi_trimmed_deduplicated_s2029.ctg002094l||full	Caudoviricetes
5068_N_run562_hifi_trimmed_deduplicated_s2033.ctg002098l||full	Caudoviricetes
5068_N_run562_hifi_trimmed_deduplicated_s2056.ctg002121l||full	Caudoviricetes
5068_N_run562_hifi_trimmed_deduplicated_s2059.ctg002124c||full	Caudoviricetes
5068_N_run562_hifi_trimmed_deduplicated_s2063.ctg002129l||full	Caudoviricetes
5068_N_run562_hifi_trimmed_deduplicated_s2073.ctg002141l||full	Caudoviricetes
5068_N_run562_hifi_trimmed_deduplicated_s2120.ctg002191l||full	Caudoviricetes
5068_N_run562_hifi_trimmed_deduplicated_s2122.ctg002193l||full	Caudoviricetes
5068_N_run562_hifi_trimmed_deduplicated_s2130.ctg002201l||full	Caudoviricetes
5068_N_run562_hifi_trimmed_deduplicated_s2139.ctg002210l||full	Caudoviricetes
5068_N_run562_hifi_trimmed_deduplicated_s2141.ctg002212l||full	Caudoviricetes
5068_N_run562_hifi_trimmed_deduplicated_s2154.ctg002226l||full	Caudoviricetes
5068_N_run562_hifi_trimmed_deduplicated_s2160.ctg002232l||full	Caudoviricetes
5068_N_run562_hifi_trimmed_deduplicated_s2170.ctg002244l||full	Other
5068_N_run562_hifi_trimmed_deduplicated_s2184.ctg002258l||full	Caudoviricetes
5068_N_run562_hifi_trimmed_deduplicated_s2188.ctg002262l||full	Caudoviricetes
5068_N_run562_hifi_trimmed_deduplicated_s2202.ctg002276l||full	Caudoviricetes
5068_N_run562_hifi_trimmed_deduplicated_s2203.ctg002277l||full	Caudoviricetes
5068_N_run562_hifi_trimmed_deduplicated_s2207.ctg002281l||full	Caudoviricetes
5068_N_run562_hifi_trimmed_deduplicated_s2239.ctg002313l||full	Megaviricetes
5068_N_run562_hifi_trimmed_deduplicated_s2278.ctg002353l||full	Caudoviricetes
5068_N_run562_hifi_trimmed_deduplicated_s2283.ctg002358l||full	Caudoviricetes
5068_N_run562_hifi_trimmed_deduplicated_s2333.ctg002410l||full	Caudoviricetes
5068_N_run562_hifi_trimmed_deduplicated_s2363.ctg002441l||full	Caudoviricetes
5068_N_run562_hifi_trimmed_deduplicated_s2365.ctg002443l||full	Caudoviricetes
5068_N_run562_hifi_trimmed_deduplicated_s2389.ctg002467l||full	Caudoviricetes
5068_N_run562_hifi_trimmed_deduplicated_s2402.ctg002480l||full	Caudoviricetes
5068_N_run562_hifi_trimmed_deduplicated_s2406.ctg002484l||full	Caudoviricetes
5068_N_run562_hifi_trimmed_deduplicated_s2448.ctg002527l||full	Caudoviricetes
5068_N_run562_hifi_trimmed_deduplicated_s2454.ctg002534l||full	Caudoviricetes
5068_N_run562_hifi_trimmed_deduplicated_s2459.ctg002539l||full	Caudoviricetes
5068_N_run562_hifi_trimmed_deduplicated_s2475.ctg002555l||full	Caudoviricetes
5068_N_run562_hifi_trimmed_deduplicated_s2481.ctg002561l||full	Caudoviricetes
5068_N_run562_hifi_trimmed_deduplicated_s2487.ctg002567l||full	Caudoviricetes
5068_N_run562_hifi_trimmed_deduplicated_s2492.ctg002573l||full	Caudoviricetes
5068_N_run562_hifi_trimmed_deduplicated_s2499.ctg002581l||full	Caudoviricetes
5068_N_run562_hifi_trimmed_deduplicated_s2532.ctg002617l||full	Caudoviricetes
5068_N_run562_hifi_trimmed_deduplicated_s2538.ctg002624l||full	Caudoviricetes
5068_N_run562_hifi_trimmed_deduplicated_s2554.ctg002640c||full	Caudoviricetes
5068_N_run562_hifi_trimmed_deduplicated_s2623.ctg002710l||full	Caudoviricetes
5068_N_run562_hifi_trimmed_deduplicated_s2638.ctg002726l||full	Caudoviricetes
5068_N_run562_hifi_trimmed_deduplicated_s2646.ctg002734l||full	Megaviricetes
5068_N_run562_hifi_trimmed_deduplicated_s2651.ctg002739l||full	Caudoviricetes
5068_N_run562_hifi_trimmed_deduplicated_s2670.ctg002760l||full	Caudoviricetes
5068_N_run562_hifi_trimmed_deduplicated_s2680.ctg002770l||full	Caudoviricetes
5068_N_run562_hifi_trimmed_deduplicated_s2771.ctg002863l||full	Caudoviricetes
5068_N_run562_hifi_trimmed_deduplicated_s2781.ctg002876l||full	Caudoviricetes
5068_N_run562_hifi_trimmed_deduplicated_s2789.ctg002886l||full	Caudoviricetes
5068_N_run562_hifi_trimmed_deduplicated_s2823.ctg002920l||full	Caudoviricetes
5068_N_run562_hifi_trimmed_deduplicated_s2831.ctg002928l||full	Megaviricetes
5068_N_run562_hifi_trimmed_deduplicated_s2832.ctg002929c||full	Caudoviricetes
5068_N_run562_hifi_trimmed_deduplicated_s2847.ctg002945l||full	Caudoviricetes
5068_N_run562_hifi_trimmed_deduplicated_s2849.ctg002947l||full	Caudoviricetes
5068_N_run562_hifi_trimmed_deduplicated_s2863.ctg002961l||full	Caudoviricetes
5068_N_run562_hifi_trimmed_deduplicated_s2885.ctg002984c||full	Caudoviricetes
5068_N_run562_hifi_trimmed_deduplicated_s2887.ctg002986l||full	Caudoviricetes
5068_N_run562_hifi_trimmed_deduplicated_s2935.ctg003035l||full	Caudoviricetes
5068_N_run562_hifi_trimmed_deduplicated_s2975.ctg003076l||full	Caudoviricetes
5068_N_run562_hifi_trimmed_deduplicated_s3061.ctg003165l||full	Caudoviricetes
5068_N_run562_hifi_trimmed_deduplicated_s3063.ctg003167l||full	Caudoviricetes
5068_N_run562_hifi_trimmed_deduplicated_s3087.ctg003191l||full	Caudoviricetes
5068_N_run562_hifi_trimmed_deduplicated_s3111.ctg003215l||full	Caudoviricetes
5068_N_run562_hifi_trimmed_deduplicated_s3112.ctg003216l||full	Caudoviricetes
5068_N_run562_hifi_trimmed_deduplicated_s3120.ctg003224l||full	Caudoviricetes
5068_N_run562_hifi_trimmed_deduplicated_s3122.ctg003226l||full	Caudoviricetes
5068_N_run562_hifi_trimmed_deduplicated_s3126.ctg003230l||full	Caudoviricetes
5068_N_run562_hifi_trimmed_deduplicated_s3130.ctg003234l||full	Caudoviricetes
5068_N_run562_hifi_trimmed_deduplicated_s3140.ctg003244l||full	Caudoviricetes
5068_N_run562_hifi_trimmed_deduplicated_s3194.ctg003299l||full	Caudoviricetes
5068_N_run562_hifi_trimmed_deduplicated_s3266.ctg003373l||full	Caudoviricetes
5068_N_run562_hifi_trimmed_deduplicated_s3318.ctg003429l||full	Caudoviricetes
5068_N_run562_hifi_trimmed_deduplicated_s3347.ctg003459l||full	Caudoviricetes
5068_N_run562_hifi_trimmed_deduplicated_s3354.ctg003466l||full	Megaviricetes
5068_N_run562_hifi_trimmed_deduplicated_s3369.ctg003484l||full	Caudoviricetes
5068_N_run562_hifi_trimmed_deduplicated_s3373.ctg003488l||full	Caudoviricetes
5068_N_run562_hifi_trimmed_deduplicated_s3379.ctg003494l||full	Caudoviricetes
5068_N_run562_hifi_trimmed_deduplicated_s3389.ctg003504l||full	Caudoviricetes
5068_N_run562_hifi_trimmed_deduplicated_s3416.ctg003532l||full	Megaviricetes
5068_N_run562_hifi_trimmed_deduplicated_s3420.ctg003536l||full	Caudoviricetes
5068_N_run562_hifi_trimmed_deduplicated_s3431.ctg003547l||full	Caudoviricetes
5068_N_run562_hifi_trimmed_deduplicated_s3433.ctg003549l||full	Caudoviricetes
5068_N_run562_hifi_trimmed_deduplicated_s3457.ctg003573l||full	Caudoviricetes
5068_N_run562_hifi_trimmed_deduplicated_s3612.ctg003733l||full	Caudoviricetes
5068_N_run562_hifi_trimmed_deduplicated_s3676.ctg003801l||full	Megaviricetes
5068_N_run562_hifi_trimmed_deduplicated_s3681.ctg003806l||full	Caudoviricetes
5068_N_run562_hifi_trimmed_deduplicated_s3686.ctg003811l||full	Megaviricetes
5068_N_run562_hifi_trimmed_deduplicated_s3721.ctg003847l||full	Caudoviricetes
5068_N_run562_hifi_trimmed_deduplicated_s3749.ctg003876l||full	Caudoviricetes
5068_N_run562_hifi_trimmed_deduplicated_s3854.ctg003985l||full	Caudoviricetes
5068_N_run562_hifi_trimmed_deduplicated_s3862.ctg003993c||full	Caudoviricetes
5068_N_run562_hifi_trimmed_deduplicated_s3913.ctg004046l||full	Caudoviricetes
5068_N_run562_hifi_trimmed_deduplicated_s3944.ctg004078l||full	Caudoviricetes
5068_N_run562_hifi_trimmed_deduplicated_s3952.ctg004086l||full	Megaviricetes
5068_N_run562_hifi_trimmed_deduplicated_s3955.ctg004090l||full	Caudoviricetes
5068_N_run562_hifi_trimmed_deduplicated_s3992.ctg004129l||full	Caudoviricetes
5068_N_run562_hifi_trimmed_deduplicated_s4078.ctg004216l||full	Caudoviricetes
5068_N_run562_hifi_trimmed_deduplicated_s4139.ctg004283l||full	Caudoviricetes
5068_N_run562_hifi_trimmed_deduplicated_s4175.ctg004320l||full	Caudoviricetes
5068_N_run562_hifi_trimmed_deduplicated_s4191.ctg004337l||full	Caudoviricetes
5068_N_run562_hifi_trimmed_deduplicated_s4204.ctg004350l||full	Caudoviricetes
5068_N_run562_hifi_trimmed_deduplicated_s4215.ctg004362l||full	Caudoviricetes
5068_N_run562_hifi_trimmed_deduplicated_s4323.ctg004477l||full	Megaviricetes
5068_N_run562_hifi_trimmed_deduplicated_s4328.ctg004482l||full	Caudoviricetes
5068_N_run562_hifi_trimmed_deduplicated_s4334.ctg004488l||full	Caudoviricetes
5068_N_run562_hifi_trimmed_deduplicated_s4343.ctg004498l||full	Caudoviricetes
5068_N_run562_hifi_trimmed_deduplicated_s4354.ctg004511l||full	Caudoviricetes
5068_N_run562_hifi_trimmed_deduplicated_s4397.ctg004555l||full	Caudoviricetes
5068_N_run562_hifi_trimmed_deduplicated_s4406.ctg004564l||full	Caudoviricetes
5068_N_run562_hifi_trimmed_deduplicated_s4426.ctg004585l||full	Caudoviricetes
5068_N_run562_hifi_trimmed_deduplicated_s4449.ctg004609l||full	Caudoviricetes
5068_N_run562_hifi_trimmed_deduplicated_s4464.ctg004625l||full	Caudoviricetes
5068_N_run562_hifi_trimmed_deduplicated_s4467.ctg004628l||full	Caudoviricetes
5068_N_run562_hifi_trimmed_deduplicated_s4481.ctg004642l||full	Megaviricetes
5068_N_run562_hifi_trimmed_deduplicated_s4537.ctg004702l||full	Caudoviricetes
5068_N_run562_hifi_trimmed_deduplicated_s4560.ctg004726c||full	Caudoviricetes
5068_N_run562_hifi_trimmed_deduplicated_s4583.ctg004750l||full	Caudoviricetes
5068_N_run562_hifi_trimmed_deduplicated_s4600.ctg004767l||full	Caudoviricetes
5068_N_run562_hifi_trimmed_deduplicated_s4602.ctg004769l||full	Megaviricetes
5068_N_run562_hifi_trimmed_deduplicated_s4603.ctg004770l||full	Megaviricetes
5068_N_run562_hifi_trimmed_deduplicated_s4619.ctg004787l||full	Caudoviricetes
5068_N_run562_hifi_trimmed_deduplicated_s4620.ctg004788l||full	Caudoviricetes
5068_N_run562_hifi_trimmed_deduplicated_s4681.ctg004851l||full	Caudoviricetes
5068_N_run562_hifi_trimmed_deduplicated_s4686.ctg004856l||full	Caudoviricetes
5068_N_run562_hifi_trimmed_deduplicated_s4696.ctg004866l||full	Caudoviricetes
5068_N_run562_hifi_trimmed_deduplicated_s4720.ctg004891l||full	Caudoviricetes
5068_N_run562_hifi_trimmed_deduplicated_s4735.ctg004908l||full	Caudoviricetes
5068_N_run562_hifi_trimmed_deduplicated_s4766.ctg004940l||full	Caudoviricetes
5068_N_run562_hifi_trimmed_deduplicated_s4812.ctg004990l||full	Caudoviricetes
5068_N_run562_hifi_trimmed_deduplicated_s4916.ctg005101l||full	Caudoviricetes
5068_N_run562_hifi_trimmed_deduplicated_s4980.ctg005172l||full	Caudoviricetes
5068_N_run562_hifi_trimmed_deduplicated_s5036.ctg005230l||full	Caudoviricetes
5068_N_run562_hifi_trimmed_deduplicated_s5046.ctg005242l||full	Caudoviricetes
5068_N_run562_hifi_trimmed_deduplicated_s5056.ctg005253l||full	Caudoviricetes
5068_N_run562_hifi_trimmed_deduplicated_s5071.ctg005269l||full	Caudoviricetes
5068_N_run562_hifi_trimmed_deduplicated_s5149.ctg005349l||full	Caudoviricetes
5068_N_run562_hifi_trimmed_deduplicated_s5188.ctg005389l||full	Caudoviricetes
5068_N_run562_hifi_trimmed_deduplicated_s5355.ctg005565l||full	Caudoviricetes
5068_N_run562_hifi_trimmed_deduplicated_s5360.ctg005570l||full	Caudoviricetes
5068_N_run562_hifi_trimmed_deduplicated_s5378.ctg005589c||full	Caudoviricetes
5068_N_run562_hifi_trimmed_deduplicated_s5399.ctg005611l||full	Caudoviricetes
5068_N_run562_hifi_trimmed_deduplicated_s5403.ctg005615l||full	Caudoviricetes
5068_N_run562_hifi_trimmed_deduplicated_s5412.ctg005624l||full	Caudoviricetes
5068_N_run562_hifi_trimmed_deduplicated_s5417.ctg005629l||full	Caudoviricetes
5068_N_run562_hifi_trimmed_deduplicated_s5464.ctg005677l||full	Caudoviricetes
5068_N_run562_hifi_trimmed_deduplicated_s5522.ctg005739l||full	Caudoviricetes
5068_N_run562_hifi_trimmed_deduplicated_s5528.ctg005746l||full	Caudoviricetes
5068_N_run562_hifi_trimmed_deduplicated_s5539.ctg005759l||full	Caudoviricetes
5068_N_run562_hifi_trimmed_deduplicated_s5645.ctg005873l||full	Caudoviricetes
5068_N_run562_hifi_trimmed_deduplicated_s5662.ctg005890l||full	Megaviricetes
5068_N_run562_hifi_trimmed_deduplicated_s5703.ctg005934l||full	Caudoviricetes
5068_N_run562_hifi_trimmed_deduplicated_s5707.ctg005938l||full	Caudoviricetes
5068_N_run562_hifi_trimmed_deduplicated_s5737.ctg005973l||full	Caudoviricetes
5068_N_run562_hifi_trimmed_deduplicated_s5849.ctg006096l||full	Caudoviricetes
5068_N_run562_hifi_trimmed_deduplicated_s3456.ctg003572l||0_partial	Caudoviricetes
5514_AC_hifi_reads_s77.ctg000078l||full	Caudoviricetes
5514_AC_hifi_reads_s425.ctg000426l||full	Caudoviricetes
5514_AC_hifi_reads_s774.ctg000775l||full	Caudoviricetes
5514_AC_hifi_reads_s973.ctg000974l||full	Caudoviricetes
5514_AC_hifi_reads_s1312.ctg001313l||full	Caudoviricetes
5514_V_hifi_reads_s1.ctg000002l||0_partial_1	Caudoviricetes
5514_V_hifi_reads_s239.ctg000240l||full	Caudoviricetes
5514_V_hifi_reads_s536.ctg000537l||full	Caudoviricetes
5514_V_hifi_reads_s824.ctg000825l||full	Caudoviricetes
5514_V_hifi_reads_s1097.ctg001098l||full	Caudoviricetes
5514_V_hifi_reads_s1300.ctg001301l||full	Caudoviricetes
5514_V_hifi_reads_s1322.ctg001323l||full	Caudoviricetes
5514_W_hifi_reads_s145.ctg000146l||full_1	Caudoviricetes
5514_W_hifi_reads_s22.ctg000023l||full	Caudoviricetes
5514_W_hifi_reads_s117.ctg000118l||full	Caudoviricetes
5514_W_hifi_reads_s196.ctg000197l||full	Caudoviricetes
5514_W_hifi_reads_s737.ctg000738l||full	Caudoviricetes
5514_W_hifi_reads_s803.ctg000804l||full	Caudoviricetes
5514_W_hifi_reads_s812.ctg000813l||full	Caudoviricetes
5514_W_hifi_reads_s827.ctg000828l||full	Caudoviricetes
5514_W_hifi_reads_s830.ctg000831l||full	Caudoviricetes
5514_W_hifi_reads_s996.ctg000997l||full	Caudoviricetes
5514_Z_hifi_reads_s94.ctg000095l||full	Caudoviricetes
5514_Z_hifi_reads_s273.ctg000274l||full	Caudoviricetes
5514_Z_hifi_reads_s311.ctg000312l||full	Caudoviricetes
5514_Z_hifi_reads_s717.ctg000718l||full	Caudoviricetes
5514_Z_hifi_reads_s924.ctg000925l||full	Caudoviricetes
5514_Z_hifi_reads_s1004.ctg001005l||full	Caudoviricetes
5514_Z_hifi_reads_s1078.ctg001079l||full	Caudoviricetes
5516_AB_hifi_reads_s458.ctg000459l||full_1	Caudoviricetes
5516_AB_hifi_reads_s42.ctg000043l||full	Megaviricetes
5516_AB_hifi_reads_s61.ctg000062l||full	Megaviricetes
5516_AB_hifi_reads_s69.ctg000070l||full	Megaviricetes
5516_AB_hifi_reads_s71.ctg000072c||full	Caudoviricetes
5516_AB_hifi_reads_s76.ctg000077l||full	Caudoviricetes
5516_AB_hifi_reads_s96.ctg000097l||full	Caudoviricetes
5516_AB_hifi_reads_s100.ctg000101l||full	Other
5516_AB_hifi_reads_s155.ctg000156l||full	Megaviricetes
5516_AB_hifi_reads_s156.ctg000157l||full	Megaviricetes
5516_AB_hifi_reads_s162.ctg000163l||full	Megaviricetes
5516_AB_hifi_reads_s181.ctg000182l||full	Megaviricetes
5516_AB_hifi_reads_s194.ctg000195l||full	Megaviricetes
5516_AB_hifi_reads_s195.ctg000196l||full	Megaviricetes
5516_AB_hifi_reads_s206.ctg000207l||full	Caudoviricetes
5516_AB_hifi_reads_s207.ctg000208l||full	Megaviricetes
5516_AB_hifi_reads_s212.ctg000213l||full	Megaviricetes
5516_AB_hifi_reads_s226.ctg000227l||full	Caudoviricetes
5516_AB_hifi_reads_s279.ctg000280l||full	Megaviricetes
5516_AB_hifi_reads_s293.ctg000294l||full	Caudoviricetes
5516_AB_hifi_reads_s312.ctg000313l||full	Megaviricetes
5516_AB_hifi_reads_s346.ctg000347l||full	Caudoviricetes
5516_AB_hifi_reads_s369.ctg000370l||full	Caudoviricetes
5516_AB_hifi_reads_s393.ctg000394l||full	Caudoviricetes
5516_AB_hifi_reads_s471.ctg000472l||full	Megaviricetes
5516_AB_hifi_reads_s507.ctg000508l||full	Caudoviricetes
5516_AB_hifi_reads_s512.ctg000513l||full	Megaviricetes
5516_AB_hifi_reads_s532.ctg000533l||full	Megaviricetes
5516_AB_hifi_reads_s553.ctg000554l||full	Megaviricetes
5516_AB_hifi_reads_s578.ctg000579l||full	Megaviricetes
5516_AB_hifi_reads_s624.ctg000625l||full	Megaviricetes
5516_AB_hifi_reads_s667.ctg000668l||full	Megaviricetes
5516_AB_hifi_reads_s684.ctg000685l||full	Caudoviricetes
5516_AB_hifi_reads_s751.ctg000752l||full	Megaviricetes
5516.AD.hifi_reads_s326.ctg000327l||full_1	Caudoviricetes
5516.AD.hifi_reads_s618.ctg000620l||full_1	Caudoviricetes
5516.AD.hifi_reads_s796.ctg000798l||full_1	Caudoviricetes
5516.AD.hifi_reads_s910.ctg000912l||full_1	Caudoviricetes
5516.AD.hifi_reads_s1769.ctg001774l||full_1	Caudoviricetes
5516.AD.hifi_reads_s2022.ctg002028l||full_1	Caudoviricetes
5516.AD.hifi_reads_s2131.ctg002137l||full_1	Caudoviricetes
5516.AD.hifi_reads_s2560.ctg002566l||full_1	Caudoviricetes
5516.AD.hifi_reads_s144.ctg000145l||full	Caudoviricetes
5516.AD.hifi_reads_s161.ctg000162l||full	Caudoviricetes
5516.AD.hifi_reads_s169.ctg000170l||full	Caudoviricetes
5516.AD.hifi_reads_s332.ctg000333l||full	Caudoviricetes
5516.AD.hifi_reads_s336.ctg000337l||full	Caudoviricetes
5516.AD.hifi_reads_s381.ctg000383l||full	Caudoviricetes
5516.AD.hifi_reads_s414.ctg000416l||full	Caudoviricetes
5516.AD.hifi_reads_s415.ctg000417l||full	Other
5516.AD.hifi_reads_s499.ctg000501l||full	Caudoviricetes
5516.AD.hifi_reads_s503.ctg000505l||full	Caudoviricetes
5516.AD.hifi_reads_s508.ctg000510l||full	Caudoviricetes
5516.AD.hifi_reads_s517.ctg000519l||full	Caudoviricetes
5516.AD.hifi_reads_s632.ctg000634l||full	Caudoviricetes
5516.AD.hifi_reads_s633.ctg000635l||full	Caudoviricetes
5516.AD.hifi_reads_s661.ctg000663l||full	Caudoviricetes
5516.AD.hifi_reads_s664.ctg000666l||full	Caudoviricetes
5516.AD.hifi_reads_s778.ctg000780l||full	Caudoviricetes
5516.AD.hifi_reads_s806.ctg000808l||full	Caudoviricetes
5516.AD.hifi_reads_s1115.ctg001118l||full	Caudoviricetes
5516.AD.hifi_reads_s1197.ctg001201l||full	Caudoviricetes
5516.AD.hifi_reads_s1207.ctg001211l||full	Caudoviricetes
5516.AD.hifi_reads_s1217.ctg001221l||full	Caudoviricetes
5516.AD.hifi_reads_s1225.ctg001229l||full	Caudoviricetes
5516.AD.hifi_reads_s1258.ctg001262l||full	Caudoviricetes
5516.AD.hifi_reads_s1388.ctg001393l||full	Caudoviricetes
5516.AD.hifi_reads_s1394.ctg001399l||full	Caudoviricetes
5516.AD.hifi_reads_s1478.ctg001483l||full	Caudoviricetes
5516.AD.hifi_reads_s1489.ctg001494l||full	Caudoviricetes
5516.AD.hifi_reads_s1530.ctg001535l||full	Caudoviricetes
5516.AD.hifi_reads_s1541.ctg001546l||full	Caudoviricetes
5516.AD.hifi_reads_s1562.ctg001567l||full	Caudoviricetes
5516.AD.hifi_reads_s1571.ctg001576l||full	Caudoviricetes
5516.AD.hifi_reads_s1595.ctg001600l||full	Caudoviricetes
5516.AD.hifi_reads_s1606.ctg001611l||full	Caudoviricetes
5516.AD.hifi_reads_s1629.ctg001634l||full	Caudoviricetes
5516.AD.hifi_reads_s1711.ctg001716l||full	Caudoviricetes
5516.AD.hifi_reads_s1755.ctg001760l||full	Caudoviricetes
5516.AD.hifi_reads_s1902.ctg001907l||full	Caudoviricetes
5516.AD.hifi_reads_s2091.ctg002097l||full	Caudoviricetes
5516.AD.hifi_reads_s2349.ctg002355l||full	Caudoviricetes
5516.AD.hifi_reads_s2405.ctg002411l||full	Caudoviricetes
5516.AD.hifi_reads_s2409.ctg002415l||full	Caudoviricetes
5516.AD.hifi_reads_s2478.ctg002484l||full	Caudoviricetes
5516.AD.hifi_reads_s2587.ctg002593l||full	Caudoviricetes
5516.AD.hifi_reads_s2607.ctg002613l||full	Caudoviricetes
5516.AD.hifi_reads_s2611.ctg002617l||full	Caudoviricetes
5516.AD.hifi_reads_s2713.ctg002720l||full	Caudoviricetes
5516.AD.hifi_reads_s241.ctg000242l||0_partial	Caudoviricetes
5516.AE.hifi_reads_s59.ctg000061l||full_1	Caudoviricetes
5516.AE.hifi_reads_s142.ctg000144l||full_1	Caudoviricetes
5516.AE.hifi_reads_s1164.ctg001191l||full_1	Caudoviricetes
5516.AE.hifi_reads_s1269.ctg001299l||full_1	Caudoviricetes
5516.AE.hifi_reads_s1319.ctg001349l||full_1	Caudoviricetes
5516.AE.hifi_reads_s2468.ctg002510l||full_1	Caudoviricetes
5516.AE.hifi_reads_s3725.ctg003783l||full_1	Caudoviricetes
5516.AE.hifi_reads_s1670.ctg001705l||0_partial_1	Caudoviricetes
5516.AE.hifi_reads_s1382.ctg001413l||full	Caudoviricetes
5516.AE.hifi_reads_s39.ctg000040l||full	Caudoviricetes
5516.AE.hifi_reads_s43.ctg000045l||full	Caudoviricetes
5516.AE.hifi_reads_s96.ctg000098l||full	Caudoviricetes
5516.AE.hifi_reads_s135.ctg000137l||full	Caudoviricetes
5516.AE.hifi_reads_s147.ctg000149l||full	Caudoviricetes
5516.AE.hifi_reads_s161.ctg000163l||full	Caudoviricetes
5516.AE.hifi_reads_s163.ctg000165l||full	Caudoviricetes
5516.AE.hifi_reads_s168.ctg000170l||full	Caudoviricetes
5516.AE.hifi_reads_s176.ctg000178l||full	Caudoviricetes
5516.AE.hifi_reads_s209.ctg000213l||full	Caudoviricetes
5516.AE.hifi_reads_s226.ctg000230l||full	Caudoviricetes
5516.AE.hifi_reads_s240.ctg000244l||full	Caudoviricetes
5516.AE.hifi_reads_s298.ctg000303l||full	Caudoviricetes
5516.AE.hifi_reads_s299.ctg000304l||full	Caudoviricetes
5516.AE.hifi_reads_s354.ctg000359l||full	Caudoviricetes
5516.AE.hifi_reads_s371.ctg000378l||full	Caudoviricetes
5516.AE.hifi_reads_s385.ctg000392l||full	Caudoviricetes
5516.AE.hifi_reads_s397.ctg000404l||full	Caudoviricetes
5516.AE.hifi_reads_s486.ctg000494l||full	Caudoviricetes
5516.AE.hifi_reads_s504.ctg000513l||full	Caudoviricetes
5516.AE.hifi_reads_s549.ctg000561l||full	Caudoviricetes
5516.AE.hifi_reads_s596.ctg000608l||full	Caudoviricetes
5516.AE.hifi_reads_s618.ctg000630l||full	Caudoviricetes
5516.AE.hifi_reads_s621.ctg000633l||full	Caudoviricetes
5516.AE.hifi_reads_s628.ctg000640l||full	Caudoviricetes
5516.AE.hifi_reads_s657.ctg000670l||full	Caudoviricetes
5516.AE.hifi_reads_s672.ctg000685l||full	Caudoviricetes
5516.AE.hifi_reads_s687.ctg000700l||full	Caudoviricetes
5516.AE.hifi_reads_s695.ctg000708l||full	Caudoviricetes
5516.AE.hifi_reads_s733.ctg000746l||full	Caudoviricetes
5516.AE.hifi_reads_s752.ctg000766l||full	Caudoviricetes
5516.AE.hifi_reads_s775.ctg000790l||full	Caudoviricetes
5516.AE.hifi_reads_s889.ctg000909l||full	Caudoviricetes
5516.AE.hifi_reads_s894.ctg000914l||full	Caudoviricetes
5516.AE.hifi_reads_s939.ctg000961c||full	Caudoviricetes
5516.AE.hifi_reads_s958.ctg000981l||full	Caudoviricetes
5516.AE.hifi_reads_s993.ctg001017l||full	Megaviricetes
5516.AE.hifi_reads_s1004.ctg001029l||full	Caudoviricetes
5516.AE.hifi_reads_s1054.ctg001081l||full	Caudoviricetes
5516.AE.hifi_reads_s1120.ctg001147l||full	Caudoviricetes
5516.AE.hifi_reads_s1126.ctg001153l||full	Caudoviricetes
5516.AE.hifi_reads_s1182.ctg001209l||full	Caudoviricetes
5516.AE.hifi_reads_s1201.ctg001229l||full	Caudoviricetes
5516.AE.hifi_reads_s1205.ctg001233l||full	Caudoviricetes
5516.AE.hifi_reads_s1230.ctg001258l||full	Caudoviricetes
5516.AE.hifi_reads_s1262.ctg001292l||full	Caudoviricetes
5516.AE.hifi_reads_s1304.ctg001334c||full	Caudoviricetes
5516.AE.hifi_reads_s1348.ctg001378l||full	Caudoviricetes
5516.AE.hifi_reads_s1413.ctg001445l||full	Caudoviricetes
5516.AE.hifi_reads_s1414.ctg001446l||full	Caudoviricetes
5516.AE.hifi_reads_s1448.ctg001480l||full	Caudoviricetes
5516.AE.hifi_reads_s1460.ctg001492c||full	Caudoviricetes
5516.AE.hifi_reads_s1466.ctg001499l||full	Caudoviricetes
5516.AE.hifi_reads_s1502.ctg001536l||full	Caudoviricetes
5516.AE.hifi_reads_s1530.ctg001564l||full	Caudoviricetes
5516.AE.hifi_reads_s1543.ctg001577l||full	Caudoviricetes
5516.AE.hifi_reads_s1586.ctg001620l||full	Caudoviricetes
5516.AE.hifi_reads_s1641.ctg001675l||full	Caudoviricetes
5516.AE.hifi_reads_s1644.ctg001678l||full	Caudoviricetes
5516.AE.hifi_reads_s1653.ctg001687l||full	Caudoviricetes
5516.AE.hifi_reads_s1658.ctg001692l||full	Caudoviricetes
5516.AE.hifi_reads_s1669.ctg001704l||full	Caudoviricetes
5516.AE.hifi_reads_s1714.ctg001750l||full	Caudoviricetes
5516.AE.hifi_reads_s1739.ctg001775l||full	Caudoviricetes
5516.AE.hifi_reads_s1794.ctg001830l||full	Caudoviricetes
5516.AE.hifi_reads_s1801.ctg001837l||full	Caudoviricetes
5516.AE.hifi_reads_s1829.ctg001865l||full	Caudoviricetes
5516.AE.hifi_reads_s1840.ctg001876l||full	Caudoviricetes
5516.AE.hifi_reads_s1842.ctg001878l||full	Caudoviricetes
5516.AE.hifi_reads_s1920.ctg001956l||full	Caudoviricetes
5516.AE.hifi_reads_s1957.ctg001993l||full	Caudoviricetes
5516.AE.hifi_reads_s2004.ctg002040l||full	Caudoviricetes
5516.AE.hifi_reads_s2027.ctg002064l||full	Caudoviricetes
5516.AE.hifi_reads_s2052.ctg002089l||full	Caudoviricetes
5516.AE.hifi_reads_s2055.ctg002092l||full	Caudoviricetes
5516.AE.hifi_reads_s2085.ctg002122l||full	Caudoviricetes
5516.AE.hifi_reads_s2097.ctg002134l||full	Caudoviricetes
5516.AE.hifi_reads_s2155.ctg002193l||full	Caudoviricetes
5516.AE.hifi_reads_s2168.ctg002206l||full	Caudoviricetes
5516.AE.hifi_reads_s2182.ctg002220l||full	Caudoviricetes
5516.AE.hifi_reads_s2245.ctg002283l||full	Caudoviricetes
5516.AE.hifi_reads_s2284.ctg002323l||full	Caudoviricetes
5516.AE.hifi_reads_s2294.ctg002333l||full	Caudoviricetes
5516.AE.hifi_reads_s2431.ctg002472l||full	Caudoviricetes
5516.AE.hifi_reads_s2440.ctg002481l||full	Megaviricetes
5516.AE.hifi_reads_s2480.ctg002522l||full	Caudoviricetes
5516.AE.hifi_reads_s2498.ctg002540l||full	Caudoviricetes
5516.AE.hifi_reads_s2499.ctg002541l||full	Caudoviricetes
5516.AE.hifi_reads_s2523.ctg002565l||full	Caudoviricetes
5516.AE.hifi_reads_s2578.ctg002620l||full	Caudoviricetes
5516.AE.hifi_reads_s2594.ctg002636l||full	Caudoviricetes
5516.AE.hifi_reads_s2659.ctg002701l||full	Caudoviricetes
5516.AE.hifi_reads_s2681.ctg002723l||full	Caudoviricetes
5516.AE.hifi_reads_s2723.ctg002765l||full	Caudoviricetes
5516.AE.hifi_reads_s2770.ctg002813l||full	Caudoviricetes
5516.AE.hifi_reads_s2785.ctg002828l||full	Caudoviricetes
5516.AE.hifi_reads_s2814.ctg002858l||full	Caudoviricetes
5516.AE.hifi_reads_s2818.ctg002862l||full	Caudoviricetes
5516.AE.hifi_reads_s2897.ctg002942l||full	Caudoviricetes
5516.AE.hifi_reads_s2935.ctg002980l||full	Megaviricetes
5516.AE.hifi_reads_s2942.ctg002987l||full	Caudoviricetes
5516.AE.hifi_reads_s2955.ctg003000l||full	Caudoviricetes
5516.AE.hifi_reads_s2989.ctg003034l||full	Caudoviricetes
5516.AE.hifi_reads_s3004.ctg003049l||full	Caudoviricetes
5516.AE.hifi_reads_s3082.ctg003128l||full	Caudoviricetes
5516.AE.hifi_reads_s3234.ctg003281l||full	Caudoviricetes
5516.AE.hifi_reads_s3238.ctg003285l||full	Caudoviricetes
5516.AE.hifi_reads_s3244.ctg003291l||full	Caudoviricetes
5516.AE.hifi_reads_s3252.ctg003299l||full	Caudoviricetes
5516.AE.hifi_reads_s3375.ctg003425l||full	Caudoviricetes
5516.AE.hifi_reads_s3390.ctg003441l||full	Caudoviricetes
5516.AE.hifi_reads_s3398.ctg003449l||full	Caudoviricetes
5516.AE.hifi_reads_s3426.ctg003477l||full	Caudoviricetes
5516.AE.hifi_reads_s3436.ctg003487c||full	Caudoviricetes
5516.AE.hifi_reads_s3472.ctg003523l||full	Caudoviricetes
5516.AE.hifi_reads_s3564.ctg003617l||full	Caudoviricetes
5516.AE.hifi_reads_s3618.ctg003673c||full	Caudoviricetes
5516.AE.hifi_reads_s3630.ctg003685l||full	Caudoviricetes
5516.AE.hifi_reads_s3641.ctg003696l||full	Caudoviricetes
5516.AE.hifi_reads_s3726.ctg003784l||full	Caudoviricetes
5516.AE.hifi_reads_s3761.ctg003819l||full	Caudoviricetes
5516.AE.hifi_reads_s3778.ctg003836l||full	Caudoviricetes
5516.AE.hifi_reads_s3857.ctg003917l||full	Caudoviricetes
5516.AE.hifi_reads_s3859.ctg003919l||full	Caudoviricetes
5516.AE.hifi_reads_s3868.ctg003928l||full	Caudoviricetes
5516.AE.hifi_reads_s3991.ctg004053l||full	Caudoviricetes
5516.AE.hifi_reads_s4080.ctg004145l||full	Caudoviricetes
5516.AE.hifi_reads_s4098.ctg004164l||full	Caudoviricetes
5516.AE.hifi_reads_s4112.ctg004178l||full	Caudoviricetes
5516.AE.hifi_reads_s4179.ctg004245l||full	Caudoviricetes
5516.AF.hifi_reads_s35.ctg000036l||full_1	Caudoviricetes
5516.AF.hifi_reads_s194.ctg000196l||full_1	Caudoviricetes
5516.AF.hifi_reads_s444.ctg000448l||full_1	Caudoviricetes
5516.AF.hifi_reads_s485.ctg000489l||full_1	Caudoviricetes
5516.AF.hifi_reads_s860.ctg000866l||full_1	Caudoviricetes
5516.AF.hifi_reads_s2020.ctg002032l||full_1	Caudoviricetes
5516.AF.hifi_reads_s2534.ctg002551l||full_1	Caudoviricetes
5516.AF.hifi_reads_s2551.ctg002568l||full_1	Caudoviricetes
5516.AF.hifi_reads_s2833.ctg002850l||full_1	Caudoviricetes
5516.AF.hifi_reads_s3025.ctg003042l||full_1	Caudoviricetes
5516.AF.hifi_reads_s3290.ctg003310l||full_1	Caudoviricetes
5516.AF.hifi_reads_s4131.ctg004153l||full_1	Caudoviricetes
5516.AF.hifi_reads_s4368.ctg004392l||full_1	Caudoviricetes
5516.AF.hifi_reads_s4485.ctg004509l||full_1	Caudoviricetes
5516.AF.hifi_reads_s77.ctg000078l||full	Caudoviricetes
5516.AF.hifi_reads_s1122.ctg001132l||full	Caudoviricetes
5516.AF.hifi_reads_s90.ctg000092l||full	Caudoviricetes
5516.AF.hifi_reads_s95.ctg000097l||full	Caudoviricetes
5516.AF.hifi_reads_s100.ctg000102c||full	Caudoviricetes
5516.AF.hifi_reads_s104.ctg000106l||full	Caudoviricetes
5516.AF.hifi_reads_s115.ctg000117l||full	Caudoviricetes
5516.AF.hifi_reads_s116.ctg000118c||full	Caudoviricetes
5516.AF.hifi_reads_s119.ctg000121l||full	Caudoviricetes
5516.AF.hifi_reads_s126.ctg000128l||full	Caudoviricetes
5516.AF.hifi_reads_s145.ctg000147l||full	Caudoviricetes
5516.AF.hifi_reads_s152.ctg000154c||full	Caudoviricetes
5516.AF.hifi_reads_s169.ctg000171l||full	Caudoviricetes
5516.AF.hifi_reads_s183.ctg000185l||full	Caudoviricetes
5516.AF.hifi_reads_s200.ctg000202l||full	Caudoviricetes
5516.AF.hifi_reads_s208.ctg000210l||full	Caudoviricetes
5516.AF.hifi_reads_s216.ctg000218l||full	Caudoviricetes
5516.AF.hifi_reads_s228.ctg000230l||full	Caudoviricetes
5516.AF.hifi_reads_s231.ctg000233l||full	Caudoviricetes
5516.AF.hifi_reads_s237.ctg000239l||full	Caudoviricetes
5516.AF.hifi_reads_s257.ctg000260c||full	Caudoviricetes
5516.AF.hifi_reads_s271.ctg000274l||full	Caudoviricetes
5516.AF.hifi_reads_s275.ctg000278l||full	Caudoviricetes
5516.AF.hifi_reads_s287.ctg000290l||full	Caudoviricetes
5516.AF.hifi_reads_s289.ctg000292l||full	Caudoviricetes
5516.AF.hifi_reads_s299.ctg000302l||full	Caudoviricetes
5516.AF.hifi_reads_s302.ctg000305l||full	Caudoviricetes
5516.AF.hifi_reads_s307.ctg000310c||full	Caudoviricetes
5516.AF.hifi_reads_s310.ctg000313l||full	Caudoviricetes
5516.AF.hifi_reads_s311.ctg000314l||full	Caudoviricetes
5516.AF.hifi_reads_s322.ctg000326l||full	Caudoviricetes
5516.AF.hifi_reads_s323.ctg000327l||full	Caudoviricetes
5516.AF.hifi_reads_s344.ctg000348l||full	Caudoviricetes
5516.AF.hifi_reads_s349.ctg000353l||full	Caudoviricetes
5516.AF.hifi_reads_s368.ctg000372l||full	Caudoviricetes
5516.AF.hifi_reads_s371.ctg000375l||full	Caudoviricetes
5516.AF.hifi_reads_s379.ctg000383l||full	Caudoviricetes
5516.AF.hifi_reads_s384.ctg000388l||full	Caudoviricetes
5516.AF.hifi_reads_s392.ctg000396l||full	Caudoviricetes
5516.AF.hifi_reads_s397.ctg000401l||full	Caudoviricetes
5516.AF.hifi_reads_s399.ctg000403l||full	Caudoviricetes
5516.AF.hifi_reads_s416.ctg000420l||full	Caudoviricetes
5516.AF.hifi_reads_s420.ctg000424l||full	Caudoviricetes
5516.AF.hifi_reads_s421.ctg000425l||full	Caudoviricetes
5516.AF.hifi_reads_s427.ctg000431l||full	Caudoviricetes
5516.AF.hifi_reads_s433.ctg000437l||full	Caudoviricetes
5516.AF.hifi_reads_s505.ctg000509l||full	Caudoviricetes
5516.AF.hifi_reads_s511.ctg000515l||full	Caudoviricetes
5516.AF.hifi_reads_s513.ctg000517l||full	Caudoviricetes
5516.AF.hifi_reads_s517.ctg000521l||full	Caudoviricetes
5516.AF.hifi_reads_s522.ctg000526l||full	Caudoviricetes
5516.AF.hifi_reads_s525.ctg000529l||full	Caudoviricetes
5516.AF.hifi_reads_s527.ctg000531c||full	Caudoviricetes
5516.AF.hifi_reads_s585.ctg000590l||full	Caudoviricetes
5516.AF.hifi_reads_s595.ctg000600l||full	Caudoviricetes
5516.AF.hifi_reads_s603.ctg000608l||full	Caudoviricetes
5516.AF.hifi_reads_s636.ctg000641l||full	Caudoviricetes
5516.AF.hifi_reads_s655.ctg000660l||full	Caudoviricetes
5516.AF.hifi_reads_s657.ctg000662l||full	Caudoviricetes
5516.AF.hifi_reads_s668.ctg000673l||full	Caudoviricetes
5516.AF.hifi_reads_s676.ctg000681l||full	Caudoviricetes
5516.AF.hifi_reads_s684.ctg000690c||full	Caudoviricetes
5516.AF.hifi_reads_s686.ctg000692l||full	Caudoviricetes
5516.AF.hifi_reads_s690.ctg000696l||full	Caudoviricetes
5516.AF.hifi_reads_s709.ctg000715l||full	Caudoviricetes
5516.AF.hifi_reads_s714.ctg000720l||full	Caudoviricetes
5516.AF.hifi_reads_s716.ctg000722l||full	Caudoviricetes
5516.AF.hifi_reads_s721.ctg000727l||full	Caudoviricetes
5516.AF.hifi_reads_s724.ctg000730l||full	Caudoviricetes
5516.AF.hifi_reads_s761.ctg000767l||full	Caudoviricetes
5516.AF.hifi_reads_s795.ctg000801l||full	Caudoviricetes
5516.AF.hifi_reads_s800.ctg000806l||full	Caudoviricetes
5516.AF.hifi_reads_s806.ctg000812l||full	Caudoviricetes
5516.AF.hifi_reads_s819.ctg000825l||full	Caudoviricetes
5516.AF.hifi_reads_s824.ctg000830l||full	Caudoviricetes
5516.AF.hifi_reads_s832.ctg000838l||full	Caudoviricetes
5516.AF.hifi_reads_s867.ctg000873l||full	Caudoviricetes
5516.AF.hifi_reads_s869.ctg000875l||full	Caudoviricetes
5516.AF.hifi_reads_s892.ctg000899l||full	Caudoviricetes
5516.AF.hifi_reads_s913.ctg000920l||full	Caudoviricetes
5516.AF.hifi_reads_s955.ctg000962l||full	Caudoviricetes
5516.AF.hifi_reads_s963.ctg000971l||full	Caudoviricetes
5516.AF.hifi_reads_s964.ctg000972l||full	Caudoviricetes
5516.AF.hifi_reads_s976.ctg000984l||full	Caudoviricetes
5516.AF.hifi_reads_s977.ctg000985l||full	Caudoviricetes
5516.AF.hifi_reads_s980.ctg000988l||full	Caudoviricetes
5516.AF.hifi_reads_s1004.ctg001012l||full	Caudoviricetes
5516.AF.hifi_reads_s1010.ctg001018l||full	Caudoviricetes
5516.AF.hifi_reads_s1014.ctg001022l||full	Caudoviricetes
5516.AF.hifi_reads_s1018.ctg001026l||full	Caudoviricetes
5516.AF.hifi_reads_s1037.ctg001046l||full	Caudoviricetes
5516.AF.hifi_reads_s1047.ctg001056l||full	Caudoviricetes
5516.AF.hifi_reads_s1059.ctg001069l||full	Caudoviricetes
5516.AF.hifi_reads_s1060.ctg001070l||full	Caudoviricetes
5516.AF.hifi_reads_s1082.ctg001092l||full	Caudoviricetes
5516.AF.hifi_reads_s1090.ctg001100l||full	Caudoviricetes
5516.AF.hifi_reads_s1128.ctg001138l||full	Caudoviricetes
5516.AF.hifi_reads_s1143.ctg001153l||full	Caudoviricetes
5516.AF.hifi_reads_s1144.ctg001154l||full	Caudoviricetes
5516.AF.hifi_reads_s1153.ctg001163l||full	Caudoviricetes
5516.AF.hifi_reads_s1166.ctg001176l||full	Caudoviricetes
5516.AF.hifi_reads_s1175.ctg001185l||full	Caudoviricetes
5516.AF.hifi_reads_s1184.ctg001194l||full	Caudoviricetes
5516.AF.hifi_reads_s1186.ctg001196l||full	Caudoviricetes
5516.AF.hifi_reads_s1195.ctg001205l||full	Caudoviricetes
5516.AF.hifi_reads_s1199.ctg001209l||full	Caudoviricetes
5516.AF.hifi_reads_s1219.ctg001229l||full	Caudoviricetes
5516.AF.hifi_reads_s1231.ctg001241l||full	Caudoviricetes
5516.AF.hifi_reads_s1244.ctg001254l||full	Caudoviricetes
5516.AF.hifi_reads_s1245.ctg001255l||full	Caudoviricetes
5516.AF.hifi_reads_s1255.ctg001265c||full	Caudoviricetes
5516.AF.hifi_reads_s1280.ctg001290l||full	Caudoviricetes
5516.AF.hifi_reads_s1288.ctg001298l||full	Caudoviricetes
5516.AF.hifi_reads_s1295.ctg001305c||full	Caudoviricetes
5516.AF.hifi_reads_s1309.ctg001319l||full	Caudoviricetes
5516.AF.hifi_reads_s1325.ctg001335l||full	Caudoviricetes
5516.AF.hifi_reads_s1345.ctg001355l||full	Caudoviricetes
5516.AF.hifi_reads_s1351.ctg001361l||full	Caudoviricetes
5516.AF.hifi_reads_s1352.ctg001362l||full	Caudoviricetes
5516.AF.hifi_reads_s1353.ctg001363c||full	Caudoviricetes
5516.AF.hifi_reads_s1359.ctg001369l||full	Caudoviricetes
5516.AF.hifi_reads_s1366.ctg001376l||full	Caudoviricetes
5516.AF.hifi_reads_s1392.ctg001402l||full	Caudoviricetes
5516.AF.hifi_reads_s1418.ctg001428l||full	Caudoviricetes
5516.AF.hifi_reads_s1436.ctg001446l||full	Caudoviricetes
5516.AF.hifi_reads_s1441.ctg001451c||full	Caudoviricetes
5516.AF.hifi_reads_s1445.ctg001455l||full	Caudoviricetes
5516.AF.hifi_reads_s1446.ctg001456l||full	Caudoviricetes
5516.AF.hifi_reads_s1448.ctg001458l||full	Caudoviricetes
5516.AF.hifi_reads_s1454.ctg001464l||full	Caudoviricetes
5516.AF.hifi_reads_s1462.ctg001472l||full	Caudoviricetes
5516.AF.hifi_reads_s1473.ctg001483l||full	Caudoviricetes
5516.AF.hifi_reads_s1477.ctg001487l||full	Caudoviricetes
5516.AF.hifi_reads_s1487.ctg001497l||full	Caudoviricetes
5516.AF.hifi_reads_s1495.ctg001505l||full	Caudoviricetes
5516.AF.hifi_reads_s1496.ctg001506l||full	Caudoviricetes
5516.AF.hifi_reads_s1513.ctg001523l||full	Caudoviricetes
5516.AF.hifi_reads_s1515.ctg001525l||full	Caudoviricetes
5516.AF.hifi_reads_s1527.ctg001537l||full	Caudoviricetes
5516.AF.hifi_reads_s1541.ctg001551l||full	Caudoviricetes
5516.AF.hifi_reads_s1562.ctg001572l||full	Caudoviricetes
5516.AF.hifi_reads_s1571.ctg001581l||full	Caudoviricetes
5516.AF.hifi_reads_s1576.ctg001586l||full	Caudoviricetes
5516.AF.hifi_reads_s1580.ctg001590l||full	Caudoviricetes
5516.AF.hifi_reads_s1581.ctg001591l||full	Caudoviricetes
5516.AF.hifi_reads_s1605.ctg001615l||full	Caudoviricetes
5516.AF.hifi_reads_s1606.ctg001616l||full	Caudoviricetes
5516.AF.hifi_reads_s1626.ctg001637l||full	Caudoviricetes
5516.AF.hifi_reads_s1643.ctg001654l||full	Caudoviricetes
5516.AF.hifi_reads_s1651.ctg001662l||full	Caudoviricetes
5516.AF.hifi_reads_s1656.ctg001667l||full	Caudoviricetes
5516.AF.hifi_reads_s1673.ctg001684l||full	Caudoviricetes
5516.AF.hifi_reads_s1678.ctg001689l||full	Caudoviricetes
5516.AF.hifi_reads_s1679.ctg001690l||full	Caudoviricetes
5516.AF.hifi_reads_s1685.ctg001696l||full	Caudoviricetes
5516.AF.hifi_reads_s1687.ctg001698l||full	Caudoviricetes
5516.AF.hifi_reads_s1695.ctg001706l||full	Caudoviricetes
5516.AF.hifi_reads_s1701.ctg001712l||full	Caudoviricetes
5516.AF.hifi_reads_s1739.ctg001750l||full	Caudoviricetes
5516.AF.hifi_reads_s1750.ctg001761l||full	Caudoviricetes
5516.AF.hifi_reads_s1772.ctg001783l||full	Caudoviricetes
5516.AF.hifi_reads_s1776.ctg001787l||full	Caudoviricetes
5516.AF.hifi_reads_s1791.ctg001802l||full	Caudoviricetes
5516.AF.hifi_reads_s1799.ctg001810l||full	Caudoviricetes
5516.AF.hifi_reads_s1803.ctg001814l||full	Caudoviricetes
5516.AF.hifi_reads_s1805.ctg001816l||full	Caudoviricetes
5516.AF.hifi_reads_s1813.ctg001824l||full	Caudoviricetes
5516.AF.hifi_reads_s1814.ctg001825l||full	Caudoviricetes
5516.AF.hifi_reads_s1816.ctg001827l||full	Caudoviricetes
5516.AF.hifi_reads_s1834.ctg001845l||full	Caudoviricetes
5516.AF.hifi_reads_s1845.ctg001856l||full	Caudoviricetes
5516.AF.hifi_reads_s1849.ctg001860l||full	Caudoviricetes
5516.AF.hifi_reads_s1850.ctg001861l||full	Caudoviricetes
5516.AF.hifi_reads_s1853.ctg001864l||full	Caudoviricetes
5516.AF.hifi_reads_s1863.ctg001874c||full	Caudoviricetes
5516.AF.hifi_reads_s1865.ctg001876l||full	Caudoviricetes
5516.AF.hifi_reads_s1893.ctg001905l||full	Caudoviricetes
5516.AF.hifi_reads_s1903.ctg001915l||full	Caudoviricetes
5516.AF.hifi_reads_s1909.ctg001921c||full	Caudoviricetes
5516.AF.hifi_reads_s1917.ctg001929l||full	Caudoviricetes
5516.AF.hifi_reads_s1933.ctg001945l||full	Caudoviricetes
5516.AF.hifi_reads_s1939.ctg001951l||full	Caudoviricetes
5516.AF.hifi_reads_s1949.ctg001961l||full	Caudoviricetes
5516.AF.hifi_reads_s1982.ctg001994l||full	Caudoviricetes
5516.AF.hifi_reads_s2012.ctg002024l||full	Caudoviricetes
5516.AF.hifi_reads_s2015.ctg002027l||full	Caudoviricetes
5516.AF.hifi_reads_s2017.ctg002029l||full	Caudoviricetes
5516.AF.hifi_reads_s2019.ctg002031l||full	Caudoviricetes
5516.AF.hifi_reads_s2054.ctg002066l||full	Caudoviricetes
5516.AF.hifi_reads_s2069.ctg002081l||full	Caudoviricetes
5516.AF.hifi_reads_s2076.ctg002088l||full	Caudoviricetes
5516.AF.hifi_reads_s2083.ctg002095l||full	Caudoviricetes
5516.AF.hifi_reads_s2095.ctg002107l||full	Caudoviricetes
5516.AF.hifi_reads_s2099.ctg002111l||full	Caudoviricetes
5516.AF.hifi_reads_s2100.ctg002112l||full	Caudoviricetes
5516.AF.hifi_reads_s2121.ctg002133l||full	Caudoviricetes
5516.AF.hifi_reads_s2151.ctg002163l||full	Caudoviricetes
5516.AF.hifi_reads_s2168.ctg002180l||full	Caudoviricetes
5516.AF.hifi_reads_s2173.ctg002185c||full	Caudoviricetes
5516.AF.hifi_reads_s2178.ctg002190l||full	Caudoviricetes
5516.AF.hifi_reads_s2204.ctg002216l||full	Caudoviricetes
5516.AF.hifi_reads_s2210.ctg002222l||full	Caudoviricetes
5516.AF.hifi_reads_s2223.ctg002235l||full	Caudoviricetes
5516.AF.hifi_reads_s2227.ctg002239l||full	Caudoviricetes
5516.AF.hifi_reads_s2229.ctg002241l||full	Caudoviricetes
5516.AF.hifi_reads_s2240.ctg002252l||full	Caudoviricetes
5516.AF.hifi_reads_s2248.ctg002260l||full	Caudoviricetes
5516.AF.hifi_reads_s2272.ctg002284l||full	Caudoviricetes
5516.AF.hifi_reads_s2285.ctg002297l||full	Caudoviricetes
5516.AF.hifi_reads_s2286.ctg002298l||full	Caudoviricetes
5516.AF.hifi_reads_s2306.ctg002318l||full	Caudoviricetes
5516.AF.hifi_reads_s2319.ctg002331l||full	Caudoviricetes
5516.AF.hifi_reads_s2322.ctg002334c||full	Caudoviricetes
5516.AF.hifi_reads_s2326.ctg002338l||full	Caudoviricetes
5516.AF.hifi_reads_s275.ctg002344l||full	Caudoviricetes
5516.AF.hifi_reads_s2333.ctg002346l||full	Caudoviricetes
5516.AF.hifi_reads_s2340.ctg002353c||full	Caudoviricetes
5516.AF.hifi_reads_s2341.ctg002354l||full	Caudoviricetes
5516.AF.hifi_reads_s2375.ctg002389l||full	Caudoviricetes
5516.AF.hifi_reads_s2380.ctg002394l||full	Caudoviricetes
5516.AF.hifi_reads_s2381.ctg002395l||full	Caudoviricetes
5516.AF.hifi_reads_s2403.ctg002418l||full	Caudoviricetes
5516.AF.hifi_reads_s2407.ctg002422l||full	Caudoviricetes
5516.AF.hifi_reads_s2411.ctg002426l||full	Caudoviricetes
5516.AF.hifi_reads_s2421.ctg002436l||full	Caudoviricetes
5516.AF.hifi_reads_s2426.ctg002441l||full	Caudoviricetes
5516.AF.hifi_reads_s2447.ctg002462l||full	Caudoviricetes
5516.AF.hifi_reads_s2477.ctg002492l||full	Caudoviricetes
5516.AF.hifi_reads_s2489.ctg002504l||full	Caudoviricetes
5516.AF.hifi_reads_s2498.ctg002513l||full	Caudoviricetes
5516.AF.hifi_reads_s2510.ctg002525l||full	Caudoviricetes
5516.AF.hifi_reads_s2517.ctg002532l||full	Caudoviricetes
5516.AF.hifi_reads_s2518.ctg002533l||full	Caudoviricetes
5516.AF.hifi_reads_s2526.ctg002543l||full	Caudoviricetes
5516.AF.hifi_reads_s2530.ctg002547l||full	Caudoviricetes
5516.AF.hifi_reads_s2545.ctg002562l||full	Caudoviricetes
5516.AF.hifi_reads_s2546.ctg002563l||full	Caudoviricetes
5516.AF.hifi_reads_s2583.ctg002600l||full	Caudoviricetes
5516.AF.hifi_reads_s2586.ctg002603l||full	Caudoviricetes
5516.AF.hifi_reads_s2591.ctg002608l||full	Caudoviricetes
5516.AF.hifi_reads_s2640.ctg002657l||full	Caudoviricetes
5516.AF.hifi_reads_s2648.ctg002665c||full	Caudoviricetes
5516.AF.hifi_reads_s2653.ctg002670c||full	Caudoviricetes
5516.AF.hifi_reads_s2665.ctg002682l||full	Caudoviricetes
5516.AF.hifi_reads_s2666.ctg002683l||full	Caudoviricetes
5516.AF.hifi_reads_s2686.ctg002703l||full	Caudoviricetes
5516.AF.hifi_reads_s2692.ctg002709l||full	Caudoviricetes
5516.AF.hifi_reads_s2705.ctg002722l||full	Caudoviricetes
5516.AF.hifi_reads_s2723.ctg002740l||full	Caudoviricetes
5516.AF.hifi_reads_s2728.ctg002745l||full	Caudoviricetes
5516.AF.hifi_reads_s2737.ctg002754l||full	Caudoviricetes
5516.AF.hifi_reads_s2759.ctg002776l||full	Caudoviricetes
5516.AF.hifi_reads_s2775.ctg002792l||full	Caudoviricetes
5516.AF.hifi_reads_s2786.ctg002803l||full	Caudoviricetes
5516.AF.hifi_reads_s2802.ctg002819l||full	Caudoviricetes
5516.AF.hifi_reads_s2811.ctg002828l||full	Caudoviricetes
5516.AF.hifi_reads_s2812.ctg002829l||full	Caudoviricetes
5516.AF.hifi_reads_s2825.ctg002842l||full	Caudoviricetes
5516.AF.hifi_reads_s2827.ctg002844l||full	Caudoviricetes
5516.AF.hifi_reads_s2831.ctg002848l||full	Caudoviricetes
5516.AF.hifi_reads_s2832.ctg002849c||full	Caudoviricetes
5516.AF.hifi_reads_s2836.ctg002853l||full	Caudoviricetes
5516.AF.hifi_reads_s2843.ctg002860l||full	Caudoviricetes
5516.AF.hifi_reads_s2846.ctg002863l||full	Caudoviricetes
5516.AF.hifi_reads_s2850.ctg002867l||full	Caudoviricetes
5516.AF.hifi_reads_s2868.ctg002885l||full	Caudoviricetes
5516.AF.hifi_reads_s2912.ctg002929l||full	Caudoviricetes
5516.AF.hifi_reads_s2930.ctg002947l||full	Caudoviricetes
5516.AF.hifi_reads_s2942.ctg002959l||full	Caudoviricetes
5516.AF.hifi_reads_s2943.ctg002960l||full	Caudoviricetes
5516.AF.hifi_reads_s2947.ctg002964l||full	Caudoviricetes
5516.AF.hifi_reads_s2953.ctg002970l||full	Caudoviricetes
5516.AF.hifi_reads_s2970.ctg002987l||full	Caudoviricetes
5516.AF.hifi_reads_s2974.ctg002991l||full	Caudoviricetes
5516.AF.hifi_reads_s2990.ctg003007c||full	Caudoviricetes
5516.AF.hifi_reads_s2993.ctg003010l||full	Caudoviricetes
5516.AF.hifi_reads_s2994.ctg003011l||full	Caudoviricetes
5516.AF.hifi_reads_s3013.ctg003030l||full	Caudoviricetes
5516.AF.hifi_reads_s3020.ctg003037l||full	Caudoviricetes
5516.AF.hifi_reads_s3034.ctg003052l||full	Caudoviricetes
5516.AF.hifi_reads_s3040.ctg003058c||full	Caudoviricetes
5516.AF.hifi_reads_s3044.ctg003062l||full	Caudoviricetes
5516.AF.hifi_reads_s3046.ctg003064l||full	Caudoviricetes
5516.AF.hifi_reads_s3053.ctg003071l||full	Caudoviricetes
5516.AF.hifi_reads_s3056.ctg003074l||full	Caudoviricetes
5516.AF.hifi_reads_s3067.ctg003085l||full	Caudoviricetes
5516.AF.hifi_reads_s3072.ctg003090l||full	Caudoviricetes
5516.AF.hifi_reads_s3075.ctg003093l||full	Caudoviricetes
5516.AF.hifi_reads_s3099.ctg003117l||full	Caudoviricetes
5516.AF.hifi_reads_s3104.ctg003122c||full	Caudoviricetes
5516.AF.hifi_reads_s3112.ctg003130l||full	Caudoviricetes
5516.AF.hifi_reads_s3113.ctg003131l||full	Caudoviricetes
5516.AF.hifi_reads_s3122.ctg003140l||full	Caudoviricetes
5516.AF.hifi_reads_s3131.ctg003149l||full	Caudoviricetes
5516.AF.hifi_reads_s3134.ctg003152l||full	Caudoviricetes
5516.AF.hifi_reads_s3163.ctg003181l||full	Caudoviricetes
5516.AF.hifi_reads_s3164.ctg003182l||full	Caudoviricetes
5516.AF.hifi_reads_s3165.ctg003183l||full	Caudoviricetes
5516.AF.hifi_reads_s3167.ctg003185l||full	Caudoviricetes
5516.AF.hifi_reads_s3168.ctg003186l||full	Caudoviricetes
5516.AF.hifi_reads_s3170.ctg003189l||full	Caudoviricetes
5516.AF.hifi_reads_s3175.ctg003194l||full	Caudoviricetes
5516.AF.hifi_reads_s3184.ctg003203l||full	Caudoviricetes
5516.AF.hifi_reads_s3188.ctg003207l||full	Caudoviricetes
5516.AF.hifi_reads_s3192.ctg003211c||full	Caudoviricetes
5516.AF.hifi_reads_s3197.ctg003216l||full	Caudoviricetes
5516.AF.hifi_reads_s3210.ctg003229l||full	Caudoviricetes
5516.AF.hifi_reads_s3215.ctg003234l||full	Caudoviricetes
5516.AF.hifi_reads_s3219.ctg003238l||full	Caudoviricetes
5516.AF.hifi_reads_s3220.ctg003239l||full	Caudoviricetes
5516.AF.hifi_reads_s3237.ctg003256l||full	Caudoviricetes
5516.AF.hifi_reads_s3239.ctg003258l||full	Caudoviricetes
5516.AF.hifi_reads_s3253.ctg003272l||full	Caudoviricetes
5516.AF.hifi_reads_s3256.ctg003275l||full	Caudoviricetes
5516.AF.hifi_reads_s3260.ctg003279l||full	Caudoviricetes
5516.AF.hifi_reads_s3264.ctg003284l||full	Caudoviricetes
5516.AF.hifi_reads_s3273.ctg003293l||full	Caudoviricetes
5516.AF.hifi_reads_s3274.ctg003294l||full	Caudoviricetes
5516.AF.hifi_reads_s3300.ctg003320l||full	Caudoviricetes
5516.AF.hifi_reads_s3327.ctg003347l||full	Caudoviricetes
5516.AF.hifi_reads_s3343.ctg003363l||full	Caudoviricetes
5516.AF.hifi_reads_s3377.ctg003397l||full	Caudoviricetes
5516.AF.hifi_reads_s3385.ctg003405l||full	Caudoviricetes
5516.AF.hifi_reads_s3389.ctg003409l||full	Caudoviricetes
5516.AF.hifi_reads_s3405.ctg003425l||full	Caudoviricetes
5516.AF.hifi_reads_s3407.ctg003427l||full	Caudoviricetes
5516.AF.hifi_reads_s3434.ctg003454l||full	Caudoviricetes
5516.AF.hifi_reads_s3435.ctg003455l||full	Caudoviricetes
5516.AF.hifi_reads_s3441.ctg003461l||full	Caudoviricetes
5516.AF.hifi_reads_s3455.ctg003475l||full	Caudoviricetes
5516.AF.hifi_reads_s3464.ctg003484l||full	Caudoviricetes
5516.AF.hifi_reads_s3473.ctg003493l||full	Caudoviricetes
5516.AF.hifi_reads_s3474.ctg003494l||full	Caudoviricetes
5516.AF.hifi_reads_s3486.ctg003506l||full	Caudoviricetes
5516.AF.hifi_reads_s3496.ctg003516l||full	Caudoviricetes
5516.AF.hifi_reads_s3499.ctg003519l||full	Caudoviricetes
5516.AF.hifi_reads_s3500.ctg003520l||full	Caudoviricetes
5516.AF.hifi_reads_s3507.ctg003527l||full	Caudoviricetes
5516.AF.hifi_reads_s3509.ctg003529l||full	Caudoviricetes
5516.AF.hifi_reads_s3510.ctg003530l||full	Caudoviricetes
5516.AF.hifi_reads_s3531.ctg003551l||full	Caudoviricetes
5516.AF.hifi_reads_s3538.ctg003558l||full	Caudoviricetes
5516.AF.hifi_reads_s3594.ctg003614l||full	Caudoviricetes
5516.AF.hifi_reads_s3610.ctg003630l||full	Caudoviricetes
5516.AF.hifi_reads_s3621.ctg003641l||full	Caudoviricetes
5516.AF.hifi_reads_s3625.ctg003645l||full	Caudoviricetes
5516.AF.hifi_reads_s3660.ctg003680l||full	Caudoviricetes
5516.AF.hifi_reads_s3668.ctg003688c||full	Caudoviricetes
5516.AF.hifi_reads_s3674.ctg003694l||full	Caudoviricetes
5516.AF.hifi_reads_s3677.ctg003697l||full	Caudoviricetes
5516.AF.hifi_reads_s3707.ctg003727l||full	Caudoviricetes
5516.AF.hifi_reads_s3709.ctg003729l||full	Caudoviricetes
5516.AF.hifi_reads_s3710.ctg003730l||full	Caudoviricetes
5516.AF.hifi_reads_s3721.ctg003742l||full	Caudoviricetes
5516.AF.hifi_reads_s3724.ctg003745l||full	Caudoviricetes
5516.AF.hifi_reads_s3728.ctg003749l||full	Caudoviricetes
5516.AF.hifi_reads_s3742.ctg003763l||full	Caudoviricetes
5516.AF.hifi_reads_s3748.ctg003769l||full	Caudoviricetes
5516.AF.hifi_reads_s3788.ctg003809l||full	Caudoviricetes
5516.AF.hifi_reads_s3833.ctg003854l||full	Caudoviricetes
5516.AF.hifi_reads_s3847.ctg003868l||full	Caudoviricetes
5516.AF.hifi_reads_s3867.ctg003888l||full	Caudoviricetes
5516.AF.hifi_reads_s3874.ctg003895l||full	Caudoviricetes
5516.AF.hifi_reads_s3880.ctg003901l||full	Caudoviricetes
5516.AF.hifi_reads_s3903.ctg003924l||full	Caudoviricetes
5516.AF.hifi_reads_s3923.ctg003944l||full	Caudoviricetes
5516.AF.hifi_reads_s3924.ctg003946l||full	Caudoviricetes
5516.AF.hifi_reads_s3947.ctg003969l||full	Caudoviricetes
5516.AF.hifi_reads_s3968.ctg003990l||full	Caudoviricetes
5516.AF.hifi_reads_s3969.ctg003991l||full	Caudoviricetes
5516.AF.hifi_reads_s3973.ctg003995l||full	Caudoviricetes
5516.AF.hifi_reads_s3977.ctg003999c||full	Caudoviricetes
5516.AF.hifi_reads_s3993.ctg004015l||full	Caudoviricetes
5516.AF.hifi_reads_s4000.ctg004022l||full	Caudoviricetes
5516.AF.hifi_reads_s4064.ctg004086l||full	Caudoviricetes
5516.AF.hifi_reads_s4069.ctg004091l||full	Caudoviricetes
5516.AF.hifi_reads_s4089.ctg004111l||full	Caudoviricetes
5516.AF.hifi_reads_s4103.ctg004125l||full	Caudoviricetes
5516.AF.hifi_reads_s4112.ctg004134l||full	Caudoviricetes
5516.AF.hifi_reads_s4130.ctg004152l||full	Caudoviricetes
5516.AF.hifi_reads_s4154.ctg004176l||full	Caudoviricetes
5516.AF.hifi_reads_s4178.ctg004200l||full	Caudoviricetes
5516.AF.hifi_reads_s4224.ctg004246l||full	Caudoviricetes
5516.AF.hifi_reads_s4232.ctg004254l||full	Caudoviricetes
5516.AF.hifi_reads_s4242.ctg004264l||full	Caudoviricetes
5516.AF.hifi_reads_s4245.ctg004267l||full	Caudoviricetes
5516.AF.hifi_reads_s4263.ctg004285l||full	Caudoviricetes
5516.AF.hifi_reads_s4283.ctg004305l||full	Caudoviricetes
5516.AF.hifi_reads_s4306.ctg004328l||full	Caudoviricetes
5516.AF.hifi_reads_s4309.ctg004331l||full	Caudoviricetes
5516.AF.hifi_reads_s4318.ctg004341l||full	Caudoviricetes
5516.AF.hifi_reads_s4334.ctg004358l||full	Caudoviricetes
5516.AF.hifi_reads_s4335.ctg004359l||full	Caudoviricetes
5516.AF.hifi_reads_s4350.ctg004374l||full	Caudoviricetes
5516.AF.hifi_reads_s4391.ctg004415l||full	Caudoviricetes
5516.AF.hifi_reads_s4393.ctg004417l||full	Caudoviricetes
5516.AF.hifi_reads_s4409.ctg004433l||full	Caudoviricetes
5516.AF.hifi_reads_s4428.ctg004452l||full	Caudoviricetes
5516.AF.hifi_reads_s4433.ctg004457l||full	Caudoviricetes
5516.AF.hifi_reads_s4434.ctg004458l||full	Caudoviricetes
5516.AF.hifi_reads_s4445.ctg004469l||full	Caudoviricetes
5516.AF.hifi_reads_s4449.ctg004473l||full	Caudoviricetes
5516.AF.hifi_reads_s4458.ctg004482l||full	Caudoviricetes
5516.AF.hifi_reads_s4475.ctg004499l||full	Caudoviricetes
5516.AF.hifi_reads_s4479.ctg004503l||full	Caudoviricetes
5516.AF.hifi_reads_s4491.ctg004515l||full	Caudoviricetes
5516.AF.hifi_reads_s4494.ctg004518l||full	Caudoviricetes
5516.AF.hifi_reads_s4505.ctg004529l||full	Caudoviricetes
5516.AF.hifi_reads_s4511.ctg004535l||full	Caudoviricetes
5516.AF.hifi_reads_s4533.ctg004557l||full	Caudoviricetes
5516.AF.hifi_reads_s4537.ctg004561l||full	Caudoviricetes
5516.AF.hifi_reads_s4538.ctg004562l||full	Caudoviricetes
5516.AF.hifi_reads_s4548.ctg004572l||full	Caudoviricetes
5516.AF.hifi_reads_s4553.ctg004577l||full	Caudoviricetes
5516.AF.hifi_reads_s4593.ctg004617l||full	Caudoviricetes
5516.AF.hifi_reads_s4608.ctg004632l||full	Caudoviricetes
5516.AF.hifi_reads_s4639.ctg004663l||full	Caudoviricetes
5516.AF.hifi_reads_s4655.ctg004679l||full	Caudoviricetes
5516.AF.hifi_reads_s4659.ctg004683c||full	Caudoviricetes
5516.AF.hifi_reads_s4669.ctg004693l||full	Caudoviricetes
5516.AF.hifi_reads_s4670.ctg004694l||full	Caudoviricetes
5516.AF.hifi_reads_s4686.ctg004711l||full	Caudoviricetes
5516.AF.hifi_reads_s4704.ctg004729l||full	Caudoviricetes
5516.AF.hifi_reads_s4711.ctg004736l||full	Caudoviricetes
5516.AF.hifi_reads_s4733.ctg004758l||full	Caudoviricetes
5516.AF.hifi_reads_s4746.ctg004771l||full	Caudoviricetes
5516.AF.hifi_reads_s4762.ctg004788l||full	Caudoviricetes
5516.AF.hifi_reads_s4774.ctg004800l||full	Caudoviricetes
5516.AF.hifi_reads_s4802.ctg004830l||full	Caudoviricetes
5516.AF.hifi_reads_s4803.ctg004831l||full	Caudoviricetes
5516.AF.hifi_reads_s4809.ctg004837l||full	Caudoviricetes
5516.AF.hifi_reads_s4814.ctg004842l||full	Caudoviricetes
5516.AF.hifi_reads_s4820.ctg004848l||full	Caudoviricetes
5516.AF.hifi_reads_s4825.ctg004853l||full	Caudoviricetes
5516.AF.hifi_reads_s4850.ctg004878l||full	Caudoviricetes
5516.AF.hifi_reads_s4880.ctg004909l||full	Caudoviricetes
5516.AF.hifi_reads_s4895.ctg004924l||full	Caudoviricetes
5516.AF.hifi_reads_s4900.ctg004929l||full	Caudoviricetes
5516.AF.hifi_reads_s4917.ctg004946l||full	Caudoviricetes
5516.AF.hifi_reads_s4976.ctg005007l||full	Caudoviricetes
5516.AF.hifi_reads_s4999.ctg005030l||full	Caudoviricetes
5516.AF.hifi_reads_s5007.ctg005039l||full	Caudoviricetes
5516.AG.hifi_reads_s135.ctg000136l||full_1	Caudoviricetes
5516.AG.hifi_reads_s214.ctg000215l||full_1	Caudoviricetes
5516.AG.hifi_reads_s896.ctg000898l||full_1	Caudoviricetes
5516.AG.hifi_reads_s921.ctg000923l||full_1	Caudoviricetes
5516.AG.hifi_reads_s1493.ctg001497l||full_1	Caudoviricetes
5516.AG.hifi_reads_s1711.ctg001717l||full_1	Caudoviricetes
5516.AG.hifi_reads_s1916.ctg001922l||full_1	Caudoviricetes
5516.AG.hifi_reads_s2208.ctg002214l||full_1	Caudoviricetes
5516.AG.hifi_reads_s2318.ctg002324l||full_1	Caudoviricetes
5516.AG.hifi_reads_s3138.ctg003146l||full_1	Caudoviricetes
5516.AG.hifi_reads_s3557.ctg003565l||full_1	Caudoviricetes
5516.AG.hifi_reads_s25.ctg000026l||full	Caudoviricetes
5516.AG.hifi_reads_s66.ctg000067l||full	Caudoviricetes
5516.AG.hifi_reads_s75.ctg000076l||full	Caudoviricetes
5516.AG.hifi_reads_s104.ctg000105l||full	Caudoviricetes
5516.AG.hifi_reads_s162.ctg000163l||full	Caudoviricetes
5516.AG.hifi_reads_s166.ctg000167c||full	Caudoviricetes
5516.AG.hifi_reads_s184.ctg000185l||full	Caudoviricetes
5516.AG.hifi_reads_s193.ctg000194l||full	Caudoviricetes
5516.AG.hifi_reads_s218.ctg000219l||full	Caudoviricetes
5516.AG.hifi_reads_s221.ctg000222l||full	Caudoviricetes
5516.AG.hifi_reads_s231.ctg000232l||full	Caudoviricetes
5516.AG.hifi_reads_s267.ctg000268l||full	Caudoviricetes
5516.AG.hifi_reads_s271.ctg000272l||full	Caudoviricetes
5516.AG.hifi_reads_s363.ctg000364l||full	Caudoviricetes
5516.AG.hifi_reads_s397.ctg000398l||full	Caudoviricetes
5516.AG.hifi_reads_s445.ctg000446l||full	Caudoviricetes
5516.AG.hifi_reads_s473.ctg000474l||full	Caudoviricetes
5516.AG.hifi_reads_s530.ctg000531l||full	Caudoviricetes
5516.AG.hifi_reads_s627.ctg000628l||full	Caudoviricetes
5516.AG.hifi_reads_s691.ctg000692l||full	Caudoviricetes
5516.AG.hifi_reads_s701.ctg000702l||full	Caudoviricetes
5516.AG.hifi_reads_s752.ctg000753l||full	Caudoviricetes
5516.AG.hifi_reads_s753.ctg000754l||full	Caudoviricetes
5516.AG.hifi_reads_s833.ctg000834l||full	Caudoviricetes
5516.AG.hifi_reads_s834.ctg000835l||full	Caudoviricetes
5516.AG.hifi_reads_s849.ctg000850l||full	Caudoviricetes
5516.AG.hifi_reads_s855.ctg000856l||full	Caudoviricetes
5516.AG.hifi_reads_s950.ctg000952l||full	Caudoviricetes
5516.AG.hifi_reads_s958.ctg000960l||full	Caudoviricetes
5516.AG.hifi_reads_s988.ctg000990l||full	Caudoviricetes
5516.AG.hifi_reads_s1043.ctg001045l||full	Caudoviricetes
5516.AG.hifi_reads_s1182.ctg001185l||full	Caudoviricetes
5516.AG.hifi_reads_s1190.ctg001194l||full	Caudoviricetes
5516.AG.hifi_reads_s1224.ctg001228c||full	Caudoviricetes
5516.AG.hifi_reads_s1276.ctg001280l||full	Caudoviricetes
5516.AG.hifi_reads_s1285.ctg001289l||full	Caudoviricetes
5516.AG.hifi_reads_s1299.ctg001303l||full	Caudoviricetes
5516.AG.hifi_reads_s1356.ctg001360l||full	Caudoviricetes
5516.AG.hifi_reads_s1433.ctg001437l||full	Caudoviricetes
5516.AG.hifi_reads_s1457.ctg001461l||full	Caudoviricetes
5516.AG.hifi_reads_s1494.ctg001498l||full	Caudoviricetes
5516.AG.hifi_reads_s1501.ctg001505l||full	Caudoviricetes
5516.AG.hifi_reads_s1533.ctg001537l||full	Caudoviricetes
5516.AG.hifi_reads_s1537.ctg001541l||full	Caudoviricetes
5516.AG.hifi_reads_s1572.ctg001577c||full	Caudoviricetes
5516.AG.hifi_reads_s1584.ctg001589l||full	Caudoviricetes
5516.AG.hifi_reads_s1592.ctg001597l||full	Caudoviricetes
5516.AG.hifi_reads_s1594.ctg001599l||full	Caudoviricetes
5516.AG.hifi_reads_s1606.ctg001611l||full	Caudoviricetes
5516.AG.hifi_reads_s1616.ctg001621l||full	Caudoviricetes
5516.AG.hifi_reads_s1652.ctg001658l||full	Caudoviricetes
5516.AG.hifi_reads_s1692.ctg001698l||full	Caudoviricetes
5516.AG.hifi_reads_s1758.ctg001764l||full	Caudoviricetes
5516.AG.hifi_reads_s1765.ctg001771l||full	Caudoviricetes
5516.AG.hifi_reads_s1814.ctg001820l||full	Caudoviricetes
5516.AG.hifi_reads_s1837.ctg001843l||full	Caudoviricetes
5516.AG.hifi_reads_s1847.ctg001853l||full	Caudoviricetes
5516.AG.hifi_reads_s1862.ctg001868l||full	Caudoviricetes
5516.AG.hifi_reads_s1865.ctg001871l||full	Caudoviricetes
5516.AG.hifi_reads_s1871.ctg001877l||full	Caudoviricetes
5516.AG.hifi_reads_s1937.ctg001943l||full	Caudoviricetes
5516.AG.hifi_reads_s1939.ctg001945l||full	Caudoviricetes
5516.AG.hifi_reads_s1951.ctg001957l||full	Caudoviricetes
5516.AG.hifi_reads_s1987.ctg001993l||full	Caudoviricetes
5516.AG.hifi_reads_s1990.ctg001996l||full	Caudoviricetes
5516.AG.hifi_reads_s2013.ctg002019l||full	Caudoviricetes
5516.AG.hifi_reads_s2036.ctg002042l||full	Caudoviricetes
5516.AG.hifi_reads_s2091.ctg002097l||full	Caudoviricetes
5516.AG.hifi_reads_s2233.ctg002239l||full	Caudoviricetes
5516.AG.hifi_reads_s2267.ctg002273l||full	Caudoviricetes
5516.AG.hifi_reads_s2317.ctg002323l||full	Caudoviricetes
5516.AG.hifi_reads_s2320.ctg002326l||full	Caudoviricetes
5516.AG.hifi_reads_s2455.ctg002461l||full	Caudoviricetes
5516.AG.hifi_reads_s2550.ctg002557l||full	Caudoviricetes
5516.AG.hifi_reads_s2590.ctg002597l||full	Caudoviricetes
5516.AG.hifi_reads_s2612.ctg002619l||full	Caudoviricetes
5516.AG.hifi_reads_s2663.ctg002670l||full	Caudoviricetes
5516.AG.hifi_reads_s2665.ctg002672l||full	Caudoviricetes
5516.AG.hifi_reads_s2683.ctg002690l||full	Caudoviricetes
5516.AG.hifi_reads_s2706.ctg002713l||full	Caudoviricetes
5516.AG.hifi_reads_s2724.ctg002731l||full	Caudoviricetes
5516.AG.hifi_reads_s2732.ctg002739l||full	Caudoviricetes
5516.AG.hifi_reads_s2753.ctg002760l||full	Caudoviricetes
5516.AG.hifi_reads_s2778.ctg002785l||full	Caudoviricetes
5516.AG.hifi_reads_s2802.ctg002809l||full	Caudoviricetes
5516.AG.hifi_reads_s2805.ctg002812l||full	Caudoviricetes
5516.AG.hifi_reads_s2812.ctg002819l||full	Caudoviricetes
5516.AG.hifi_reads_s2838.ctg002845l||full	Caudoviricetes
5516.AG.hifi_reads_s2842.ctg002849l||full	Caudoviricetes
5516.AG.hifi_reads_s2845.ctg002852l||full	Caudoviricetes
5516.AG.hifi_reads_s2858.ctg002865l||full	Caudoviricetes
5516.AG.hifi_reads_s2860.ctg002867l||full	Caudoviricetes
5516.AG.hifi_reads_s2864.ctg002871l||full	Caudoviricetes
5516.AG.hifi_reads_s2894.ctg002901l||full	Caudoviricetes
5516.AG.hifi_reads_s2895.ctg002902l||full	Caudoviricetes
5516.AG.hifi_reads_s2930.ctg002938l||full	Caudoviricetes
5516.AG.hifi_reads_s2933.ctg002941l||full	Caudoviricetes
5516.AG.hifi_reads_s2936.ctg002944l||full	Caudoviricetes
5516.AG.hifi_reads_s2952.ctg002960l||full	Caudoviricetes
5516.AG.hifi_reads_s2976.ctg002984l||full	Caudoviricetes
5516.AG.hifi_reads_s3044.ctg003052l||full	Caudoviricetes
5516.AG.hifi_reads_s3045.ctg003053l||full	Caudoviricetes
5516.AG.hifi_reads_s3051.ctg003059l||full	Caudoviricetes
5516.AG.hifi_reads_s3068.ctg003076l||full	Caudoviricetes
5516.AG.hifi_reads_s3116.ctg003124l||full	Caudoviricetes
5516.AG.hifi_reads_s3152.ctg003160l||full	Caudoviricetes
5516.AG.hifi_reads_s3158.ctg003166l||full	Caudoviricetes
5516.AG.hifi_reads_s3160.ctg003168l||full	Caudoviricetes
5516.AG.hifi_reads_s3352.ctg003360l||full	Caudoviricetes
5516.AG.hifi_reads_s3365.ctg003373l||full	Caudoviricetes
5516.AG.hifi_reads_s3366.ctg003374l||full	Caudoviricetes
5516.AG.hifi_reads_s3379.ctg003387l||full	Caudoviricetes
5516.AG.hifi_reads_s3386.ctg003394l||full	Caudoviricetes
5516.AG.hifi_reads_s3403.ctg003411l||full	Caudoviricetes
5516.AG.hifi_reads_s3420.ctg003428l||full	Caudoviricetes
5516.AG.hifi_reads_s3431.ctg003439l||full	Caudoviricetes
5516.AG.hifi_reads_s3447.ctg003455l||full	Caudoviricetes
5516.AG.hifi_reads_s3525.ctg003533l||full	Caudoviricetes
5516.AG.hifi_reads_s3535.ctg003543l||full	Caudoviricetes
5516.AG.hifi_reads_s3551.ctg003559l||full	Caudoviricetes
5516.AG.hifi_reads_s3570.ctg003578l||full	Caudoviricetes
5516.AG.hifi_reads_s3642.ctg003650l||full	Caudoviricetes
5516.AG.hifi_reads_s3678.ctg003687l||full	Caudoviricetes
5516.AG.hifi_reads_s3697.ctg003706l||full	Caudoviricetes
5516.AG.hifi_reads_s3723.ctg003733l||full	Caudoviricetes
5516.AG.hifi_reads_s3736.ctg003746l||full	Caudoviricetes
5516.AG.hifi_reads_s3747.ctg003757l||full	Caudoviricetes
5516.AG.hifi_reads_s3764.ctg003774l||full	Caudoviricetes
5516.AG.hifi_reads_s1172.ctg001174l||0_partial	Caudoviricetes
5516.AH.hifi_reads_s32.ctg000033l||full_1	Caudoviricetes
5516.AH.hifi_reads_s34.ctg000035l||full_1	Caudoviricetes
5516.AH.hifi_reads_s245.ctg000246l||full_1	Caudoviricetes
5516.AH.hifi_reads_s289.ctg000290l||full_1	Caudoviricetes
5516.AH.hifi_reads_s323.ctg000324l||full_1	Caudoviricetes
5516.AH.hifi_reads_s521.ctg000522l||full_1	Caudoviricetes
5516.AH.hifi_reads_s567.ctg000568l||full_1	Caudoviricetes
5516.AH.hifi_reads_s652.ctg000653l||full_1	Caudoviricetes
5516.AH.hifi_reads_s955.ctg000957l||full_1	Caudoviricetes
5516.AH.hifi_reads_s1006.ctg001008l||full_1	Caudoviricetes
5516.AH.hifi_reads_s1205.ctg001207l||full_1	Caudoviricetes
5516.AH.hifi_reads_s1478.ctg001480l||full_1	Caudoviricetes
5516.AH.hifi_reads_s1653.ctg001655l||full_1	Caudoviricetes
5516.AH.hifi_reads_s2073.ctg002076l||full_1	Megaviricetes
5516.AH.hifi_reads_s2233.ctg002236l||full_1	Caudoviricetes
5516.AH.hifi_reads_s2311.ctg002314l||full_1	Caudoviricetes
5516.AH.hifi_reads_s2341.ctg002344l||full_1	Caudoviricetes
5516.AH.hifi_reads_s2629.ctg002632l||full_1	Caudoviricetes
5516.AH.hifi_reads_s2679.ctg002682l||full_1	Caudoviricetes
5516.AH.hifi_reads_s2848.ctg002851l||full_1	Caudoviricetes
5516.AH.hifi_reads_s3350.ctg003354l||full_1	Megaviricetes
5516.AH.hifi_reads_s3352.ctg003356l||full_1	Caudoviricetes
5516.AH.hifi_reads_s3665.ctg003669l||full_1	Caudoviricetes
5516.AH.hifi_reads_s3762.ctg003766l||full_1	Caudoviricetes
5516.AH.hifi_reads_s3803.ctg003807l||full_1	Caudoviricetes
5516.AH.hifi_reads_s4036.ctg004042l||full_1	Caudoviricetes
5516.AH.hifi_reads_s4485.ctg004492l||full_1	Caudoviricetes
5516.AH.hifi_reads_s4802.ctg004810l||full_1	Caudoviricetes
5516.AH.hifi_reads_s4864.ctg004873l||full_1	Caudoviricetes
5516.AH.hifi_reads_s4908.ctg004917l||full_1	Caudoviricetes
5516.AH.hifi_reads_s5446.ctg005455l||full_1	Caudoviricetes
5516.AH.hifi_reads_s5612.ctg005621l||full_1	Caudoviricetes
5516.AH.hifi_reads_s5628.ctg005638l||full_1	Caudoviricetes
5516.AH.hifi_reads_s5640.ctg005650l||full_1	Caudoviricetes
5516.AH.hifi_reads_s5702.ctg005712l||full_1	Caudoviricetes
5516.AH.hifi_reads_s6364.ctg006375l||full_1	Caudoviricetes
5516.AH.hifi_reads_s6430.ctg006441l||full_1	Caudoviricetes
5516.AH.hifi_reads_s6867.ctg006882l||full_1	Caudoviricetes
5516.AH.hifi_reads_s1655.ctg001657l||0_partial_1	Caudoviricetes
5516.AH.hifi_reads_s1082.ctg001084l||full	Caudoviricetes
5516.AH.hifi_reads_s1.ctg000002l||full	Caudoviricetes
5516.AH.hifi_reads_s16.ctg000017l||full	Caudoviricetes
5516.AH.hifi_reads_s70.ctg000071l||full	Caudoviricetes
5516.AH.hifi_reads_s78.ctg000079l||full	Caudoviricetes
5516.AH.hifi_reads_s113.ctg000114c||full	Caudoviricetes
5516.AH.hifi_reads_s117.ctg000118c||full	Caudoviricetes
5516.AH.hifi_reads_s146.ctg000147l||full	Caudoviricetes
5516.AH.hifi_reads_s156.ctg000157l||full	Caudoviricetes
5516.AH.hifi_reads_s168.ctg000169l||full	Caudoviricetes
5516.AH.hifi_reads_s172.ctg000173l||full	Caudoviricetes
5516.AH.hifi_reads_s176.ctg000177l||full	Caudoviricetes
5516.AH.hifi_reads_s190.ctg000191l||full	Caudoviricetes
5516.AH.hifi_reads_s199.ctg000200l||full	Caudoviricetes
5516.AH.hifi_reads_s229.ctg000230l||full	Caudoviricetes
5516.AH.hifi_reads_s232.ctg000233l||full	Caudoviricetes
5516.AH.hifi_reads_s233.ctg000234l||full	Caudoviricetes
5516.AH.hifi_reads_s240.ctg000241l||full	Caudoviricetes
5516.AH.hifi_reads_s260.ctg000261l||full	Caudoviricetes
5516.AH.hifi_reads_s278.ctg000279l||full	Caudoviricetes
5516.AH.hifi_reads_s288.ctg000289l||full	Caudoviricetes
5516.AH.hifi_reads_s309.ctg000310l||full	Caudoviricetes
5516.AH.hifi_reads_s384.ctg000385l||full	Caudoviricetes
5516.AH.hifi_reads_s482.ctg000483l||full	Caudoviricetes
5516.AH.hifi_reads_s518.ctg000519l||full	Caudoviricetes
5516.AH.hifi_reads_s545.ctg000546l||full	Caudoviricetes
5516.AH.hifi_reads_s559.ctg000560l||full	Caudoviricetes
5516.AH.hifi_reads_s574.ctg000575l||full	Caudoviricetes
5516.AH.hifi_reads_s579.ctg000580l||full	Caudoviricetes
5516.AH.hifi_reads_s617.ctg000618l||full	Caudoviricetes
5516.AH.hifi_reads_s621.ctg000622l||full	Caudoviricetes
5516.AH.hifi_reads_s661.ctg000662c||full	Caudoviricetes
5516.AH.hifi_reads_s678.ctg000679l||full	Caudoviricetes
5516.AH.hifi_reads_s712.ctg000713c||full	Caudoviricetes
5516.AH.hifi_reads_s727.ctg000728l||full	Caudoviricetes
5516.AH.hifi_reads_s728.ctg000729l||full	Caudoviricetes
5516.AH.hifi_reads_s737.ctg000738l||full	Caudoviricetes
5516.AH.hifi_reads_s751.ctg000752l||full	Caudoviricetes
5516.AH.hifi_reads_s764.ctg000765l||full	Caudoviricetes
5516.AH.hifi_reads_s790.ctg000791l||full	Caudoviricetes
5516.AH.hifi_reads_s804.ctg000805l||full	Caudoviricetes
5516.AH.hifi_reads_s840.ctg000841l||full	Caudoviricetes
5516.AH.hifi_reads_s855.ctg000856l||full	Caudoviricetes
5516.AH.hifi_reads_s857.ctg000858l||full	Caudoviricetes
5516.AH.hifi_reads_s858.ctg000859l||full	Caudoviricetes
5516.AH.hifi_reads_s867.ctg000868l||full	Caudoviricetes
5516.AH.hifi_reads_s876.ctg000878c||full	Caudoviricetes
5516.AH.hifi_reads_s882.ctg000884l||full	Caudoviricetes
5516.AH.hifi_reads_s889.ctg000891l||full	Caudoviricetes
5516.AH.hifi_reads_s904.ctg000906l||full	Caudoviricetes
5516.AH.hifi_reads_s916.ctg000918l||full	Caudoviricetes
5516.AH.hifi_reads_s920.ctg000922l||full	Caudoviricetes
5516.AH.hifi_reads_s965.ctg000967l||full	Caudoviricetes
5516.AH.hifi_reads_s988.ctg000990l||full	Caudoviricetes
5516.AH.hifi_reads_s1027.ctg001029l||full	Caudoviricetes
5516.AH.hifi_reads_s1046.ctg001048l||full	Caudoviricetes
5516.AH.hifi_reads_s1058.ctg001060l||full	Caudoviricetes
5516.AH.hifi_reads_s1087.ctg001089l||full	Caudoviricetes
5516.AH.hifi_reads_s1095.ctg001097l||full	Caudoviricetes
5516.AH.hifi_reads_s1099.ctg001101l||full	Caudoviricetes
5516.AH.hifi_reads_s1124.ctg001126l||full	Caudoviricetes
5516.AH.hifi_reads_s1128.ctg001130l||full	Caudoviricetes
5516.AH.hifi_reads_s1134.ctg001136l||full	Caudoviricetes
5516.AH.hifi_reads_s1140.ctg001142l||full	Caudoviricetes
5516.AH.hifi_reads_s1153.ctg001155l||full	Caudoviricetes
5516.AH.hifi_reads_s1159.ctg001161l||full	Caudoviricetes
5516.AH.hifi_reads_s1176.ctg001178l||full	Caudoviricetes
5516.AH.hifi_reads_s1198.ctg001200l||full	Caudoviricetes
5516.AH.hifi_reads_s1228.ctg001230l||full	Caudoviricetes
5516.AH.hifi_reads_s1233.ctg001235l||full	Caudoviricetes
5516.AH.hifi_reads_s1242.ctg001244l||full	Caudoviricetes
5516.AH.hifi_reads_s1243.ctg001245l||full	Caudoviricetes
5516.AH.hifi_reads_s1261.ctg001263l||full	Caudoviricetes
5516.AH.hifi_reads_s1262.ctg001264l||full	Caudoviricetes
5516.AH.hifi_reads_s1280.ctg001282l||full	Caudoviricetes
5516.AH.hifi_reads_s1287.ctg001289l||full	Caudoviricetes
5516.AH.hifi_reads_s1319.ctg001321l||full	Caudoviricetes
5516.AH.hifi_reads_s1339.ctg001341l||full	Caudoviricetes
5516.AH.hifi_reads_s1342.ctg001344l||full	Caudoviricetes
5516.AH.hifi_reads_s1366.ctg001368l||full	Caudoviricetes
5516.AH.hifi_reads_s1389.ctg001391l||full	Caudoviricetes
5516.AH.hifi_reads_s1413.ctg001415l||full	Caudoviricetes
5516.AH.hifi_reads_s1421.ctg001423l||full	Caudoviricetes
5516.AH.hifi_reads_s1429.ctg001431c||full	Caudoviricetes
5516.AH.hifi_reads_s1483.ctg001485l||full	Caudoviricetes
5516.AH.hifi_reads_s1502.ctg001504l||full	Caudoviricetes
5516.AH.hifi_reads_s1516.ctg001518l||full	Caudoviricetes
5516.AH.hifi_reads_s1518.ctg001520l||full	Caudoviricetes
5516.AH.hifi_reads_s1528.ctg001530l||full	Caudoviricetes
5516.AH.hifi_reads_s1532.ctg001534l||full	Caudoviricetes
5516.AH.hifi_reads_s1541.ctg001543l||full	Caudoviricetes
5516.AH.hifi_reads_s1554.ctg001556l||full	Caudoviricetes
5516.AH.hifi_reads_s1606.ctg001608l||full	Caudoviricetes
5516.AH.hifi_reads_s1620.ctg001622l||full	Caudoviricetes
5516.AH.hifi_reads_s1625.ctg001627l||full	Caudoviricetes
5516.AH.hifi_reads_s1642.ctg001644l||full	Caudoviricetes
5516.AH.hifi_reads_s1650.ctg001652l||full	Caudoviricetes
5516.AH.hifi_reads_s1659.ctg001661l||full	Caudoviricetes
5516.AH.hifi_reads_s1685.ctg001687l||full	Caudoviricetes
5516.AH.hifi_reads_s1724.ctg001726l||full	Caudoviricetes
5516.AH.hifi_reads_s1784.ctg001786l||full	Caudoviricetes
5516.AH.hifi_reads_s1792.ctg001794l||full	Caudoviricetes
5516.AH.hifi_reads_s1796.ctg001798l||full	Caudoviricetes
5516.AH.hifi_reads_s1814.ctg001816l||full	Caudoviricetes
5516.AH.hifi_reads_s1867.ctg001869l||full	Caudoviricetes
5516.AH.hifi_reads_s1912.ctg001915l||full	Caudoviricetes
5516.AH.hifi_reads_s1948.ctg001951l||full	Caudoviricetes
5516.AH.hifi_reads_s1957.ctg001960l||full	Caudoviricetes
5516.AH.hifi_reads_s1988.ctg001991l||full	Caudoviricetes
5516.AH.hifi_reads_s1992.ctg001995l||full	Caudoviricetes
5516.AH.hifi_reads_s1994.ctg001997l||full	Caudoviricetes
5516.AH.hifi_reads_s2012.ctg002015l||full	Caudoviricetes
5516.AH.hifi_reads_s2019.ctg002022l||full	Caudoviricetes
5516.AH.hifi_reads_s2040.ctg002043l||full	Caudoviricetes
5516.AH.hifi_reads_s2041.ctg002044l||full	Caudoviricetes
5516.AH.hifi_reads_s2055.ctg002058l||full	Caudoviricetes
5516.AH.hifi_reads_s2069.ctg002072l||full	Caudoviricetes
5516.AH.hifi_reads_s2071.ctg002074l||full	Caudoviricetes
5516.AH.hifi_reads_s2081.ctg002084l||full	Caudoviricetes
5516.AH.hifi_reads_s2087.ctg002090l||full	Caudoviricetes
5516.AH.hifi_reads_s2094.ctg002097l||full	Caudoviricetes
5516.AH.hifi_reads_s2102.ctg002105l||full	Caudoviricetes
5516.AH.hifi_reads_s2118.ctg002121l||full	Caudoviricetes
5516.AH.hifi_reads_s2129.ctg002132l||full	Caudoviricetes
5516.AH.hifi_reads_s2137.ctg002140l||full	Caudoviricetes
5516.AH.hifi_reads_s2188.ctg002191l||full	Caudoviricetes
5516.AH.hifi_reads_s2260.ctg002263l||full	Caudoviricetes
5516.AH.hifi_reads_s2277.ctg002280l||full	Caudoviricetes
5516.AH.hifi_reads_s2335.ctg002338l||full	Caudoviricetes
5516.AH.hifi_reads_s2407.ctg002410c||full	Caudoviricetes
5516.AH.hifi_reads_s2431.ctg002434l||full	Caudoviricetes
5516.AH.hifi_reads_s2493.ctg002496l||full	Caudoviricetes
5516.AH.hifi_reads_s2519.ctg002522l||full	Caudoviricetes
5516.AH.hifi_reads_s2521.ctg002524l||full	Caudoviricetes
5516.AH.hifi_reads_s2552.ctg002555l||full	Caudoviricetes
5516.AH.hifi_reads_s2588.ctg002591l||full	Caudoviricetes
5516.AH.hifi_reads_s2617.ctg002620l||full	Caudoviricetes
5516.AH.hifi_reads_s2623.ctg002626l||full	Caudoviricetes
5516.AH.hifi_reads_s2625.ctg002628l||full	Caudoviricetes
5516.AH.hifi_reads_s2632.ctg002635l||full	Caudoviricetes
5516.AH.hifi_reads_s2699.ctg002702l||full	Caudoviricetes
5516.AH.hifi_reads_s2715.ctg002718l||full	Caudoviricetes
5516.AH.hifi_reads_s2733.ctg002736l||full	Caudoviricetes
5516.AH.hifi_reads_s2747.ctg002750l||full	Caudoviricetes
5516.AH.hifi_reads_s2755.ctg002758l||full	Caudoviricetes
5516.AH.hifi_reads_s2789.ctg002792l||full	Caudoviricetes
5516.AH.hifi_reads_s2809.ctg002812l||full	Caudoviricetes
5516.AH.hifi_reads_s2839.ctg002842l||full	Megaviricetes
5516.AH.hifi_reads_s2862.ctg002865l||full	Caudoviricetes
5516.AH.hifi_reads_s2869.ctg002872l||full	Megaviricetes
5516.AH.hifi_reads_s2895.ctg002898l||full	Caudoviricetes
5516.AH.hifi_reads_s2925.ctg002928l||full	Caudoviricetes
5516.AH.hifi_reads_s2932.ctg002935l||full	Caudoviricetes
5516.AH.hifi_reads_s2941.ctg002944l||full	Caudoviricetes
5516.AH.hifi_reads_s2964.ctg002967l||full	Caudoviricetes
5516.AH.hifi_reads_s3004.ctg003007l||full	Caudoviricetes
5516.AH.hifi_reads_s3033.ctg003036l||full	Caudoviricetes
5516.AH.hifi_reads_s3052.ctg003055l||full	Caudoviricetes
5516.AH.hifi_reads_s3088.ctg003091l||full	Caudoviricetes
5516.AH.hifi_reads_s3110.ctg003113l||full	Caudoviricetes
5516.AH.hifi_reads_s3122.ctg003125l||full	Caudoviricetes
5516.AH.hifi_reads_s3151.ctg003154l||full	Caudoviricetes
5516.AH.hifi_reads_s3152.ctg003155l||full	Caudoviricetes
5516.AH.hifi_reads_s3159.ctg003162l||full	Caudoviricetes
5516.AH.hifi_reads_s3195.ctg003198l||full	Caudoviricetes
5516.AH.hifi_reads_s3246.ctg003249l||full	Caudoviricetes
5516.AH.hifi_reads_s3268.ctg003271l||full	Caudoviricetes
5516.AH.hifi_reads_s3308.ctg003312l||full	Caudoviricetes
5516.AH.hifi_reads_s3322.ctg003326l||full	Caudoviricetes
5516.AH.hifi_reads_s3338.ctg003342l||full	Caudoviricetes
5516.AH.hifi_reads_s3372.ctg003376l||full	Caudoviricetes
5516.AH.hifi_reads_s3377.ctg003381l||full	Caudoviricetes
5516.AH.hifi_reads_s3414.ctg003418l||full	Caudoviricetes
5516.AH.hifi_reads_s3415.ctg003419l||full	Caudoviricetes
5516.AH.hifi_reads_s3447.ctg003451l||full	Caudoviricetes
5516.AH.hifi_reads_s3454.ctg003458l||full	Caudoviricetes
5516.AH.hifi_reads_s3460.ctg003464l||full	Caudoviricetes
5516.AH.hifi_reads_s3462.ctg003466l||full	Caudoviricetes
5516.AH.hifi_reads_s3463.ctg003467l||full	Caudoviricetes
5516.AH.hifi_reads_s3468.ctg003472l||full	Caudoviricetes
5516.AH.hifi_reads_s3475.ctg003479l||full	Caudoviricetes
5516.AH.hifi_reads_s3476.ctg003480l||full	Caudoviricetes
5516.AH.hifi_reads_s3489.ctg003493l||full	Caudoviricetes
5516.AH.hifi_reads_s3491.ctg003495l||full	Caudoviricetes
5516.AH.hifi_reads_s3510.ctg003514l||full	Caudoviricetes
5516.AH.hifi_reads_s3529.ctg003533l||full	Caudoviricetes
5516.AH.hifi_reads_s3571.ctg003575l||full	Caudoviricetes
5516.AH.hifi_reads_s3578.ctg003582l||full	Caudoviricetes
5516.AH.hifi_reads_s3593.ctg003597l||full	Caudoviricetes
5516.AH.hifi_reads_s3596.ctg003600l||full	Caudoviricetes
5516.AH.hifi_reads_s3616.ctg003620l||full	Caudoviricetes
5516.AH.hifi_reads_s3642.ctg003646l||full	Caudoviricetes
5516.AH.hifi_reads_s3643.ctg003647l||full	Caudoviricetes
5516.AH.hifi_reads_s3650.ctg003654l||full	Caudoviricetes
5516.AH.hifi_reads_s3699.ctg003703l||full	Caudoviricetes
5516.AH.hifi_reads_s3716.ctg003720l||full	Caudoviricetes
5516.AH.hifi_reads_s3722.ctg003726l||full	Caudoviricetes
5516.AH.hifi_reads_s3724.ctg003728l||full	Caudoviricetes
5516.AH.hifi_reads_s3729.ctg003733l||full	Caudoviricetes
5516.AH.hifi_reads_s3732.ctg003736l||full	Caudoviricetes
5516.AH.hifi_reads_s3755.ctg003759l||full	Caudoviricetes
5516.AH.hifi_reads_s3781.ctg003785l||full	Caudoviricetes
5516.AH.hifi_reads_s3793.ctg003797l||full	Caudoviricetes
5516.AH.hifi_reads_s3821.ctg003825l||full	Caudoviricetes
5516.AH.hifi_reads_s3835.ctg003839l||full	Caudoviricetes
5516.AH.hifi_reads_s3841.ctg003845l||full	Caudoviricetes
5516.AH.hifi_reads_s3974.ctg003978l||full	Caudoviricetes
5516.AH.hifi_reads_s3996.ctg004001l||full	Caudoviricetes
5516.AH.hifi_reads_s4042.ctg004048l||full	Caudoviricetes
5516.AH.hifi_reads_s4047.ctg004053l||full	Caudoviricetes
5516.AH.hifi_reads_s4061.ctg004067l||full	Caudoviricetes
5516.AH.hifi_reads_s4071.ctg004077l||full	Caudoviricetes
5516.AH.hifi_reads_s4076.ctg004082l||full	Caudoviricetes
5516.AH.hifi_reads_s4106.ctg004112l||full	Caudoviricetes
5516.AH.hifi_reads_s4114.ctg004120l||full	Caudoviricetes
5516.AH.hifi_reads_s4135.ctg004141l||full	Caudoviricetes
5516.AH.hifi_reads_s4171.ctg004178l||full	Caudoviricetes
5516.AH.hifi_reads_s4177.ctg004184l||full	Caudoviricetes
5516.AH.hifi_reads_s4183.ctg004190l||full	Caudoviricetes
5516.AH.hifi_reads_s4193.ctg004200l||full	Caudoviricetes
5516.AH.hifi_reads_s4229.ctg004236l||full	Caudoviricetes
5516.AH.hifi_reads_s4255.ctg004262l||full	Caudoviricetes
5516.AH.hifi_reads_s4272.ctg004279l||full	Caudoviricetes
5516.AH.hifi_reads_s4282.ctg004289l||full	Caudoviricetes
5516.AH.hifi_reads_s4293.ctg004300l||full	Caudoviricetes
5516.AH.hifi_reads_s4307.ctg004314l||full	Caudoviricetes
5516.AH.hifi_reads_s4308.ctg004315l||full	Caudoviricetes
5516.AH.hifi_reads_s4338.ctg004345l||full	Caudoviricetes
5516.AH.hifi_reads_s4369.ctg004376l||full	Caudoviricetes
5516.AH.hifi_reads_s4386.ctg004393l||full	Caudoviricetes
5516.AH.hifi_reads_s4410.ctg004417l||full	Caudoviricetes
5516.AH.hifi_reads_s4415.ctg004422l||full	Caudoviricetes
5516.AH.hifi_reads_s4433.ctg004440l||full	Caudoviricetes
5516.AH.hifi_reads_s4435.ctg004442l||full	Caudoviricetes
5516.AH.hifi_reads_s4459.ctg004466l||full	Caudoviricetes
5516.AH.hifi_reads_s4483.ctg004490l||full	Caudoviricetes
5516.AH.hifi_reads_s4498.ctg004505l||full	Caudoviricetes
5516.AH.hifi_reads_s4503.ctg004510l||full	Caudoviricetes
5516.AH.hifi_reads_s4535.ctg004542l||full	Caudoviricetes
5516.AH.hifi_reads_s4550.ctg004557l||full	Caudoviricetes
5516.AH.hifi_reads_s4585.ctg004593l||full	Caudoviricetes
5516.AH.hifi_reads_s4590.ctg004598l||full	Caudoviricetes
5516.AH.hifi_reads_s4595.ctg004603c||full	Caudoviricetes
5516.AH.hifi_reads_s4614.ctg004622l||full	Caudoviricetes
5516.AH.hifi_reads_s4659.ctg004667l||full	Caudoviricetes
5516.AH.hifi_reads_s4679.ctg004687l||full	Caudoviricetes
5516.AH.hifi_reads_s4697.ctg004705l||full	Caudoviricetes
5516.AH.hifi_reads_s4709.ctg004717l||full	Caudoviricetes
5516.AH.hifi_reads_s4742.ctg004750l||full	Caudoviricetes
5516.AH.hifi_reads_s4762.ctg004770l||full	Caudoviricetes
5516.AH.hifi_reads_s4798.ctg004806l||full	Caudoviricetes
5516.AH.hifi_reads_s4824.ctg004833l||full	Caudoviricetes
5516.AH.hifi_reads_s4854.ctg004863l||full	Caudoviricetes
5516.AH.hifi_reads_s4863.ctg004872l||full	Caudoviricetes
5516.AH.hifi_reads_s4878.ctg004887l||full	Caudoviricetes
5516.AH.hifi_reads_s4893.ctg004902l||full	Caudoviricetes
5516.AH.hifi_reads_s4901.ctg004910l||full	Caudoviricetes
5516.AH.hifi_reads_s4906.ctg004915l||full	Caudoviricetes
5516.AH.hifi_reads_s4939.ctg004948l||full	Caudoviricetes
5516.AH.hifi_reads_s5054.ctg005063l||full	Caudoviricetes
5516.AH.hifi_reads_s5068.ctg005077l||full	Caudoviricetes
5516.AH.hifi_reads_s5086.ctg005095l||full	Caudoviricetes
5516.AH.hifi_reads_s5128.ctg005137l||full	Caudoviricetes
5516.AH.hifi_reads_s5189.ctg005198l||full	Caudoviricetes
5516.AH.hifi_reads_s5194.ctg005203l||full	Megaviricetes
5516.AH.hifi_reads_s5198.ctg005207l||full	Caudoviricetes
5516.AH.hifi_reads_s5199.ctg005208l||full	Caudoviricetes
5516.AH.hifi_reads_s5202.ctg005211l||full	Caudoviricetes
5516.AH.hifi_reads_s5246.ctg005255l||full	Caudoviricetes
5516.AH.hifi_reads_s5261.ctg005270l||full	Caudoviricetes
5516.AH.hifi_reads_s5289.ctg005298l||full	Caudoviricetes
5516.AH.hifi_reads_s5297.ctg005306l||full	Caudoviricetes
5516.AH.hifi_reads_s5302.ctg005311l||full	Caudoviricetes
5516.AH.hifi_reads_s5319.ctg005328l||full	Caudoviricetes
5516.AH.hifi_reads_s5349.ctg005358l||full	Caudoviricetes
5516.AH.hifi_reads_s5421.ctg005430l||full	Caudoviricetes
5516.AH.hifi_reads_s5478.ctg005487l||full	Caudoviricetes
5516.AH.hifi_reads_s5510.ctg005519l||full	Caudoviricetes
5516.AH.hifi_reads_s5530.ctg005539l||full	Caudoviricetes
5516.AH.hifi_reads_s5546.ctg005555l||full	Caudoviricetes
5516.AH.hifi_reads_s5593.ctg005602c||full	Caudoviricetes
5516.AH.hifi_reads_s5627.ctg005637l||full	Caudoviricetes
5516.AH.hifi_reads_s5660.ctg005670l||full	Caudoviricetes
5516.AH.hifi_reads_s5710.ctg005720l||full	Caudoviricetes
5516.AH.hifi_reads_s5730.ctg005740l||full	Caudoviricetes
5516.AH.hifi_reads_s5743.ctg005753l||full	Caudoviricetes
5516.AH.hifi_reads_s5754.ctg005764l||full	Caudoviricetes
5516.AH.hifi_reads_s5783.ctg005793l||full	Caudoviricetes
5516.AH.hifi_reads_s5786.ctg005796l||full	Caudoviricetes
5516.AH.hifi_reads_s5806.ctg005816l||full	Caudoviricetes
5516.AH.hifi_reads_s5823.ctg005833l||full	Caudoviricetes
5516.AH.hifi_reads_s5838.ctg005848l||full	Caudoviricetes
5516.AH.hifi_reads_s5851.ctg005861l||full	Caudoviricetes
5516.AH.hifi_reads_s5867.ctg005877l||full	Caudoviricetes
5516.AH.hifi_reads_s5876.ctg005886l||full	Caudoviricetes
5516.AH.hifi_reads_s5889.ctg005899l||full	Caudoviricetes
5516.AH.hifi_reads_s5899.ctg005909l||full	Caudoviricetes
5516.AH.hifi_reads_s5904.ctg005914l||full	Caudoviricetes
5516.AH.hifi_reads_s5943.ctg005953l||full	Caudoviricetes
5516.AH.hifi_reads_s5966.ctg005976l||full	Caudoviricetes
5516.AH.hifi_reads_s5986.ctg005996l||full	Caudoviricetes
5516.AH.hifi_reads_s5987.ctg005997l||full	Caudoviricetes
5516.AH.hifi_reads_s5989.ctg005999l||full	Caudoviricetes
5516.AH.hifi_reads_s6020.ctg006030l||full	Caudoviricetes
5516.AH.hifi_reads_s6021.ctg006031l||full	Caudoviricetes
5516.AH.hifi_reads_s6038.ctg006048l||full	Caudoviricetes
5516.AH.hifi_reads_s6039.ctg006049l||full	Caudoviricetes
5516.AH.hifi_reads_s6044.ctg006054l||full	Caudoviricetes
5516.AH.hifi_reads_s6055.ctg006065l||full	Caudoviricetes
5516.AH.hifi_reads_s6093.ctg006104l||full	Caudoviricetes
5516.AH.hifi_reads_s6119.ctg006130l||full	Caudoviricetes
5516.AH.hifi_reads_s6129.ctg006140l||full	Caudoviricetes
5516.AH.hifi_reads_s6180.ctg006191l||full	Caudoviricetes
5516.AH.hifi_reads_s6188.ctg006199l||full	Caudoviricetes
5516.AH.hifi_reads_s6208.ctg006219l||full	Caudoviricetes
5516.AH.hifi_reads_s6215.ctg006226l||full	Caudoviricetes
5516.AH.hifi_reads_s6232.ctg006243l||full	Caudoviricetes
5516.AH.hifi_reads_s6241.ctg006252l||full	Caudoviricetes
5516.AH.hifi_reads_s6289.ctg006300l||full	Caudoviricetes
5516.AH.hifi_reads_s6314.ctg006325l||full	Caudoviricetes
5516.AH.hifi_reads_s6320.ctg006331l||full	Caudoviricetes
5516.AH.hifi_reads_s6334.ctg006345l||full	Caudoviricetes
5516.AH.hifi_reads_s6401.ctg006412l||full	Caudoviricetes
5516.AH.hifi_reads_s6418.ctg006429l||full	Caudoviricetes
5516.AH.hifi_reads_s6429.ctg006440l||full	Caudoviricetes
5516.AH.hifi_reads_s6453.ctg006464l||full	Caudoviricetes
5516.AH.hifi_reads_s6463.ctg006474l||full	Caudoviricetes
5516.AH.hifi_reads_s6467.ctg006478l||full	Caudoviricetes
5516.AH.hifi_reads_s6481.ctg006492l||full	Caudoviricetes
5516.AH.hifi_reads_s6499.ctg006511l||full	Caudoviricetes
5516.AH.hifi_reads_s6516.ctg006528l||full	Caudoviricetes
5516.AH.hifi_reads_s6558.ctg006571l||full	Caudoviricetes
5516.AH.hifi_reads_s6582.ctg006595l||full	Caudoviricetes
5516.AH.hifi_reads_s6608.ctg006622l||full	Caudoviricetes
5516.AH.hifi_reads_s6618.ctg006632l||full	Caudoviricetes
5516.AH.hifi_reads_s6625.ctg006639l||full	Caudoviricetes
5516.AH.hifi_reads_s6668.ctg006682l||full	Caudoviricetes
5516.AH.hifi_reads_s6697.ctg006711l||full	Megaviricetes
5516.AH.hifi_reads_s6700.ctg006714l||full	Caudoviricetes
5516.AH.hifi_reads_s6710.ctg006724l||full	Caudoviricetes
5516.AH.hifi_reads_s6740.ctg006754l||full	Caudoviricetes
5516.AH.hifi_reads_s6750.ctg006764l||full	Caudoviricetes
5516.AH.hifi_reads_s6758.ctg006772l||full	Caudoviricetes
5516.AH.hifi_reads_s6759.ctg006773l||full	Caudoviricetes
5516.AH.hifi_reads_s6780.ctg006794l||full	Caudoviricetes
5516.AH.hifi_reads_s6792.ctg006806l||full	Caudoviricetes
5516.AH.hifi_reads_s849.ctg006810l||full	Caudoviricetes
5516.AH.hifi_reads_s6830.ctg006845l||full	Caudoviricetes
5516.AH.hifi_reads_s6860.ctg006875l||full	Caudoviricetes
5516.AH.hifi_reads_s6908.ctg006923l||full	Caudoviricetes
5516.AH.hifi_reads_s7016.ctg007031l||full	Caudoviricetes
5516.AH.hifi_reads_s7023.ctg007038l||full	Caudoviricetes
5516.A.hifi_reads_s3.ctg000004l||full_1	Caudoviricetes
5516.A.hifi_reads_s181.ctg000183l||full_1	Caudoviricetes
5516.A.hifi_reads_s437.ctg000444l||full_1	Caudoviricetes
5516.A.hifi_reads_s566.ctg000575l||full_1	Caudoviricetes
5516.A.hifi_reads_s749.ctg000758l||full_1	Caudoviricetes
5516.A.hifi_reads_s1421.ctg001436l||full_1	Caudoviricetes
5516.A.hifi_reads_s1690.ctg001710l||full_1	Caudoviricetes
5516.A.hifi_reads_s1851.ctg001872l||full_1	Caudoviricetes
5516.A.hifi_reads_s1950.ctg001972l||full_1	Caudoviricetes
5516.A.hifi_reads_s2309.ctg002334l||full_1	Caudoviricetes
5516.A.hifi_reads_s631.ctg000640l||full	Caudoviricetes
5516.A.hifi_reads_s728.ctg000737c||full	Caudoviricetes
5516.A.hifi_reads_s20.ctg000021l||full	Caudoviricetes
5516.A.hifi_reads_s31.ctg000032c||full	Caudoviricetes
5516.A.hifi_reads_s34.ctg000035l||full	Caudoviricetes
5516.A.hifi_reads_s43.ctg000044l||full	Caudoviricetes
5516.A.hifi_reads_s47.ctg000048l||full	Caudoviricetes
5516.A.hifi_reads_s48.ctg000049l||full	Caudoviricetes
5516.A.hifi_reads_s115.ctg000116c||full	Caudoviricetes
5516.A.hifi_reads_s125.ctg000126c||full	Caudoviricetes
5516.A.hifi_reads_s145.ctg000146l||full	Caudoviricetes
5516.A.hifi_reads_s147.ctg000148c||full	Caudoviricetes
5516.A.hifi_reads_s153.ctg000154l||full	Caudoviricetes
5516.A.hifi_reads_s160.ctg000161l||full	Caudoviricetes
5516.A.hifi_reads_s215.ctg000218l||full	Caudoviricetes
5516.A.hifi_reads_s219.ctg000223c||full	Caudoviricetes
5516.A.hifi_reads_s220.ctg000224l||full	Caudoviricetes
5516.A.hifi_reads_s229.ctg000233l||full	Caudoviricetes
5516.A.hifi_reads_s235.ctg000239l||full	Caudoviricetes
5516.A.hifi_reads_s244.ctg000249l||full	Caudoviricetes
5516.A.hifi_reads_s255.ctg000260l||full	Caudoviricetes
5516.A.hifi_reads_s263.ctg000268l||full	Caudoviricetes
5516.A.hifi_reads_s265.ctg000270l||full	Caudoviricetes
5516.A.hifi_reads_s279.ctg000285l||full	Caudoviricetes
5516.A.hifi_reads_s290.ctg000296c||full	Caudoviricetes
5516.A.hifi_reads_s293.ctg000299l||full	Caudoviricetes
5516.A.hifi_reads_s296.ctg000302l||full	Caudoviricetes
5516.A.hifi_reads_s299.ctg000305l||full	Caudoviricetes
5516.A.hifi_reads_s302.ctg000308l||full	Caudoviricetes
5516.A.hifi_reads_s319.ctg000325l||full	Caudoviricetes
5516.A.hifi_reads_s320.ctg000326l||full	Caudoviricetes
5516.A.hifi_reads_s324.ctg000330l||full	Caudoviricetes
5516.A.hifi_reads_s332.ctg000338c||full	Caudoviricetes
5516.A.hifi_reads_s349.ctg000355l||full	Caudoviricetes
5516.A.hifi_reads_s362.ctg000368l||full	Caudoviricetes
5516.A.hifi_reads_s363.ctg000369l||full	Caudoviricetes
5516.A.hifi_reads_s368.ctg000374c||full	Caudoviricetes
5516.A.hifi_reads_s369.ctg000375l||full	Caudoviricetes
5516.A.hifi_reads_s374.ctg000380l||full	Caudoviricetes
5516.A.hifi_reads_s377.ctg000383l||full	Caudoviricetes
5516.A.hifi_reads_s393.ctg000399l||full	Caudoviricetes
5516.A.hifi_reads_s422.ctg000429c||full	Caudoviricetes
5516.A.hifi_reads_s455.ctg000464l||full	Caudoviricetes
5516.A.hifi_reads_s463.ctg000472l||full	Caudoviricetes
5516.A.hifi_reads_s474.ctg000483l||full	Caudoviricetes
5516.A.hifi_reads_s482.ctg000491l||full	Caudoviricetes
5516.A.hifi_reads_s484.ctg000493l||full	Caudoviricetes
5516.A.hifi_reads_s485.ctg000494c||full	Caudoviricetes
5516.A.hifi_reads_s487.ctg000496l||full	Caudoviricetes
5516.A.hifi_reads_s494.ctg000503l||full	Caudoviricetes
5516.A.hifi_reads_s510.ctg000519l||full	Caudoviricetes
5516.A.hifi_reads_s511.ctg000520c||full	Caudoviricetes
5516.A.hifi_reads_s519.ctg000528l||full	Caudoviricetes
5516.A.hifi_reads_s523.ctg000532l||full	Caudoviricetes
5516.A.hifi_reads_s525.ctg000534l||full	Caudoviricetes
5516.A.hifi_reads_s545.ctg000554l||full	Caudoviricetes
5516.A.hifi_reads_s548.ctg000557l||full	Caudoviricetes
5516.A.hifi_reads_s549.ctg000558l||full	Caudoviricetes
5516.A.hifi_reads_s581.ctg000590l||full	Caudoviricetes
5516.A.hifi_reads_s592.ctg000601l||full	Caudoviricetes
5516.A.hifi_reads_s605.ctg000614l||full	Caudoviricetes
5516.A.hifi_reads_s607.ctg000616l||full	Caudoviricetes
5516.A.hifi_reads_s614.ctg000623l||full	Caudoviricetes
5516.A.hifi_reads_s617.ctg000626l||full	Caudoviricetes
5516.A.hifi_reads_s632.ctg000641l||full	Caudoviricetes
5516.A.hifi_reads_s651.ctg000660l||full	Caudoviricetes
5516.A.hifi_reads_s657.ctg000666l||full	Caudoviricetes
5516.A.hifi_reads_s667.ctg000676l||full	Caudoviricetes
5516.A.hifi_reads_s679.ctg000688l||full	Caudoviricetes
5516.A.hifi_reads_s692.ctg000701l||full	Caudoviricetes
5516.A.hifi_reads_s702.ctg000711l||full	Caudoviricetes
5516.A.hifi_reads_s711.ctg000720l||full	Caudoviricetes
5516.A.hifi_reads_s737.ctg000746l||full	Caudoviricetes
5516.A.hifi_reads_s738.ctg000747l||full	Caudoviricetes
5516.A.hifi_reads_s745.ctg000754c||full	Caudoviricetes
5516.A.hifi_reads_s768.ctg000777l||full	Caudoviricetes
5516.A.hifi_reads_s770.ctg000779l||full	Caudoviricetes
5516.A.hifi_reads_s775.ctg000785l||full	Caudoviricetes
5516.A.hifi_reads_s789.ctg000799l||full	Caudoviricetes
5516.A.hifi_reads_s791.ctg000801l||full	Caudoviricetes
5516.A.hifi_reads_s807.ctg000817l||full	Caudoviricetes
5516.A.hifi_reads_s809.ctg000819l||full	Caudoviricetes
5516.A.hifi_reads_s811.ctg000821l||full	Caudoviricetes
5516.A.hifi_reads_s825.ctg000835l||full	Caudoviricetes
5516.A.hifi_reads_s835.ctg000845l||full	Caudoviricetes
5516.A.hifi_reads_s837.ctg000847l||full	Caudoviricetes
5516.A.hifi_reads_s877.ctg000887l||full	Caudoviricetes
5516.A.hifi_reads_s900.ctg000910l||full	Caudoviricetes
5516.A.hifi_reads_s907.ctg000917l||full	Caudoviricetes
5516.A.hifi_reads_s928.ctg000938l||full	Caudoviricetes
5516.A.hifi_reads_s929.ctg000939l||full	Caudoviricetes
5516.A.hifi_reads_s948.ctg000958l||full	Caudoviricetes
5516.A.hifi_reads_s954.ctg000964l||full	Caudoviricetes
5516.A.hifi_reads_s963.ctg000973l||full	Caudoviricetes
5516.A.hifi_reads_s969.ctg000979l||full	Caudoviricetes
5516.A.hifi_reads_s970.ctg000980l||full	Caudoviricetes
5516.A.hifi_reads_s973.ctg000983l||full	Caudoviricetes
5516.A.hifi_reads_s1004.ctg001014l||full	Caudoviricetes
5516.A.hifi_reads_s1006.ctg001016l||full	Caudoviricetes
5516.A.hifi_reads_s1007.ctg001017l||full	Caudoviricetes
5516.A.hifi_reads_s1015.ctg001025l||full	Caudoviricetes
5516.A.hifi_reads_s1016.ctg001026c||full	Caudoviricetes
5516.A.hifi_reads_s1028.ctg001039l||full	Caudoviricetes
5516.A.hifi_reads_s1035.ctg001046l||full	Caudoviricetes
5516.A.hifi_reads_s1045.ctg001056l||full	Caudoviricetes
5516.A.hifi_reads_s1082.ctg001095l||full	Caudoviricetes
5516.A.hifi_reads_s1083.ctg001096l||full	Caudoviricetes
5516.A.hifi_reads_s1154.ctg001167l||full	Caudoviricetes
5516.A.hifi_reads_s1164.ctg001178l||full	Caudoviricetes
5516.A.hifi_reads_s1186.ctg001200l||full	Caudoviricetes
5516.A.hifi_reads_s1192.ctg001206l||full	Caudoviricetes
5516.A.hifi_reads_s1196.ctg001210l||full	Caudoviricetes
5516.A.hifi_reads_s1205.ctg001219l||full	Caudoviricetes
5516.A.hifi_reads_s1208.ctg001222l||full	Caudoviricetes
5516.A.hifi_reads_s1212.ctg001226l||full	Caudoviricetes
5516.A.hifi_reads_s1213.ctg001227l||full	Caudoviricetes
5516.A.hifi_reads_s1214.ctg001228l||full	Caudoviricetes
5516.A.hifi_reads_s1239.ctg001253l||full	Caudoviricetes
5516.A.hifi_reads_s1241.ctg001255l||full	Caudoviricetes
5516.A.hifi_reads_s1245.ctg001259l||full	Caudoviricetes
5516.A.hifi_reads_s1250.ctg001264c||full	Caudoviricetes
5516.A.hifi_reads_s1253.ctg001267c||full	Caudoviricetes
5516.A.hifi_reads_s1276.ctg001290l||full	Caudoviricetes
5516.A.hifi_reads_s1289.ctg001303l||full	Caudoviricetes
5516.A.hifi_reads_s1301.ctg001315l||full	Caudoviricetes
5516.A.hifi_reads_s1307.ctg001321l||full	Caudoviricetes
5516.A.hifi_reads_s1313.ctg001327l||full	Caudoviricetes
5516.A.hifi_reads_s1321.ctg001335l||full	Caudoviricetes
5516.A.hifi_reads_s1339.ctg001353l||full	Caudoviricetes
5516.A.hifi_reads_s1367.ctg001382l||full	Caudoviricetes
5516.A.hifi_reads_s1373.ctg001388l||full	Caudoviricetes
5516.A.hifi_reads_s1387.ctg001402l||full	Caudoviricetes
5516.A.hifi_reads_s1392.ctg001407l||full	Caudoviricetes
5516.A.hifi_reads_s1429.ctg001444l||full	Caudoviricetes
5516.A.hifi_reads_s1447.ctg001463l||full	Caudoviricetes
5516.A.hifi_reads_s1480.ctg001497l||full	Caudoviricetes
5516.A.hifi_reads_s1492.ctg001509c||full	Caudoviricetes
5516.A.hifi_reads_s1499.ctg001516l||full	Caudoviricetes
5516.A.hifi_reads_s1501.ctg001518l||full	Caudoviricetes
5516.A.hifi_reads_s1512.ctg001529l||full	Caudoviricetes
5516.A.hifi_reads_s1524.ctg001541l||full	Caudoviricetes
5516.A.hifi_reads_s1526.ctg001543l||full	Caudoviricetes
5516.A.hifi_reads_s1528.ctg001545l||full	Caudoviricetes
5516.A.hifi_reads_s1529.ctg001546l||full	Caudoviricetes
5516.A.hifi_reads_s1536.ctg001553l||full	Caudoviricetes
5516.A.hifi_reads_s1560.ctg001578l||full	Caudoviricetes
5516.A.hifi_reads_s1580.ctg001598l||full	Caudoviricetes
5516.A.hifi_reads_s1588.ctg001606l||full	Caudoviricetes
5516.A.hifi_reads_s1603.ctg001621l||full	Caudoviricetes
5516.A.hifi_reads_s1616.ctg001634l||full	Caudoviricetes
5516.A.hifi_reads_s1638.ctg001656l||full	Caudoviricetes
5516.A.hifi_reads_s1681.ctg001700l||full	Caudoviricetes
5516.A.hifi_reads_s1682.ctg001701l||full	Caudoviricetes
5516.A.hifi_reads_s1718.ctg001738l||full	Caudoviricetes
5516.A.hifi_reads_s1724.ctg001744l||full	Caudoviricetes
5516.A.hifi_reads_s1729.ctg001749l||full	Caudoviricetes
5516.A.hifi_reads_s1746.ctg001766l||full	Caudoviricetes
5516.A.hifi_reads_s1783.ctg001803l||full	Caudoviricetes
5516.A.hifi_reads_s1790.ctg001810l||full	Caudoviricetes
5516.A.hifi_reads_s1811.ctg001831l||full	Caudoviricetes
5516.A.hifi_reads_s1834.ctg001855l||full	Caudoviricetes
5516.A.hifi_reads_s1840.ctg001861l||full	Caudoviricetes
5516.A.hifi_reads_s1853.ctg001874l||full	Caudoviricetes
5516.A.hifi_reads_s1864.ctg001885l||full	Caudoviricetes
5516.A.hifi_reads_s1870.ctg001891l||full	Caudoviricetes
5516.A.hifi_reads_s1872.ctg001893l||full	Caudoviricetes
5516.A.hifi_reads_s1880.ctg001901l||full	Caudoviricetes
5516.A.hifi_reads_s1884.ctg001905l||full	Caudoviricetes
5516.A.hifi_reads_s1886.ctg001907l||full	Caudoviricetes
5516.A.hifi_reads_s1890.ctg001911l||full	Caudoviricetes
5516.A.hifi_reads_s1914.ctg001935l||full	Caudoviricetes
5516.A.hifi_reads_s1916.ctg001937l||full	Caudoviricetes
5516.A.hifi_reads_s1937.ctg001959l||full	Caudoviricetes
5516.A.hifi_reads_s1948.ctg001970l||full	Caudoviricetes
5516.A.hifi_reads_s1951.ctg001973l||full	Caudoviricetes
5516.A.hifi_reads_s1953.ctg001975l||full	Caudoviricetes
5516.A.hifi_reads_s1965.ctg001987l||full	Caudoviricetes
5516.A.hifi_reads_s1969.ctg001991c||full	Caudoviricetes
5516.A.hifi_reads_s1972.ctg001994l||full	Caudoviricetes
5516.A.hifi_reads_s1976.ctg001998l||full	Caudoviricetes
5516.A.hifi_reads_s2001.ctg002023l||full	Caudoviricetes
5516.A.hifi_reads_s2003.ctg002025l||full	Caudoviricetes
5516.A.hifi_reads_s2021.ctg002043c||full	Caudoviricetes
5516.A.hifi_reads_s2028.ctg002050l||full	Caudoviricetes
5516.A.hifi_reads_s2032.ctg002054l||full	Caudoviricetes
5516.A.hifi_reads_s2033.ctg002055l||full	Caudoviricetes
5516.A.hifi_reads_s2064.ctg002086l||full	Caudoviricetes
5516.A.hifi_reads_s2078.ctg002100l||full	Caudoviricetes
5516.A.hifi_reads_s2097.ctg002119l||full	Caudoviricetes
5516.A.hifi_reads_s2111.ctg002133l||full	Caudoviricetes
5516.A.hifi_reads_s2114.ctg002136l||full	Caudoviricetes
5516.A.hifi_reads_s2149.ctg002171l||full	Caudoviricetes
5516.A.hifi_reads_s2154.ctg002176l||full	Caudoviricetes
5516.A.hifi_reads_s2180.ctg002203l||full	Caudoviricetes
5516.A.hifi_reads_s2184.ctg002207l||full	Caudoviricetes
5516.A.hifi_reads_s2193.ctg002216l||full	Caudoviricetes
5516.A.hifi_reads_s2202.ctg002225l||full	Caudoviricetes
5516.A.hifi_reads_s2209.ctg002232l||full	Caudoviricetes
5516.A.hifi_reads_s2211.ctg002234l||full	Caudoviricetes
5516.A.hifi_reads_s2227.ctg002250l||full	Caudoviricetes
5516.A.hifi_reads_s2228.ctg002251l||full	Caudoviricetes
5516.A.hifi_reads_s2288.ctg002312l||full	Caudoviricetes
5516.A.hifi_reads_s2304.ctg002329l||full	Caudoviricetes
5516.A.hifi_reads_s2305.ctg002330l||full	Caudoviricetes
5516.A.hifi_reads_s2311.ctg002336l||full	Caudoviricetes
5516.A.hifi_reads_s2314.ctg002339l||full	Caudoviricetes
5516.A.hifi_reads_s2339.ctg002365l||full	Caudoviricetes
5516.A.hifi_reads_s2358.ctg002384l||full	Caudoviricetes
5516.A.hifi_reads_s2379.ctg002405l||full	Caudoviricetes
5516.A.hifi_reads_s2384.ctg002410l||full	Caudoviricetes
5516.A.hifi_reads_s2385.ctg002411l||full	Caudoviricetes
5516.A.hifi_reads_s2396.ctg002422l||full	Caudoviricetes
5516.A.hifi_reads_s2408.ctg002434l||full	Caudoviricetes
5516.A.hifi_reads_s2442.ctg002470l||full	Caudoviricetes
5516.A.hifi_reads_s2448.ctg002476l||full	Caudoviricetes
5516.A.hifi_reads_s2453.ctg002481l||full	Caudoviricetes
5516.A.hifi_reads_s2455.ctg002483l||full	Caudoviricetes
5516.A.hifi_reads_s2472.ctg002501l||full	Caudoviricetes
5516.A.hifi_reads_s2484.ctg002513l||full	Caudoviricetes
5516.A.hifi_reads_s2489.ctg002518l||full	Caudoviricetes
5516.A.hifi_reads_s2492.ctg002521l||full	Caudoviricetes
5516.A.hifi_reads_s2498.ctg002527l||full	Caudoviricetes
5516.A.hifi_reads_s2500.ctg002529l||full	Caudoviricetes
5516.A.hifi_reads_s2512.ctg002542l||full	Caudoviricetes
5516.A.hifi_reads_s2525.ctg002556l||full	Caudoviricetes
5516.A.hifi_reads_s2527.ctg002558l||full	Caudoviricetes
5516.A.hifi_reads_s2528.ctg002559l||full	Caudoviricetes
5516.AI.hifi_reads_s221.ctg000222l||full_1	Caudoviricetes
5516.AI.hifi_reads_s234.ctg000235l||full_1	Caudoviricetes
5516.AI.hifi_reads_s2.ctg000003l||full	Caudoviricetes
5516.AI.hifi_reads_s3.ctg000004l||full	Caudoviricetes
5516.AI.hifi_reads_s7.ctg000008l||full	Caudoviricetes
5516.AI.hifi_reads_s16.ctg000017l||full	Caudoviricetes
5516.AI.hifi_reads_s24.ctg000025l||full	Caudoviricetes
5516.AI.hifi_reads_s35.ctg000036l||full	Caudoviricetes
5516.AI.hifi_reads_s36.ctg000037l||full	Caudoviricetes
5516.AI.hifi_reads_s46.ctg000047l||full	Caudoviricetes
5516.AI.hifi_reads_s52.ctg000053l||full	Caudoviricetes
5516.AI.hifi_reads_s54.ctg000055l||full	Caudoviricetes
5516.AI.hifi_reads_s55.ctg000056l||full	Caudoviricetes
5516.AI.hifi_reads_s67.ctg000068l||full	Caudoviricetes
5516.AI.hifi_reads_s68.ctg000069l||full	Caudoviricetes
5516.AI.hifi_reads_s79.ctg000080l||full	Caudoviricetes
5516.AI.hifi_reads_s89.ctg000090l||full	Caudoviricetes
5516.AI.hifi_reads_s90.ctg000091l||full	Caudoviricetes
5516.AI.hifi_reads_s112.ctg000113l||full	Caudoviricetes
5516.AI.hifi_reads_s126.ctg000127l||full	Caudoviricetes
5516.AI.hifi_reads_s131.ctg000132l||full	Caudoviricetes
5516.AI.hifi_reads_s140.ctg000141l||full	Caudoviricetes
5516.AI.hifi_reads_s145.ctg000146l||full	Caudoviricetes
5516.AI.hifi_reads_s149.ctg000150l||full	Caudoviricetes
5516.AI.hifi_reads_s150.ctg000151l||full	Caudoviricetes
5516.AI.hifi_reads_s153.ctg000154l||full	Caudoviricetes
5516.AI.hifi_reads_s166.ctg000167l||full	Caudoviricetes
5516.AI.hifi_reads_s171.ctg000172l||full	Caudoviricetes
5516.AI.hifi_reads_s181.ctg000182l||full	Caudoviricetes
5516.AI.hifi_reads_s187.ctg000188l||full	Caudoviricetes
5516.AI.hifi_reads_s191.ctg000192l||full	Caudoviricetes
5516.AI.hifi_reads_s207.ctg000208l||full	Caudoviricetes
5516.AI.hifi_reads_s224.ctg000225l||full	Caudoviricetes
5516.AI.hifi_reads_s227.ctg000228l||full	Caudoviricetes
5516.AI.hifi_reads_s258.ctg000259l||full	Caudoviricetes
5516.AI.hifi_reads_s261.ctg000262l||full	Caudoviricetes
5516_AJ_hifi_reads_s3.ctg000004c||0_partial_1	Caudoviricetes
5516_AJ_hifi_reads_s3.ctg000004c||1_partial_1	Caudoviricetes
5516_AJ_hifi_reads_s115.ctg000116l||full	Caudoviricetes
5516_AJ_hifi_reads_s336.ctg000337l||full	Caudoviricetes
5516_AJ_hifi_reads_s505.ctg000506l||full	Caudoviricetes
5516_AJ_hifi_reads_s512.ctg000513l||full	Caudoviricetes
5516_AJ_hifi_reads_s663.ctg000664l||full	Caudoviricetes
5516_AJ_hifi_reads_s672.ctg000673l||full	Caudoviricetes
5516_AJ_hifi_reads_s835.ctg000836l||full	Caudoviricetes
5516_AJ_hifi_reads_s1011.ctg001012l||full	Caudoviricetes
5516_AJ_hifi_reads_s1060.ctg001061l||full	Caudoviricetes
5516_AJ_hifi_reads_s1073.ctg001074l||full	Caudoviricetes
5516.B.hifi_reads_s1854.ctg001858l||full_1	Caudoviricetes
5516.B.hifi_reads_s1891.ctg001895l||full_1	Caudoviricetes
5516.B.hifi_reads_s2065.ctg002069l||full_1	Caudoviricetes
5516.B.hifi_reads_s2653.ctg002657l||full_1	Caudoviricetes
5516.B.hifi_reads_s40.ctg000041l||0_partial_1	Caudoviricetes
5516.B.hifi_reads_s39.ctg000053l||0_partial_1	Caudoviricetes
5516.B.hifi_reads_s677.ctg000681l||full	Caudoviricetes
5516.B.hifi_reads_s20.ctg000021l||full	Caudoviricetes
5516.B.hifi_reads_s37.ctg000038c||full	Caudoviricetes
5516.B.hifi_reads_s52.ctg000054c||full	Caudoviricetes
5516.B.hifi_reads_s201.ctg000205c||full	Caudoviricetes
5516.B.hifi_reads_s256.ctg000260l||full	Caudoviricetes
5516.B.hifi_reads_s296.ctg000300l||full	Caudoviricetes
5516.B.hifi_reads_s298.ctg000302l||full	Caudoviricetes
5516.B.hifi_reads_s369.ctg000373l||full	Caudoviricetes
5516.B.hifi_reads_s457.ctg000461l||full	Caudoviricetes
5516.B.hifi_reads_s482.ctg000486l||full	Caudoviricetes
5516.B.hifi_reads_s497.ctg000501l||full	Caudoviricetes
5516.B.hifi_reads_s499.ctg000503l||full	Caudoviricetes
5516.B.hifi_reads_s594.ctg000598l||full	Caudoviricetes
5516.B.hifi_reads_s604.ctg000608l||full	Caudoviricetes
5516.B.hifi_reads_s682.ctg000686l||full	Caudoviricetes
5516.B.hifi_reads_s713.ctg000717l||full	Caudoviricetes
5516.B.hifi_reads_s762.ctg000766c||full	Caudoviricetes
5516.B.hifi_reads_s804.ctg000808l||full	Caudoviricetes
5516.B.hifi_reads_s846.ctg000850c||full	Caudoviricetes
5516.B.hifi_reads_s863.ctg000867l||full	Caudoviricetes
5516.B.hifi_reads_s921.ctg000925l||full	Caudoviricetes
5516.B.hifi_reads_s951.ctg000955l||full	Caudoviricetes
5516.B.hifi_reads_s1029.ctg001033l||full	Caudoviricetes
5516.B.hifi_reads_s1052.ctg001056c||full	Caudoviricetes
5516.B.hifi_reads_s1128.ctg001132l||full	Caudoviricetes
5516.B.hifi_reads_s1166.ctg001170l||full	Caudoviricetes
5516.B.hifi_reads_s1177.ctg001181c||full	Caudoviricetes
5516.B.hifi_reads_s1185.ctg001189l||full	Caudoviricetes
5516.B.hifi_reads_s1259.ctg001263l||full	Caudoviricetes
5516.B.hifi_reads_s1282.ctg001286l||full	Caudoviricetes
5516.B.hifi_reads_s1350.ctg001354l||full	Caudoviricetes
5516.B.hifi_reads_s1603.ctg001607l||full	Caudoviricetes
5516.B.hifi_reads_s1615.ctg001619l||full	Caudoviricetes
5516.B.hifi_reads_s1690.ctg001694l||full	Caudoviricetes
5516.B.hifi_reads_s1734.ctg001738l||full	Caudoviricetes
5516.B.hifi_reads_s1749.ctg001753l||full	Caudoviricetes
5516.B.hifi_reads_s1779.ctg001783l||full	Caudoviricetes
5516.B.hifi_reads_s1796.ctg001800l||full	Caudoviricetes
5516.B.hifi_reads_s1802.ctg001806l||full	Caudoviricetes
5516.B.hifi_reads_s1846.ctg001850l||full	Caudoviricetes
5516.B.hifi_reads_s1943.ctg001947l||full	Caudoviricetes
5516.B.hifi_reads_s2119.ctg002123l||full	Caudoviricetes
5516.B.hifi_reads_s2275.ctg002279l||full	Caudoviricetes
5516.B.hifi_reads_s2299.ctg002303l||full	Caudoviricetes
5516.B.hifi_reads_s2328.ctg002332l||full	Caudoviricetes
5516.B.hifi_reads_s2355.ctg002359l||full	Caudoviricetes
5516.B.hifi_reads_s2362.ctg002366l||full	Caudoviricetes
5516.B.hifi_reads_s2415.ctg002419l||full	Caudoviricetes
5516.B.hifi_reads_s2423.ctg002427l||full	Caudoviricetes
5516.B.hifi_reads_s2431.ctg002435l||full	Caudoviricetes
5516.B.hifi_reads_s2491.ctg002495l||full	Caudoviricetes
5516.B.hifi_reads_s2543.ctg002547l||full	Caudoviricetes
5516.B.hifi_reads_s2593.ctg002597l||full	Caudoviricetes
5516.B.hifi_reads_s2836.ctg002840l||full	Caudoviricetes
5516.B.hifi_reads_s2837.ctg002841l||full	Caudoviricetes
5516.B.hifi_reads_s2872.ctg002876l||full	Caudoviricetes
5516.B.hifi_reads_s2898.ctg002902l||full	Caudoviricetes
5516.B.hifi_reads_s2925.ctg002929l||full	Caudoviricetes
5516.B.hifi_reads_s2960.ctg002964l||full	Caudoviricetes
5516.B.hifi_reads_s2969.ctg002973l||full	Caudoviricetes
5516.B.hifi_reads_s3007.ctg003011l||full	Caudoviricetes
5516.B.hifi_reads_s3064.ctg003068l||full	Caudoviricetes
5516.B.hifi_reads_s3117.ctg003121l||full	Caudoviricetes
5516.B.hifi_reads_s3120.ctg003124l||full	Caudoviricetes
5516.B.hifi_reads_s3124.ctg003128l||full	Caudoviricetes
5516.B.hifi_reads_s3202.ctg003206l||full	Caudoviricetes
5516.B.hifi_reads_s3312.ctg003316l||full	Caudoviricetes
5516.B.hifi_reads_s3368.ctg003372l||full	Caudoviricetes
5516.B.hifi_reads_s3387.ctg003391l||full	Caudoviricetes
5516.B.hifi_reads_s3440.ctg003444l||full	Caudoviricetes
5516.B.hifi_reads_s3458.ctg003462l||full	Caudoviricetes
5516.B.hifi_reads_s3463.ctg003467l||full	Caudoviricetes
5516.B.hifi_reads_s3489.ctg003493l||full	Caudoviricetes
5516.B.hifi_reads_s3506.ctg003510l||full	Caudoviricetes
5516.B.hifi_reads_s3566.ctg003570l||full	Caudoviricetes
5516.B.hifi_reads_s3618.ctg003624l||full	Caudoviricetes
5516.B.hifi_reads_s3650.ctg003656l||full	Caudoviricetes
5516.C.hifi_reads_s1547.ctg001548l||full_1	Caudoviricetes
5516.C.hifi_reads_s9.ctg000010l||full	Caudoviricetes
5516.C.hifi_reads_s35.ctg000036l||full	Caudoviricetes
5516.C.hifi_reads_s58.ctg000059l||full	Caudoviricetes
5516.C.hifi_reads_s67.ctg000068l||full	Caudoviricetes
5516.C.hifi_reads_s129.ctg000130l||full	Caudoviricetes
5516.C.hifi_reads_s144.ctg000145l||full	Caudoviricetes
5516.C.hifi_reads_s151.ctg000152l||full	Caudoviricetes
5516.C.hifi_reads_s200.ctg000201l||full	Caudoviricetes
5516.C.hifi_reads_s219.ctg000220l||full	Caudoviricetes
5516.C.hifi_reads_s306.ctg000307l||full	Caudoviricetes
5516.C.hifi_reads_s308.ctg000309l||full	Caudoviricetes
5516.C.hifi_reads_s324.ctg000325l||full	Caudoviricetes
5516.C.hifi_reads_s331.ctg000332l||full	Caudoviricetes
5516.C.hifi_reads_s355.ctg000356l||full	Caudoviricetes
5516.C.hifi_reads_s368.ctg000369l||full	Caudoviricetes
5516.C.hifi_reads_s379.ctg000380l||full	Caudoviricetes
5516.C.hifi_reads_s396.ctg000397l||full	Caudoviricetes
5516.C.hifi_reads_s452.ctg000453l||full	Caudoviricetes
5516.C.hifi_reads_s454.ctg000455l||full	Caudoviricetes
5516.C.hifi_reads_s463.ctg000464l||full	Caudoviricetes
5516.C.hifi_reads_s529.ctg000530l||full	Caudoviricetes
5516.C.hifi_reads_s715.ctg000716l||full	Caudoviricetes
5516.C.hifi_reads_s728.ctg000729l||full	Caudoviricetes
5516.C.hifi_reads_s773.ctg000774l||full	Caudoviricetes
5516.C.hifi_reads_s787.ctg000788l||full	Caudoviricetes
5516.C.hifi_reads_s795.ctg000796l||full	Caudoviricetes
5516.C.hifi_reads_s801.ctg000802l||full	Caudoviricetes
5516.C.hifi_reads_s841.ctg000842l||full	Caudoviricetes
5516.C.hifi_reads_s858.ctg000859l||full	Caudoviricetes
5516.C.hifi_reads_s861.ctg000862c||full	Caudoviricetes
5516.C.hifi_reads_s862.ctg000863l||full	Caudoviricetes
5516.C.hifi_reads_s873.ctg000874l||full	Caudoviricetes
5516.C.hifi_reads_s879.ctg000880c||full	Caudoviricetes
5516.C.hifi_reads_s940.ctg000941l||full	Caudoviricetes
5516.C.hifi_reads_s967.ctg000968l||full	Caudoviricetes
5516.C.hifi_reads_s977.ctg000978l||full	Caudoviricetes
5516.C.hifi_reads_s987.ctg000988c||full	Caudoviricetes
5516.C.hifi_reads_s994.ctg000995l||full	Caudoviricetes
5516.C.hifi_reads_s1021.ctg001022l||full	Caudoviricetes
5516.C.hifi_reads_s1061.ctg001062l||full	Caudoviricetes
5516.C.hifi_reads_s1074.ctg001075l||full	Caudoviricetes
5516.C.hifi_reads_s1101.ctg001102l||full	Caudoviricetes
5516.C.hifi_reads_s1172.ctg001173l||full	Caudoviricetes
5516.C.hifi_reads_s1207.ctg001208l||full	Caudoviricetes
5516.C.hifi_reads_s1220.ctg001221l||full	Caudoviricetes
5516.C.hifi_reads_s1241.ctg001242l||full	Caudoviricetes
5516.C.hifi_reads_s1253.ctg001254l||full	Caudoviricetes
5516.C.hifi_reads_s1330.ctg001331l||full	Caudoviricetes
5516.C.hifi_reads_s1331.ctg001332l||full	Caudoviricetes
5516.C.hifi_reads_s1335.ctg001336l||full	Caudoviricetes
5516.C.hifi_reads_s1347.ctg001348l||full	Caudoviricetes
5516.C.hifi_reads_s1358.ctg001359l||full	Caudoviricetes
5516.C.hifi_reads_s1370.ctg001371l||full	Caudoviricetes
5516.C.hifi_reads_s1546.ctg001547l||full	Caudoviricetes
5516.C.hifi_reads_s1561.ctg001562l||full	Caudoviricetes
5516.C.hifi_reads_s1572.ctg001573l||full	Caudoviricetes
5516.C.hifi_reads_s1611.ctg001612l||full	Caudoviricetes
5516.C.hifi_reads_s1691.ctg001692l||full	Caudoviricetes
5516.C.hifi_reads_s1702.ctg001703l||full	Caudoviricetes
5516.C.hifi_reads_s1713.ctg001714l||full	Caudoviricetes
5516.C.hifi_reads_s1756.ctg001757l||full	Caudoviricetes
5516.D.hifi_reads_s121.ctg000122l||full_1	Caudoviricetes
5516.D.hifi_reads_s1578.ctg001579l||full_1	Caudoviricetes
5516.D.hifi_reads_s1591.ctg001592l||full_1	Caudoviricetes
5516.D.hifi_reads_s8.ctg000009l||full	Caudoviricetes
5516.D.hifi_reads_s12.ctg000013l||full	Caudoviricetes
5516.D.hifi_reads_s22.ctg000023l||full	Caudoviricetes
5516.D.hifi_reads_s23.ctg000024l||full	Caudoviricetes
5516.D.hifi_reads_s25.ctg000026l||full	Caudoviricetes
5516.D.hifi_reads_s51.ctg000052l||full	Caudoviricetes
5516.D.hifi_reads_s82.ctg000083l||full	Caudoviricetes
5516.D.hifi_reads_s85.ctg000086l||full	Caudoviricetes
5516.D.hifi_reads_s91.ctg000092l||full	Caudoviricetes
5516.D.hifi_reads_s112.ctg000113c||full	Caudoviricetes
5516.D.hifi_reads_s132.ctg000133l||full	Caudoviricetes
5516.D.hifi_reads_s173.ctg000174l||full	Caudoviricetes
5516.D.hifi_reads_s282.ctg000283l||full	Caudoviricetes
5516.D.hifi_reads_s286.ctg000287l||full	Caudoviricetes
5516.D.hifi_reads_s295.ctg000296l||full	Caudoviricetes
5516.D.hifi_reads_s299.ctg000300l||full	Caudoviricetes
5516.D.hifi_reads_s300.ctg000301l||full	Caudoviricetes
5516.D.hifi_reads_s384.ctg000385l||full	Caudoviricetes
5516.D.hifi_reads_s394.ctg000395l||full	Caudoviricetes
5516.D.hifi_reads_s436.ctg000437l||full	Caudoviricetes
5516.D.hifi_reads_s475.ctg000476l||full	Caudoviricetes
5516.D.hifi_reads_s492.ctg000493l||full	Caudoviricetes
5516.D.hifi_reads_s495.ctg000496l||full	Caudoviricetes
5516.D.hifi_reads_s535.ctg000536l||full	Caudoviricetes
5516.D.hifi_reads_s641.ctg000642l||full	Caudoviricetes
5516.D.hifi_reads_s831.ctg000832l||full	Caudoviricetes
5516.D.hifi_reads_s837.ctg000838l||full	Caudoviricetes
5516.D.hifi_reads_s860.ctg000861l||full	Caudoviricetes
5516.D.hifi_reads_s886.ctg000887l||full	Caudoviricetes
5516.D.hifi_reads_s907.ctg000908l||full	Caudoviricetes
5516.D.hifi_reads_s947.ctg000948l||full	Caudoviricetes
5516.D.hifi_reads_s952.ctg000953l||full	Caudoviricetes
5516.D.hifi_reads_s988.ctg000989l||full	Caudoviricetes
5516.D.hifi_reads_s1022.ctg001023l||full	Caudoviricetes
5516.D.hifi_reads_s1030.ctg001031l||full	Caudoviricetes
5516.D.hifi_reads_s1068.ctg001069l||full	Caudoviricetes
5516.D.hifi_reads_s1117.ctg001118l||full	Caudoviricetes
5516.D.hifi_reads_s1127.ctg001128l||full	Caudoviricetes
5516.D.hifi_reads_s1176.ctg001177l||full	Caudoviricetes
5516.D.hifi_reads_s1177.ctg001178l||full	Caudoviricetes
5516.D.hifi_reads_s1251.ctg001252c||full	Caudoviricetes
5516.D.hifi_reads_s1254.ctg001255l||full	Caudoviricetes
5516.D.hifi_reads_s1328.ctg001329l||full	Caudoviricetes
5516.D.hifi_reads_s1329.ctg001330l||full	Caudoviricetes
5516.D.hifi_reads_s1475.ctg001476l||full	Caudoviricetes
5516.D.hifi_reads_s1484.ctg001485l||full	Caudoviricetes
5516.D.hifi_reads_s1564.ctg001565l||full	Caudoviricetes
5516.D.hifi_reads_s1597.ctg001598l||full	Caudoviricetes
5516.D.hifi_reads_s1601.ctg001602l||full	Caudoviricetes
5516.D.hifi_reads_s1615.ctg001616l||full	Caudoviricetes
5516.D.hifi_reads_s1639.ctg001640l||full	Caudoviricetes
5516.D.hifi_reads_s1669.ctg001670l||full	Caudoviricetes
5516.D.hifi_reads_s1675.ctg001676l||full	Caudoviricetes
5516.D.hifi_reads_s1718.ctg001719l||full	Caudoviricetes
5516.D.hifi_reads_s1734.ctg001735l||full	Caudoviricetes
5516.D.hifi_reads_s1749.ctg001750l||full	Caudoviricetes
5516.D.hifi_reads_s1803.ctg001804l||full	Caudoviricetes
5516.D.hifi_reads_s1807.ctg001808c||full	Caudoviricetes
5516.D.hifi_reads_s1808.ctg001809l||full	Caudoviricetes
5516.D.hifi_reads_s1810.ctg001811l||full	Caudoviricetes
5516.D.hifi_reads_s1819.ctg001820l||full	Caudoviricetes
5516.D.hifi_reads_s1821.ctg001822l||full	Caudoviricetes
5516.D.hifi_reads_s1841.ctg001842l||full	Caudoviricetes
5516.D.hifi_reads_s1842.ctg001843l||full	Caudoviricetes
5516.D.hifi_reads_s1879.ctg001880l||full	Caudoviricetes
5516.D.hifi_reads_s1880.ctg001881l||full	Caudoviricetes
5516.D.hifi_reads_s1983.ctg001984l||full	Caudoviricetes
5516.D.hifi_reads_s2048.ctg002049l||full	Caudoviricetes
5516.D.hifi_reads_s2052.ctg002053l||full	Caudoviricetes
5516.D.hifi_reads_s2169.ctg002170l||full	Caudoviricetes
5516.D.hifi_reads_s2179.ctg002180l||full	Caudoviricetes
5516.D.hifi_reads_s2265.ctg002266l||full	Caudoviricetes
5516.D.hifi_reads_s2300.ctg002301l||full	Caudoviricetes
5516.D.hifi_reads_s2304.ctg002305l||full	Caudoviricetes
5516.D.hifi_reads_s2368.ctg002369l||full	Caudoviricetes
5516.D.hifi_reads_s2403.ctg002404l||full	Caudoviricetes
5516.D.hifi_reads_s2435.ctg002436l||full	Caudoviricetes
5516.D.hifi_reads_s2440.ctg002441l||full	Caudoviricetes
5516.D.hifi_reads_s2468.ctg002469l||full	Caudoviricetes
5516.D.hifi_reads_s2469.ctg002470c||full	Caudoviricetes
5516.D.hifi_reads_s2486.ctg002487l||full	Caudoviricetes
5516.D.hifi_reads_s2502.ctg002503l||full	Caudoviricetes
5516.D.hifi_reads_s2515.ctg002516l||full	Caudoviricetes
5516.D.hifi_reads_s2576.ctg002577l||full	Caudoviricetes
5516.D.hifi_reads_s2580.ctg002581l||full	Caudoviricetes
5516.D.hifi_reads_s2583.ctg002584l||full	Caudoviricetes
5516.D.hifi_reads_s2592.ctg002593l||full	Caudoviricetes
5516.D.hifi_reads_s2640.ctg002641l||full	Caudoviricetes
5516.D.hifi_reads_s2684.ctg002685l||full	Caudoviricetes
5516.D.hifi_reads_s2713.ctg002714l||full	Caudoviricetes
5516.D.hifi_reads_s2742.ctg002743l||full	Caudoviricetes
5516.D.hifi_reads_s2764.ctg002765l||full	Caudoviricetes
5516.D.hifi_reads_s2765.ctg002766l||full	Caudoviricetes
5516.D.hifi_reads_s2808.ctg002809l||full	Caudoviricetes
5516.E.hifi_reads_s353.ctg000354l||full_1	Caudoviricetes
5516.E.hifi_reads_s704.ctg000705l||full_1	Caudoviricetes
5516.E.hifi_reads_s1213.ctg001214l||full_1	Caudoviricetes
5516.E.hifi_reads_s1549.ctg001550l||full_1	Caudoviricetes
5516.E.hifi_reads_s2042.ctg002043l||full_1	Caudoviricetes
5516.E.hifi_reads_s2056.ctg002057l||full_1	Caudoviricetes
5516.E.hifi_reads_s4.ctg000005l||full	Caudoviricetes
5516.E.hifi_reads_s22.ctg000023c||full	Caudoviricetes
5516.E.hifi_reads_s37.ctg000038l||full	Caudoviricetes
5516.E.hifi_reads_s76.ctg000077l||full	Caudoviricetes
5516.E.hifi_reads_s77.ctg000078l||full	Caudoviricetes
5516.E.hifi_reads_s80.ctg000081l||full	Caudoviricetes
5516.E.hifi_reads_s144.ctg000145l||full	Caudoviricetes
5516.E.hifi_reads_s150.ctg000151c||full	Caudoviricetes
5516.E.hifi_reads_s163.ctg000164l||full	Caudoviricetes
5516.E.hifi_reads_s237.ctg000238l||full	Caudoviricetes
5516.E.hifi_reads_s244.ctg000245l||full	Caudoviricetes
5516.E.hifi_reads_s265.ctg000266l||full	Caudoviricetes
5516.E.hifi_reads_s286.ctg000287l||full	Caudoviricetes
5516.E.hifi_reads_s294.ctg000295l||full	Caudoviricetes
5516.E.hifi_reads_s296.ctg000297l||full	Caudoviricetes
5516.E.hifi_reads_s352.ctg000353l||full	Caudoviricetes
5516.E.hifi_reads_s395.ctg000396l||full	Caudoviricetes
5516.E.hifi_reads_s477.ctg000478l||full	Caudoviricetes
5516.E.hifi_reads_s502.ctg000503l||full	Caudoviricetes
5516.E.hifi_reads_s511.ctg000512l||full	Caudoviricetes
5516.E.hifi_reads_s520.ctg000521l||full	Caudoviricetes
5516.E.hifi_reads_s529.ctg000530l||full	Caudoviricetes
5516.E.hifi_reads_s536.ctg000537l||full	Caudoviricetes
5516.E.hifi_reads_s550.ctg000551l||full	Caudoviricetes
5516.E.hifi_reads_s551.ctg000552l||full	Caudoviricetes
5516.E.hifi_reads_s557.ctg000558l||full	Caudoviricetes
5516.E.hifi_reads_s607.ctg000608l||full	Caudoviricetes
5516.E.hifi_reads_s630.ctg000631l||full	Caudoviricetes
5516.E.hifi_reads_s663.ctg000664l||full	Caudoviricetes
5516.E.hifi_reads_s680.ctg000681l||full	Caudoviricetes
5516.E.hifi_reads_s712.ctg000713l||full	Caudoviricetes
5516.E.hifi_reads_s719.ctg000720c||full	Caudoviricetes
5516.E.hifi_reads_s720.ctg000721l||full	Caudoviricetes
5516.E.hifi_reads_s726.ctg000727l||full	Caudoviricetes
5516.E.hifi_reads_s738.ctg000739l||full	Caudoviricetes
5516.E.hifi_reads_s745.ctg000746l||full	Caudoviricetes
5516.E.hifi_reads_s825.ctg000826l||full	Caudoviricetes
5516.E.hifi_reads_s877.ctg000878l||full	Caudoviricetes
5516.E.hifi_reads_s882.ctg000883l||full	Caudoviricetes
5516.E.hifi_reads_s901.ctg000902l||full	Caudoviricetes
5516.E.hifi_reads_s958.ctg000959l||full	Caudoviricetes
5516.E.hifi_reads_s999.ctg001000l||full	Caudoviricetes
5516.E.hifi_reads_s1026.ctg001027l||full	Caudoviricetes
5516.E.hifi_reads_s1031.ctg001032l||full	Caudoviricetes
5516.E.hifi_reads_s1037.ctg001038l||full	Caudoviricetes
5516.E.hifi_reads_s1047.ctg001048l||full	Caudoviricetes
5516.E.hifi_reads_s1063.ctg001064l||full	Caudoviricetes
5516.E.hifi_reads_s1066.ctg001067l||full	Caudoviricetes
5516.E.hifi_reads_s1078.ctg001079l||full	Caudoviricetes
5516.E.hifi_reads_s1103.ctg001104l||full	Caudoviricetes
5516.E.hifi_reads_s1118.ctg001119l||full	Caudoviricetes
5516.E.hifi_reads_s1184.ctg001185l||full	Caudoviricetes
5516.E.hifi_reads_s1192.ctg001193l||full	Caudoviricetes
5516.E.hifi_reads_s1220.ctg001221l||full	Caudoviricetes
5516.E.hifi_reads_s1221.ctg001222l||full	Caudoviricetes
5516.E.hifi_reads_s1227.ctg001228l||full	Caudoviricetes
5516.E.hifi_reads_s1237.ctg001238l||full	Caudoviricetes
5516.E.hifi_reads_s1290.ctg001291l||full	Caudoviricetes
5516.E.hifi_reads_s1329.ctg001330l||full	Caudoviricetes
5516.E.hifi_reads_s1363.ctg001364l||full	Caudoviricetes
5516.E.hifi_reads_s1597.ctg001598l||full	Caudoviricetes
5516.E.hifi_reads_s1655.ctg001656l||full	Caudoviricetes
5516.E.hifi_reads_s1694.ctg001695l||full	Caudoviricetes
5516.E.hifi_reads_s1704.ctg001705l||full	Caudoviricetes
5516.E.hifi_reads_s1764.ctg001765l||full	Caudoviricetes
5516.E.hifi_reads_s1782.ctg001783l||full	Caudoviricetes
5516.E.hifi_reads_s1796.ctg001797l||full	Caudoviricetes
5516.E.hifi_reads_s1801.ctg001802l||full	Caudoviricetes
5516.E.hifi_reads_s1817.ctg001818l||full	Caudoviricetes
5516.E.hifi_reads_s1828.ctg001829l||full	Caudoviricetes
5516.E.hifi_reads_s1855.ctg001856l||full	Caudoviricetes
5516.E.hifi_reads_s1898.ctg001899l||full	Caudoviricetes
5516.E.hifi_reads_s1913.ctg001914l||full	Caudoviricetes
5516.E.hifi_reads_s1940.ctg001941l||full	Caudoviricetes
5516.E.hifi_reads_s1968.ctg001969l||full	Caudoviricetes
5516.E.hifi_reads_s1975.ctg001976l||full	Caudoviricetes
5516.E.hifi_reads_s1995.ctg001996l||full	Caudoviricetes
5516.E.hifi_reads_s2067.ctg002068l||full	Caudoviricetes
5516.E.hifi_reads_s2098.ctg002099l||full	Caudoviricetes
5516.E.hifi_reads_s2170.ctg002171l||full	Caudoviricetes
5516.E.hifi_reads_s2176.ctg002177l||full	Caudoviricetes
5516.E.hifi_reads_s2212.ctg002213l||full	Caudoviricetes
5516.E.hifi_reads_s2230.ctg002231l||full	Caudoviricetes
5516.E.hifi_reads_s2266.ctg002267l||full	Caudoviricetes
5516.E.hifi_reads_s2280.ctg002281l||full	Caudoviricetes
5516.E.hifi_reads_s2291.ctg002292l||full	Caudoviricetes
5516.E.hifi_reads_s2306.ctg002307l||full	Caudoviricetes
5516.E.hifi_reads_s2320.ctg002321l||full	Caudoviricetes
5516.E.hifi_reads_s2322.ctg002323l||full	Caudoviricetes
5516.E.hifi_reads_s2351.ctg002352l||full	Caudoviricetes
5516.E.hifi_reads_s2369.ctg002370l||full	Caudoviricetes
5516.E.hifi_reads_s2374.ctg002375l||full	Caudoviricetes
5516.E.hifi_reads_s2383.ctg002384l||full	Caudoviricetes
5516.E.hifi_reads_s2403.ctg002404l||full	Caudoviricetes
5516.E.hifi_reads_s2434.ctg002435l||full	Caudoviricetes
5516.E.hifi_reads_s2453.ctg002454l||full	Caudoviricetes
5516.E.hifi_reads_s2469.ctg002470l||full	Caudoviricetes
5516.E.hifi_reads_s2494.ctg002495l||full	Caudoviricetes
5516.E.hifi_reads_s2497.ctg002498l||full	Caudoviricetes
5516.E.hifi_reads_s2514.ctg002515l||full	Caudoviricetes
5516.E.hifi_reads_s2529.ctg002530l||full	Caudoviricetes
5516.E.hifi_reads_s2541.ctg002542l||full	Caudoviricetes
5516.E.hifi_reads_s2546.ctg002547l||full	Caudoviricetes
5516.E.hifi_reads_s2548.ctg002549l||full	Caudoviricetes
5516.E.hifi_reads_s2600.ctg002601l||full	Caudoviricetes
5516.E.hifi_reads_s2639.ctg002640l||full	Caudoviricetes
5516.E.hifi_reads_s2646.ctg002647l||full	Caudoviricetes
5516.E.hifi_reads_s2649.ctg002650l||full	Caudoviricetes
5516.E.hifi_reads_s2664.ctg002665l||full	Caudoviricetes
5516.E.hifi_reads_s2693.ctg002694l||full	Caudoviricetes
5516.E.hifi_reads_s2715.ctg002716l||full	Caudoviricetes
5516.E.hifi_reads_s2730.ctg002731l||full	Caudoviricetes
5516.E.hifi_reads_s2751.ctg002752l||full	Caudoviricetes
5516.E.hifi_reads_s2754.ctg002755l||full	Caudoviricetes
5516.E.hifi_reads_s2780.ctg002781l||full	Caudoviricetes
5516.E.hifi_reads_s2793.ctg002794l||full	Caudoviricetes
5516.F.hifi_reads_s87.ctg000088l||full_1	Caudoviricetes
5516.F.hifi_reads_s185.ctg000186l||full_1	Caudoviricetes
5516.F.hifi_reads_s598.ctg000599l||full_1	Caudoviricetes
5516.F.hifi_reads_s793.ctg000794l||full_1	Caudoviricetes
5516.F.hifi_reads_s936.ctg000937l||full_1	Caudoviricetes
5516.F.hifi_reads_s1738.ctg001739l||full_1	Caudoviricetes
5516.F.hifi_reads_s96.ctg000097l||full	Caudoviricetes
5516.F.hifi_reads_s101.ctg000102l||full	Caudoviricetes
5516.F.hifi_reads_s122.ctg000123l||full	Caudoviricetes
5516.F.hifi_reads_s220.ctg000221l||full	Caudoviricetes
5516.F.hifi_reads_s230.ctg000231l||full	Caudoviricetes
5516.F.hifi_reads_s282.ctg000283l||full	Caudoviricetes
5516.F.hifi_reads_s302.ctg000303l||full	Caudoviricetes
5516.F.hifi_reads_s417.ctg000418l||full	Caudoviricetes
5516.F.hifi_reads_s418.ctg000419l||full	Caudoviricetes
5516.F.hifi_reads_s446.ctg000447l||full	Caudoviricetes
5516.F.hifi_reads_s478.ctg000479l||full	Caudoviricetes
5516.F.hifi_reads_s560.ctg000561l||full	Caudoviricetes
5516.F.hifi_reads_s588.ctg000589l||full	Caudoviricetes
5516.F.hifi_reads_s642.ctg000643l||full	Caudoviricetes
5516.F.hifi_reads_s707.ctg000708l||full	Caudoviricetes
5516.F.hifi_reads_s738.ctg000739l||full	Caudoviricetes
5516.F.hifi_reads_s744.ctg000745l||full	Caudoviricetes
5516.F.hifi_reads_s761.ctg000762c||full	Caudoviricetes
5516.F.hifi_reads_s796.ctg000797l||full	Caudoviricetes
5516.F.hifi_reads_s823.ctg000824l||full	Caudoviricetes
5516.F.hifi_reads_s834.ctg000835l||full	Caudoviricetes
5516.F.hifi_reads_s844.ctg000845c||full	Caudoviricetes
5516.F.hifi_reads_s881.ctg000882l||full	Caudoviricetes
5516.F.hifi_reads_s894.ctg000895l||full	Caudoviricetes
5516.F.hifi_reads_s897.ctg000898l||full	Caudoviricetes
5516.F.hifi_reads_s916.ctg000917l||full	Caudoviricetes
5516.F.hifi_reads_s918.ctg000919l||full	Caudoviricetes
5516.F.hifi_reads_s965.ctg000966l||full	Caudoviricetes
5516.F.hifi_reads_s988.ctg000989l||full	Caudoviricetes
5516.F.hifi_reads_s1011.ctg001012l||full	Caudoviricetes
5516.F.hifi_reads_s1035.ctg001036l||full	Caudoviricetes
5516.F.hifi_reads_s1083.ctg001084l||full	Caudoviricetes
5516.F.hifi_reads_s1109.ctg001110l||full	Caudoviricetes
5516.F.hifi_reads_s1113.ctg001114c||full	Caudoviricetes
5516.F.hifi_reads_s1194.ctg001195l||full	Caudoviricetes
5516.F.hifi_reads_s1224.ctg001225l||full	Caudoviricetes
5516.F.hifi_reads_s1239.ctg001240l||full	Caudoviricetes
5516.F.hifi_reads_s1284.ctg001285l||full	Caudoviricetes
5516.F.hifi_reads_s1312.ctg001313l||full	Caudoviricetes
5516.F.hifi_reads_s1319.ctg001320l||full	Caudoviricetes
5516.F.hifi_reads_s1340.ctg001341l||full	Caudoviricetes
5516.F.hifi_reads_s1342.ctg001343l||full	Caudoviricetes
5516.F.hifi_reads_s1357.ctg001358l||full	Caudoviricetes
5516.F.hifi_reads_s1396.ctg001397l||full	Caudoviricetes
5516.F.hifi_reads_s1419.ctg001420l||full	Caudoviricetes
5516.F.hifi_reads_s1541.ctg001542l||full	Caudoviricetes
5516.F.hifi_reads_s1663.ctg001664l||full	Caudoviricetes
5516.F.hifi_reads_s1700.ctg001701l||full	Caudoviricetes
5516.F.hifi_reads_s1705.ctg001706l||full	Caudoviricetes
5516.F.hifi_reads_s1783.ctg001784l||full	Caudoviricetes
5516.F.hifi_reads_s1815.ctg001816l||full	Caudoviricetes
5516.F.hifi_reads_s1852.ctg001853l||full	Caudoviricetes
5516.F.hifi_reads_s1880.ctg001881l||full	Caudoviricetes
5516.F.hifi_reads_s1899.ctg001900l||full	Caudoviricetes
5516.F.hifi_reads_s1954.ctg001955l||full	Caudoviricetes
5516.F.hifi_reads_s1964.ctg001965l||full	Caudoviricetes
5516.F.hifi_reads_s1970.ctg001971l||full	Caudoviricetes
5516.F.hifi_reads_s1973.ctg001974l||full	Caudoviricetes
5516.F.hifi_reads_s1987.ctg001988l||full	Caudoviricetes
5516.F.hifi_reads_s2023.ctg002024l||full	Caudoviricetes
5516.F.hifi_reads_s2032.ctg002033l||full	Caudoviricetes
5516.F.hifi_reads_s2071.ctg002072l||full	Caudoviricetes
5516.F.hifi_reads_s2101.ctg002102l||full	Caudoviricetes
5516.F.hifi_reads_s2131.ctg002132l||full	Caudoviricetes
5516.F.hifi_reads_s2143.ctg002144l||full	Caudoviricetes
5516.F.hifi_reads_s2164.ctg002165l||full	Caudoviricetes
5516.F.hifi_reads_s2191.ctg002192l||full	Caudoviricetes
5516.F.hifi_reads_s2201.ctg002202l||full	Caudoviricetes
5516.F.hifi_reads_s2272.ctg002273l||full	Caudoviricetes
5516.F.hifi_reads_s2276.ctg002277l||full	Caudoviricetes
5516.F.hifi_reads_s2287.ctg002288l||full	Caudoviricetes
5516.F.hifi_reads_s2381.ctg002382l||full	Caudoviricetes
5516.F.hifi_reads_s2386.ctg002387l||full	Caudoviricetes
5516.F.hifi_reads_s2425.ctg002426l||full	Caudoviricetes
5516.F.hifi_reads_s2442.ctg002443l||full	Caudoviricetes
5516.F.hifi_reads_s2476.ctg002477l||full	Caudoviricetes
5516.F.hifi_reads_s2512.ctg002513l||full	Caudoviricetes
5516.F.hifi_reads_s2597.ctg002598l||full	Caudoviricetes
5516.F.hifi_reads_s2642.ctg002643l||full	Caudoviricetes
5516.F.hifi_reads_s2648.ctg002649l||full	Caudoviricetes
5516.F.hifi_reads_s2665.ctg002666l||full	Caudoviricetes
5516.F.hifi_reads_s2667.ctg002668l||full	Caudoviricetes
5516.F.hifi_reads_s2696.ctg002697l||full	Caudoviricetes
5516.F.hifi_reads_s2711.ctg002712l||full	Caudoviricetes
5516.G.hifi_reads_s83.ctg000086l||full_1	Caudoviricetes
5516.G.hifi_reads_s352.ctg000360l||full_1	Caudoviricetes
5516.G.hifi_reads_s744.ctg000755l||full_1	Caudoviricetes
5516.G.hifi_reads_s745.ctg000756l||full_1	Megaviricetes
5516.G.hifi_reads_s949.ctg000960l||full_1	Caudoviricetes
5516.G.hifi_reads_s1473.ctg001493l||full_1	Caudoviricetes
5516.G.hifi_reads_s1864.ctg001888l||full_1	Caudoviricetes
5516.G.hifi_reads_s160.ctg000163l||full	Caudoviricetes
5516.G.hifi_reads_s8.ctg000009c||full	Caudoviricetes
5516.G.hifi_reads_s14.ctg000015l||full	Caudoviricetes
5516.G.hifi_reads_s26.ctg000027l||full	Caudoviricetes
5516.G.hifi_reads_s27.ctg000028c||full	Caudoviricetes
5516.G.hifi_reads_s45.ctg000047l||full	Caudoviricetes
5516.G.hifi_reads_s51.ctg000054l||full	Caudoviricetes
5516.G.hifi_reads_s58.ctg000061l||full	Caudoviricetes
5516.G.hifi_reads_s69.ctg000072l||full	Caudoviricetes
5516.G.hifi_reads_s100.ctg000103l||full	Caudoviricetes
5516.G.hifi_reads_s110.ctg000113l||full	Caudoviricetes
5516.G.hifi_reads_s138.ctg000141l||full	Caudoviricetes
5516.G.hifi_reads_s145.ctg000148l||full	Caudoviricetes
5516.G.hifi_reads_s187.ctg000190l||full	Caudoviricetes
5516.G.hifi_reads_s188.ctg000191l||full	Caudoviricetes
5516.G.hifi_reads_s196.ctg000199l||full	Caudoviricetes
5516.G.hifi_reads_s207.ctg000211l||full	Caudoviricetes
5516.G.hifi_reads_s232.ctg000237l||full	Caudoviricetes
5516.G.hifi_reads_s244.ctg000250l||full	Caudoviricetes
5516.G.hifi_reads_s246.ctg000252l||full	Caudoviricetes
5516.G.hifi_reads_s272.ctg000278c||full	Caudoviricetes
5516.G.hifi_reads_s276.ctg000282l||full	Caudoviricetes
5516.G.hifi_reads_s314.ctg000322l||full	Caudoviricetes
5516.G.hifi_reads_s335.ctg000343c||full	Caudoviricetes
5516.G.hifi_reads_s346.ctg000354c||full	Caudoviricetes
5516.G.hifi_reads_s358.ctg000366l||full	Caudoviricetes
5516.G.hifi_reads_s359.ctg000367c||full	Caudoviricetes
5516.G.hifi_reads_s366.ctg000374l||full	Caudoviricetes
5516.G.hifi_reads_s368.ctg000376l||full	Caudoviricetes
5516.G.hifi_reads_s394.ctg000403c||full	Caudoviricetes
5516.G.hifi_reads_s400.ctg000409l||full	Caudoviricetes
5516.G.hifi_reads_s445.ctg000454l||full	Caudoviricetes
5516.G.hifi_reads_s449.ctg000458l||full	Caudoviricetes
5516.G.hifi_reads_s462.ctg000471l||full	Caudoviricetes
5516.G.hifi_reads_s463.ctg000472c||full	Caudoviricetes
5516.G.hifi_reads_s475.ctg000484l||full	Caudoviricetes
5516.G.hifi_reads_s480.ctg000489l||full	Caudoviricetes
5516.G.hifi_reads_s505.ctg000515l||full	Caudoviricetes
5516.G.hifi_reads_s516.ctg000526l||full	Caudoviricetes
5516.G.hifi_reads_s517.ctg000527l||full	Caudoviricetes
5516.G.hifi_reads_s540.ctg000550l||full	Caudoviricetes
5516.G.hifi_reads_s541.ctg000551l||full	Caudoviricetes
5516.G.hifi_reads_s556.ctg000566l||full	Caudoviricetes
5516.G.hifi_reads_s573.ctg000583c||full	Caudoviricetes
5516.G.hifi_reads_s584.ctg000595l||full	Caudoviricetes
5516.G.hifi_reads_s594.ctg000605l||full	Caudoviricetes
5516.G.hifi_reads_s599.ctg000610l||full	Caudoviricetes
5516.G.hifi_reads_s607.ctg000618l||full	Caudoviricetes
5516.G.hifi_reads_s622.ctg000633l||full	Caudoviricetes
5516.G.hifi_reads_s640.ctg000651l||full	Caudoviricetes
5516.G.hifi_reads_s646.ctg000657l||full	Caudoviricetes
5516.G.hifi_reads_s656.ctg000667l||full	Caudoviricetes
5516.G.hifi_reads_s658.ctg000669l||full	Caudoviricetes
5516.G.hifi_reads_s730.ctg000741l||full	Caudoviricetes
5516.G.hifi_reads_s752.ctg000763l||full	Caudoviricetes
5516.G.hifi_reads_s782.ctg000793l||full	Caudoviricetes
5516.G.hifi_reads_s792.ctg000803l||full	Caudoviricetes
5516.G.hifi_reads_s800.ctg000811l||full	Caudoviricetes
5516.G.hifi_reads_s833.ctg000844l||full	Caudoviricetes
5516.G.hifi_reads_s874.ctg000885l||full	Caudoviricetes
5516.G.hifi_reads_s893.ctg000904l||full	Caudoviricetes
5516.G.hifi_reads_s909.ctg000920l||full	Caudoviricetes
5516.G.hifi_reads_s931.ctg000942l||full	Caudoviricetes
5516.G.hifi_reads_s939.ctg000950l||full	Caudoviricetes
5516.G.hifi_reads_s956.ctg000967l||full	Caudoviricetes
5516.G.hifi_reads_s957.ctg000968l||full	Caudoviricetes
5516.G.hifi_reads_s961.ctg000972l||full	Caudoviricetes
5516.G.hifi_reads_s993.ctg001005l||full	Caudoviricetes
5516.G.hifi_reads_s1011.ctg001024l||full	Caudoviricetes
5516.G.hifi_reads_s1017.ctg001030l||full	Caudoviricetes
5516.G.hifi_reads_s1022.ctg001035l||full	Caudoviricetes
5516.G.hifi_reads_s1023.ctg001036l||full	Caudoviricetes
5516.G.hifi_reads_s1039.ctg001053l||full	Caudoviricetes
5516.G.hifi_reads_s1043.ctg001057l||full	Caudoviricetes
5516.G.hifi_reads_s1062.ctg001076l||full	Caudoviricetes
5516.G.hifi_reads_s1067.ctg001081l||full	Caudoviricetes
5516.G.hifi_reads_s1069.ctg001083l||full	Caudoviricetes
5516.G.hifi_reads_s1074.ctg001089l||full	Caudoviricetes
5516.G.hifi_reads_s1113.ctg001128l||full	Caudoviricetes
5516.G.hifi_reads_s1126.ctg001142l||full	Caudoviricetes
5516.G.hifi_reads_s1128.ctg001144l||full	Caudoviricetes
5516.G.hifi_reads_s1135.ctg001151l||full	Caudoviricetes
5516.G.hifi_reads_s1150.ctg001167l||full	Caudoviricetes
5516.G.hifi_reads_s1182.ctg001199l||full	Caudoviricetes
5516.G.hifi_reads_s1189.ctg001206c||full	Caudoviricetes
5516.G.hifi_reads_s1214.ctg001231l||full	Caudoviricetes
5516.G.hifi_reads_s1216.ctg001233l||full	Caudoviricetes
5516.G.hifi_reads_s1222.ctg001239l||full	Caudoviricetes
5516.G.hifi_reads_s1242.ctg001260l||full	Caudoviricetes
5516.G.hifi_reads_s1251.ctg001269l||full	Caudoviricetes
5516.G.hifi_reads_s1263.ctg001281l||full	Caudoviricetes
5516.G.hifi_reads_s1287.ctg001305l||full	Caudoviricetes
5516.G.hifi_reads_s1326.ctg001344l||full	Caudoviricetes
5516.G.hifi_reads_s1358.ctg001376l||full	Caudoviricetes
5516.G.hifi_reads_s1381.ctg001399l||full	Caudoviricetes
5516.G.hifi_reads_s1383.ctg001401l||full	Caudoviricetes
5516.G.hifi_reads_s1394.ctg001412l||full	Caudoviricetes
5516.G.hifi_reads_s1412.ctg001430l||full	Megaviricetes
5516.G.hifi_reads_s1428.ctg001446l||full	Caudoviricetes
5516.G.hifi_reads_s1433.ctg001451l||full	Caudoviricetes
5516.G.hifi_reads_s1435.ctg001453l||full	Caudoviricetes
5516.G.hifi_reads_s1475.ctg001495c||full	Caudoviricetes
5516.G.hifi_reads_s1478.ctg001498l||full	Caudoviricetes
5516.G.hifi_reads_s1502.ctg001522l||full	Caudoviricetes
5516.G.hifi_reads_s1505.ctg001526l||full	Caudoviricetes
5516.G.hifi_reads_s1541.ctg001563l||full	Caudoviricetes
5516.G.hifi_reads_s1550.ctg001572l||full	Caudoviricetes
5516.G.hifi_reads_s1568.ctg001590l||full	Caudoviricetes
5516.G.hifi_reads_s1597.ctg001619l||full	Caudoviricetes
5516.G.hifi_reads_s1598.ctg001620l||full	Caudoviricetes
5516.G.hifi_reads_s1601.ctg001623l||full	Caudoviricetes
5516.G.hifi_reads_s1614.ctg001636l||full	Caudoviricetes
5516.G.hifi_reads_s1624.ctg001646l||full	Caudoviricetes
5516.G.hifi_reads_s1636.ctg001658l||full	Caudoviricetes
5516.G.hifi_reads_s1656.ctg001678l||full	Caudoviricetes
5516.G.hifi_reads_s1714.ctg001736l||full	Caudoviricetes
5516.G.hifi_reads_s1730.ctg001752l||full	Caudoviricetes
5516.G.hifi_reads_s1751.ctg001773l||full	Caudoviricetes
5516.G.hifi_reads_s1785.ctg001807l||full	Caudoviricetes
5516.G.hifi_reads_s1795.ctg001817l||full	Caudoviricetes
5516.G.hifi_reads_s1876.ctg001900l||full	Caudoviricetes
5516.H.hifi_reads_s1676.ctg001896l||full_1	Caudoviricetes
5516.H.hifi_reads_s1763.ctg001994l||full_1	Caudoviricetes
5516.H.hifi_reads_s833.ctg000933l||full	Caudoviricetes
5516.H.hifi_reads_s1031.ctg001155l||full	Caudoviricetes
5516.H.hifi_reads_s1133.ctg001278l||full	Caudoviricetes
5516.H.hifi_reads_s1152.ctg001299l||full	Caudoviricetes
5516.H.hifi_reads_s1886.ctg002141l||full	Caudoviricetes
5516.H.hifi_reads_s2972.ctg003500l||full	Caudoviricetes
5516.I.hifi_reads_s480.ctg000491l||full_1	Caudoviricetes
5516.I.hifi_reads_s499.ctg000511l||full_1	Megaviricetes
5516.I.hifi_reads_s521.ctg000536l||full_1	Megaviricetes
5516.I.hifi_reads_s1068.ctg001108l||full_1	Caudoviricetes
5516.I.hifi_reads_s1122.ctg001165l||full_1	Megaviricetes
5516.I.hifi_reads_s12.ctg000013l||full	Caudoviricetes
5516.I.hifi_reads_s389.ctg000394l||full	Caudoviricetes
5516.I.hifi_reads_s75.ctg000076c||full	Caudoviricetes
5516.I.hifi_reads_s98.ctg000099l||full	Caudoviricetes
5516.I.hifi_reads_s109.ctg000110l||full	Caudoviricetes
5516.I.hifi_reads_s113.ctg000114l||full	Caudoviricetes
5516.I.hifi_reads_s121.ctg000122l||full	Megaviricetes
5516.I.hifi_reads_s125.ctg000126l||full	Caudoviricetes
5516.I.hifi_reads_s130.ctg000131l||full	Caudoviricetes
5516.I.hifi_reads_s131.ctg000132l||full	Caudoviricetes
5516.I.hifi_reads_s36.ctg000137l||full	Caudoviricetes
5516.I.hifi_reads_s143.ctg000145l||full	Megaviricetes
5516.I.hifi_reads_s187.ctg000189l||full	Megaviricetes
5516.I.hifi_reads_s194.ctg000196l||full	Caudoviricetes
5516.I.hifi_reads_s204.ctg000206l||full	Megaviricetes
5516.I.hifi_reads_s220.ctg000222l||full	Caudoviricetes
5516.I.hifi_reads_s226.ctg000228l||full	Caudoviricetes
5516.I.hifi_reads_s229.ctg000231l||full	Caudoviricetes
5516.I.hifi_reads_s244.ctg000246c||full	Caudoviricetes
5516.I.hifi_reads_s264.ctg000266l||full	Caudoviricetes
5516.I.hifi_reads_s269.ctg000271l||full	Caudoviricetes
5516.I.hifi_reads_s296.ctg000298c||full	Caudoviricetes
5516.I.hifi_reads_s319.ctg000322c||full	Caudoviricetes
5516.I.hifi_reads_s324.ctg000327l||full	Caudoviricetes
5516.I.hifi_reads_s338.ctg000341l||full	Caudoviricetes
5516.I.hifi_reads_s356.ctg000360l||full	Caudoviricetes
5516.I.hifi_reads_s362.ctg000366c||full	Caudoviricetes
5516.I.hifi_reads_s363.ctg000367c||full	Caudoviricetes
5516.I.hifi_reads_s371.ctg000375l||full	Caudoviricetes
5516.I.hifi_reads_s372.ctg000376l||full	Megaviricetes
5516.I.hifi_reads_s387.ctg000392l||full	Caudoviricetes
5516.I.hifi_reads_s391.ctg000396l||full	Megaviricetes
5516.I.hifi_reads_s427.ctg000435l||full	Megaviricetes
5516.I.hifi_reads_s451.ctg000459c||full	Caudoviricetes
5516.I.hifi_reads_s452.ctg000461l||full	Caudoviricetes
5516.I.hifi_reads_s462.ctg000471l||full	Caudoviricetes
5516.I.hifi_reads_s463.ctg000472c||full	Caudoviricetes
5516.I.hifi_reads_s12.ctg000489l||full	Caudoviricetes
5516.I.hifi_reads_s495.ctg000506l||full	Caudoviricetes
5516.I.hifi_reads_s511.ctg000524l||full	Caudoviricetes
5516.I.hifi_reads_s167.ctg000531l||full	Caudoviricetes
5516.I.hifi_reads_s532.ctg000548l||full	Megaviricetes
5516.I.hifi_reads_s535.ctg000551l||full	Caudoviricetes
5516.I.hifi_reads_s536.ctg000552c||full	Caudoviricetes
5516.I.hifi_reads_s548.ctg000565c||full	Caudoviricetes
5516.I.hifi_reads_s562.ctg000579l||full	Caudoviricetes
5516.I.hifi_reads_s564.ctg000581l||full	Caudoviricetes
5516.I.hifi_reads_s311.ctg000589l||full	Caudoviricetes
5516.I.hifi_reads_s590.ctg000610c||full	Caudoviricetes
5516.I.hifi_reads_s593.ctg000613l||full	Caudoviricetes
5516.I.hifi_reads_s598.ctg000618l||full	Caudoviricetes
5516.I.hifi_reads_s605.ctg000625l||full	Caudoviricetes
5516.I.hifi_reads_s614.ctg000634c||full	Caudoviricetes
5516.I.hifi_reads_s36.ctg000670l||full	Caudoviricetes
5516.I.hifi_reads_s681.ctg000706l||full	Megaviricetes
5516.I.hifi_reads_s687.ctg000712l||full	Caudoviricetes
5516.I.hifi_reads_s688.ctg000713l||full	Caudoviricetes
5516.I.hifi_reads_s705.ctg000732l||full	Caudoviricetes
5516.I.hifi_reads_s716.ctg000743l||full	Caudoviricetes
5516.I.hifi_reads_s736.ctg000763l||full	Caudoviricetes
5516.I.hifi_reads_s750.ctg000777l||full	Caudoviricetes
5516.I.hifi_reads_s760.ctg000787l||full	Caudoviricetes
5516.I.hifi_reads_s796.ctg000825l||full	Caudoviricetes
5516.I.hifi_reads_s802.ctg000831l||full	Caudoviricetes
5516.I.hifi_reads_s813.ctg000842l||full	Caudoviricetes
5516.I.hifi_reads_s824.ctg000854l||full	Caudoviricetes
5516.I.hifi_reads_s841.ctg000871l||full	Caudoviricetes
5516.I.hifi_reads_s884.ctg000915l||full	Caudoviricetes
5516.I.hifi_reads_s886.ctg000917l||full	Caudoviricetes
5516.I.hifi_reads_s897.ctg000929l||full	Caudoviricetes
5516.I.hifi_reads_s921.ctg000953l||full	Caudoviricetes
5516.I.hifi_reads_s269.ctg001001l||full	Caudoviricetes
5516.I.hifi_reads_s1010.ctg001047l||full	Caudoviricetes
5516.I.hifi_reads_s1014.ctg001052c||full	Caudoviricetes
5516.I.hifi_reads_s1119.ctg001161l||full	Caudoviricetes
5516.I.hifi_reads_s269.ctg001220l||full	Caudoviricetes
5516.I.hifi_reads_s1175.ctg001221l||full	Caudoviricetes
5516.I.hifi_reads_s1188.ctg001235l||full	Caudoviricetes
5516.I.hifi_reads_s269.ctg001244l||full	Caudoviricetes
5516.I.hifi_reads_s1199.ctg001249l||full	Megaviricetes
5516.I.hifi_reads_s1201.ctg001252l||full	Caudoviricetes
5516.I.hifi_reads_s1208.ctg001260l||full	Caudoviricetes
5516.J.hifi_reads_s113.ctg000115l||full_1	Caudoviricetes
5516.J.hifi_reads_s264.ctg000267l||full_1	Megaviricetes
5516.J.hifi_reads_s545.ctg000548l||full_1	Caudoviricetes
5516.J.hifi_reads_s1360.ctg001364l||full_1	Caudoviricetes
5516.J.hifi_reads_s15.ctg000016l||full	Caudoviricetes
5516.J.hifi_reads_s77.ctg000079l||full	Caudoviricetes
5516.J.hifi_reads_s142.ctg000144l||full	Caudoviricetes
5516.J.hifi_reads_s145.ctg000147l||full	Caudoviricetes
5516.J.hifi_reads_s28.ctg000183l||full	Caudoviricetes
5516.J.hifi_reads_s194.ctg000197l||full	Caudoviricetes
5516.J.hifi_reads_s228.ctg000231l||full	Megaviricetes
5516.J.hifi_reads_s236.ctg000239l||full	Megaviricetes
5516.J.hifi_reads_s238.ctg000241l||full	Caudoviricetes
5516.J.hifi_reads_s261.ctg000264c||full	Caudoviricetes
5516.J.hifi_reads_s289.ctg000292l||full	Caudoviricetes
5516.J.hifi_reads_s293.ctg000296l||full	Megaviricetes
5516.J.hifi_reads_s308.ctg000311l||full	Caudoviricetes
5516.J.hifi_reads_s327.ctg000330l||full	Megaviricetes
5516.J.hifi_reads_s336.ctg000339l||full	Megaviricetes
5516.J.hifi_reads_s343.ctg000346l||full	Caudoviricetes
5516.J.hifi_reads_s350.ctg000353l||full	Caudoviricetes
5516.J.hifi_reads_s383.ctg000386l||full	Caudoviricetes
5516.J.hifi_reads_s385.ctg000388l||full	Megaviricetes
5516.J.hifi_reads_s415.ctg000418l||full	Caudoviricetes
5516.J.hifi_reads_s456.ctg000459l||full	Caudoviricetes
5516.J.hifi_reads_s470.ctg000473l||full	Megaviricetes
5516.J.hifi_reads_s473.ctg000476l||full	Caudoviricetes
5516.J.hifi_reads_s528.ctg000531l||full	Caudoviricetes
5516.J.hifi_reads_s542.ctg000545l||full	Caudoviricetes
5516.J.hifi_reads_s549.ctg000552c||full	Caudoviricetes
5516.J.hifi_reads_s577.ctg000580l||full	Caudoviricetes
5516.J.hifi_reads_s584.ctg000587l||full	Caudoviricetes
5516.J.hifi_reads_s593.ctg000596l||full	Caudoviricetes
5516.J.hifi_reads_s602.ctg000605l||full	Caudoviricetes
5516.J.hifi_reads_s624.ctg000627l||full	Caudoviricetes
5516.J.hifi_reads_s636.ctg000639l||full	Caudoviricetes
5516.J.hifi_reads_s650.ctg000653l||full	Caudoviricetes
5516.J.hifi_reads_s682.ctg000685l||full	Megaviricetes
5516.J.hifi_reads_s738.ctg000741l||full	Caudoviricetes
5516.J.hifi_reads_s749.ctg000752l||full	Caudoviricetes
5516.J.hifi_reads_s752.ctg000755l||full	Megaviricetes
5516.J.hifi_reads_s757.ctg000760l||full	Caudoviricetes
5516.J.hifi_reads_s761.ctg000764l||full	Megaviricetes
5516.J.hifi_reads_s789.ctg000792l||full	Other
5516.J.hifi_reads_s794.ctg000797l||full	Caudoviricetes
5516.J.hifi_reads_s814.ctg000817l||full	Caudoviricetes
5516.J.hifi_reads_s874.ctg000877l||full	Caudoviricetes
5516.J.hifi_reads_s875.ctg000878l||full	Caudoviricetes
5516.J.hifi_reads_s878.ctg000881l||full	Caudoviricetes
5516.J.hifi_reads_s883.ctg000886l||full	Caudoviricetes
5516.J.hifi_reads_s893.ctg000896l||full	Caudoviricetes
5516.J.hifi_reads_s914.ctg000917l||full	Megaviricetes
5516.J.hifi_reads_s928.ctg000931l||full	Caudoviricetes
5516.J.hifi_reads_s941.ctg000944l||full	Caudoviricetes
5516.J.hifi_reads_s1006.ctg001009l||full	Caudoviricetes
5516.J.hifi_reads_s1008.ctg001011l||full	Caudoviricetes
5516.J.hifi_reads_s1018.ctg001021l||full	Caudoviricetes
5516.J.hifi_reads_s1035.ctg001039l||full	Caudoviricetes
5516.J.hifi_reads_s1056.ctg001060l||full	Caudoviricetes
5516.J.hifi_reads_s1061.ctg001065l||full	Megaviricetes
5516.J.hifi_reads_s1067.ctg001071l||full	Caudoviricetes
5516.J.hifi_reads_s1068.ctg001072l||full	Megaviricetes
5516.J.hifi_reads_s1081.ctg001085l||full	Megaviricetes
5516.J.hifi_reads_s1112.ctg001116l||full	Caudoviricetes
5516.J.hifi_reads_s1137.ctg001141l||full	Caudoviricetes
5516.J.hifi_reads_s1157.ctg001161l||full	Megaviricetes
5516.J.hifi_reads_s1181.ctg001185l||full	Caudoviricetes
5516.J.hifi_reads_s1203.ctg001207l||full	Megaviricetes
5516.J.hifi_reads_s1277.ctg001281l||full	Caudoviricetes
5516.J.hifi_reads_s1311.ctg001315l||full	Caudoviricetes
5516.J.hifi_reads_s1317.ctg001321l||full	Caudoviricetes
5516.J.hifi_reads_s1319.ctg001323l||full	Megaviricetes
5516.J.hifi_reads_s1338.ctg001342l||full	Caudoviricetes
5516.J.hifi_reads_s1349.ctg001353l||full	Caudoviricetes
5516.J.hifi_reads_s1358.ctg001362l||full	Caudoviricetes
5516.J.hifi_reads_s1366.ctg001370l||full	Caudoviricetes
5516.J.hifi_reads_s28.ctg001394l||full	Caudoviricetes
5516.J.hifi_reads_s1398.ctg001403l||full	Caudoviricetes
5516.J.hifi_reads_s1432.ctg001437l||full	Caudoviricetes
5516.J.hifi_reads_s1452.ctg001457l||full	Caudoviricetes
5516.J.hifi_reads_s1458.ctg001463l||full	Megaviricetes
5516.J.hifi_reads_s1467.ctg001472l||full	Caudoviricetes
5516.J.hifi_reads_s1496.ctg001501l||full	Megaviricetes
5516.J.hifi_reads_s1503.ctg001508l||full	Caudoviricetes
5516.J.hifi_reads_s1514.ctg001519l||full	Caudoviricetes
5516.J.hifi_reads_s28.ctg001546l||full	Caudoviricetes
5516.J.hifi_reads_s28.ctg001597l||full	Caudoviricetes
5516.J.hifi_reads_s1606.ctg001613l||full	Megaviricetes
5516.J.hifi_reads_s1629.ctg001636l||full	Caudoviricetes
5516.J.hifi_reads_s1658.ctg001666l||full	Caudoviricetes
5516.J.hifi_reads_s1748.ctg001756l||full	Caudoviricetes
5516.J.hifi_reads_s1775.ctg001783l||full	Megaviricetes
5516.J.hifi_reads_s1797.ctg001805l||full	Megaviricetes
5516.J.hifi_reads_s1806.ctg001814l||full	Caudoviricetes
5516.K.hifi_reads_s0.ctg000001l||full_1	Caudoviricetes
5516.K.hifi_reads_s17.ctg000018l||full_1	Caudoviricetes
5516.K.hifi_reads_s261.ctg000268l||full_1	Caudoviricetes
5516.K.hifi_reads_s9.ctg000010l||full	Caudoviricetes
5516.K.hifi_reads_s10.ctg000011l||full	Caudoviricetes
5516.K.hifi_reads_s18.ctg000019l||full	Caudoviricetes
5516.K.hifi_reads_s21.ctg000022l||full	Caudoviricetes
5516.K.hifi_reads_s22.ctg000023l||full	Caudoviricetes
5516.K.hifi_reads_s23.ctg000024l||full	Caudoviricetes
5516.K.hifi_reads_s25.ctg000026l||full	Caudoviricetes
5516.K.hifi_reads_s30.ctg000031l||full	Caudoviricetes
5516.K.hifi_reads_s33.ctg000034l||full	Caudoviricetes
5516.K.hifi_reads_s34.ctg000035l||full	Caudoviricetes
5516.K.hifi_reads_s1.ctg000045l||full	Caudoviricetes
5516.K.hifi_reads_s47.ctg000049c||full	Caudoviricetes
5516.K.hifi_reads_s52.ctg000054l||full	Caudoviricetes
5516.K.hifi_reads_s55.ctg000057l||full	Caudoviricetes
5516.K.hifi_reads_s58.ctg000060l||full	Caudoviricetes
5516.K.hifi_reads_s62.ctg000064l||full	Caudoviricetes
5516.K.hifi_reads_s63.ctg000065l||full	Caudoviricetes
5516.K.hifi_reads_s74.ctg000076l||full	Caudoviricetes
5516.K.hifi_reads_s80.ctg000082c||full	Caudoviricetes
5516.K.hifi_reads_s86.ctg000088c||full	Caudoviricetes
5516.K.hifi_reads_s97.ctg000100l||full	Caudoviricetes
5516.K.hifi_reads_s109.ctg000112l||full	Caudoviricetes
5516.K.hifi_reads_s110.ctg000113l||full	Caudoviricetes
5516.K.hifi_reads_s111.ctg000114l||full	Caudoviricetes
5516.K.hifi_reads_s113.ctg000116l||full	Caudoviricetes
5516.K.hifi_reads_s115.ctg000119l||full	Caudoviricetes
5516.K.hifi_reads_s117.ctg000121l||full	Caudoviricetes
5516.K.hifi_reads_s121.ctg000125l||full	Caudoviricetes
5516.K.hifi_reads_s124.ctg000128l||full	Caudoviricetes
5516.K.hifi_reads_s125.ctg000129l||full	Caudoviricetes
5516.K.hifi_reads_s128.ctg000132l||full	Megaviricetes
5516.K.hifi_reads_s131.ctg000135l||full	Caudoviricetes
5516.K.hifi_reads_s132.ctg000136l||full	Caudoviricetes
5516.K.hifi_reads_s133.ctg000137l||full	Caudoviricetes
5516.K.hifi_reads_s135.ctg000139l||full	Caudoviricetes
5516.K.hifi_reads_s1.ctg000160l||full	Caudoviricetes
5516.K.hifi_reads_s156.ctg000162l||full	Caudoviricetes
5516.K.hifi_reads_s158.ctg000164l||full	Caudoviricetes
5516.K.hifi_reads_s160.ctg000166l||full	Caudoviricetes
5516.K.hifi_reads_s161.ctg000167l||full	Caudoviricetes
5516.K.hifi_reads_s164.ctg000170l||full	Caudoviricetes
5516.K.hifi_reads_s165.ctg000171l||full	Caudoviricetes
5516.K.hifi_reads_s167.ctg000173l||full	Caudoviricetes
5516.K.hifi_reads_s168.ctg000174l||full	Megaviricetes
5516.K.hifi_reads_s170.ctg000176c||full	Caudoviricetes
5516.K.hifi_reads_s177.ctg000183l||full	Caudoviricetes
5516.K.hifi_reads_s180.ctg000186l||full	Caudoviricetes
5516.K.hifi_reads_s181.ctg000187l||full	Caudoviricetes
5516.K.hifi_reads_s186.ctg000192l||full	Caudoviricetes
5516.K.hifi_reads_s191.ctg000197l||full	Caudoviricetes
5516.K.hifi_reads_s193.ctg000199l||full	Caudoviricetes
5516.K.hifi_reads_s195.ctg000201l||full	Caudoviricetes
5516.K.hifi_reads_s199.ctg000205l||full	Caudoviricetes
5516.K.hifi_reads_s206.ctg000212l||full	Caudoviricetes
5516.K.hifi_reads_s208.ctg000214l||full	Caudoviricetes
5516.K.hifi_reads_s211.ctg000217l||full	Caudoviricetes
5516.K.hifi_reads_s216.ctg000222l||full	Caudoviricetes
5516.K.hifi_reads_s222.ctg000228l||full	Caudoviricetes
5516.K.hifi_reads_s232.ctg000238l||full	Caudoviricetes
5516.K.hifi_reads_s234.ctg000240l||full	Caudoviricetes
5516.K.hifi_reads_s243.ctg000249l||full	Caudoviricetes
5516.K.hifi_reads_s258.ctg000265l||full	Caudoviricetes
5516.K.hifi_reads_s264.ctg000271l||full	Caudoviricetes
5516.K.hifi_reads_s267.ctg000274l||full	Caudoviricetes
5516.K.hifi_reads_s274.ctg000281l||full	Caudoviricetes
5516.K.hifi_reads_s275.ctg000282l||full	Megaviricetes
5516.K.hifi_reads_s284.ctg000291l||full	Caudoviricetes
5516.K.hifi_reads_s293.ctg000300l||full	Caudoviricetes
5516.K.hifi_reads_s308.ctg000315l||full	Caudoviricetes
5516.K.hifi_reads_s309.ctg000316l||full	Caudoviricetes
5516.K.hifi_reads_s319.ctg000326c||full	Caudoviricetes
5516.K.hifi_reads_s320.ctg000327l||full	Caudoviricetes
5516.K.hifi_reads_s323.ctg000330l||full	Caudoviricetes
5516.K.hifi_reads_s329.ctg000336l||full	Caudoviricetes
5516.K.hifi_reads_s330.ctg000337l||full	Caudoviricetes
5516.K.hifi_reads_s341.ctg000348l||full	Caudoviricetes
5516.K.hifi_reads_s342.ctg000349l||full	Caudoviricetes
5516.K.hifi_reads_s343.ctg000350l||full	Caudoviricetes
5516.K.hifi_reads_s345.ctg000352l||full	Caudoviricetes
5516.K.hifi_reads_s346.ctg000353l||full	Caudoviricetes
5516.K.hifi_reads_s348.ctg000355l||full	Caudoviricetes
5516.K.hifi_reads_s352.ctg000359l||full	Caudoviricetes
5516.K.hifi_reads_s372.ctg000379l||full	Caudoviricetes
5516.K.hifi_reads_s376.ctg000383l||full	Caudoviricetes
5516.K.hifi_reads_s383.ctg000390l||full	Caudoviricetes
5516.K.hifi_reads_s384.ctg000391l||full	Caudoviricetes
5516.K.hifi_reads_s386.ctg000393l||full	Caudoviricetes
5516.K.hifi_reads_s404.ctg000411l||full	Caudoviricetes
5516.K.hifi_reads_s405.ctg000412l||full	Caudoviricetes
5516.K.hifi_reads_s411.ctg000418l||full	Caudoviricetes
5516.K.hifi_reads_s415.ctg000423l||full	Caudoviricetes
5516.K.hifi_reads_s418.ctg000426l||full	Caudoviricetes
5516.K.hifi_reads_s430.ctg000438l||full	Caudoviricetes
5516.K.hifi_reads_s432.ctg000440l||full	Caudoviricetes
5516.K.hifi_reads_s434.ctg000442l||full	Caudoviricetes
5516.K.hifi_reads_s444.ctg000452l||full	Caudoviricetes
5516.K.hifi_reads_s450.ctg000458l||full	Caudoviricetes
5516.K.hifi_reads_s468.ctg000477l||full	Caudoviricetes
5516.K.hifi_reads_s480.ctg000489l||full	Caudoviricetes
5516.K.hifi_reads_s484.ctg000493l||full	Caudoviricetes
5516.K.hifi_reads_s490.ctg000499l||full	Caudoviricetes
5516.K.hifi_reads_s515.ctg000524l||full	Caudoviricetes
5516.K.hifi_reads_s526.ctg000535l||full	Megaviricetes
5516.K.hifi_reads_s528.ctg000537l||full	Caudoviricetes
5516.K.hifi_reads_s557.ctg000566l||full	Arfiviricetes
5516.K.hifi_reads_s559.ctg000568l||full	Megaviricetes
5516.K.hifi_reads_s561.ctg000570l||full	Caudoviricetes
5516.K.hifi_reads_s567.ctg000576l||full	Caudoviricetes
5516.K.hifi_reads_s568.ctg000577l||full	Caudoviricetes
5516.L.hifi_reads_s16.ctg000017l||full_1	Caudoviricetes
5516.L.hifi_reads_s350.ctg000352l||full_1	Caudoviricetes
5516.L.hifi_reads_s554.ctg000562l||full_1	Caudoviricetes
5516.L.hifi_reads_s735.ctg000745l||full_1	Caudoviricetes
5516.L.hifi_reads_s756.ctg000767l||full_1	Caudoviricetes
5516.L.hifi_reads_s781.ctg000792l||full_1	Caudoviricetes
5516.L.hifi_reads_s938.ctg000953l||full_1	Caudoviricetes
5516.L.hifi_reads_s1041.ctg001060l||full_1	Caudoviricetes
5516.L.hifi_reads_s1111.ctg001131l||full_1	Caudoviricetes
5516.L.hifi_reads_s1120.ctg001140l||full_1	Caudoviricetes
5516.L.hifi_reads_s1311.ctg001337l||full_1	Caudoviricetes
5516.L.hifi_reads_s1326.ctg001352l||full_1	Caudoviricetes
5516.L.hifi_reads_s1484.ctg001517l||full_1	Caudoviricetes
5516.L.hifi_reads_s1507.ctg001540l||full_1	Caudoviricetes
5516.L.hifi_reads_s1591.ctg001626l||full_1	Caudoviricetes
5516.L.hifi_reads_s1616.ctg001652l||full_1	Caudoviricetes
5516.L.hifi_reads_s1765.ctg001802l||full_1	Caudoviricetes
5516.L.hifi_reads_s1788.ctg001826l||full_1	Caudoviricetes
5516.L.hifi_reads_s1817.ctg001856l||full_1	Caudoviricetes
5516.L.hifi_reads_s2042.ctg002096l||full_1	Caudoviricetes
5516.L.hifi_reads_s2228.ctg002289l||full_1	Caudoviricetes
5516.L.hifi_reads_s2276.ctg002337l||full_1	Caudoviricetes
5516.L.hifi_reads_s2628.ctg002712l||full_1	Caudoviricetes
5516.L.hifi_reads_s2660.ctg002746l||full_1	Caudoviricetes
5516.L.hifi_reads_s9.ctg000010l||full	Caudoviricetes
5516.L.hifi_reads_s10.ctg000011l||full	Caudoviricetes
5516.L.hifi_reads_s19.ctg000020l||full	Caudoviricetes
5516.L.hifi_reads_s30.ctg000031l||full	Caudoviricetes
5516.L.hifi_reads_s42.ctg000043l||full	Caudoviricetes
5516.L.hifi_reads_s45.ctg000046l||full	Caudoviricetes
5516.L.hifi_reads_s49.ctg000050l||full	Caudoviricetes
5516.L.hifi_reads_s53.ctg000054l||full	Caudoviricetes
5516.L.hifi_reads_s55.ctg000056l||full	Caudoviricetes
5516.L.hifi_reads_s58.ctg000059l||full	Caudoviricetes
5516.L.hifi_reads_s60.ctg000061l||full	Caudoviricetes
5516.L.hifi_reads_s72.ctg000073l||full	Caudoviricetes
5516.L.hifi_reads_s75.ctg000076l||full	Caudoviricetes
5516.L.hifi_reads_s76.ctg000077l||full	Caudoviricetes
5516.L.hifi_reads_s80.ctg000081l||full	Caudoviricetes
5516.L.hifi_reads_s101.ctg000102l||full	Caudoviricetes
5516.L.hifi_reads_s104.ctg000105l||full	Caudoviricetes
5516.L.hifi_reads_s107.ctg000108l||full	Caudoviricetes
5516.L.hifi_reads_s109.ctg000110l||full	Caudoviricetes
5516.L.hifi_reads_s130.ctg000131l||full	Caudoviricetes
5516.L.hifi_reads_s138.ctg000139l||full	Caudoviricetes
5516.L.hifi_reads_s146.ctg000147l||full	Caudoviricetes
5516.L.hifi_reads_s158.ctg000159l||full	Caudoviricetes
5516.L.hifi_reads_s161.ctg000162l||full	Caudoviricetes
5516.L.hifi_reads_s163.ctg000164l||full	Caudoviricetes
5516.L.hifi_reads_s164.ctg000165l||full	Caudoviricetes
5516.L.hifi_reads_s166.ctg000167c||full	Caudoviricetes
5516.L.hifi_reads_s167.ctg000168l||full	Caudoviricetes
5516.L.hifi_reads_s168.ctg000169l||full	Caudoviricetes
5516.L.hifi_reads_s170.ctg000171l||full	Caudoviricetes
5516.L.hifi_reads_s172.ctg000173l||full	Caudoviricetes
5516.L.hifi_reads_s176.ctg000177l||full	Caudoviricetes
5516.L.hifi_reads_s183.ctg000184c||full	Caudoviricetes
5516.L.hifi_reads_s186.ctg000187l||full	Caudoviricetes
5516.L.hifi_reads_s190.ctg000191l||full	Caudoviricetes
5516.L.hifi_reads_s192.ctg000193c||full	Caudoviricetes
5516.L.hifi_reads_s200.ctg000201l||full	Caudoviricetes
5516.L.hifi_reads_s206.ctg000207l||full	Caudoviricetes
5516.L.hifi_reads_s208.ctg000209l||full	Caudoviricetes
5516.L.hifi_reads_s210.ctg000211l||full	Caudoviricetes
5516.L.hifi_reads_s213.ctg000214l||full	Caudoviricetes
5516.L.hifi_reads_s214.ctg000215l||full	Caudoviricetes
5516.L.hifi_reads_s223.ctg000224l||full	Caudoviricetes
5516.L.hifi_reads_s225.ctg000226l||full	Caudoviricetes
5516.L.hifi_reads_s230.ctg000231l||full	Caudoviricetes
5516.L.hifi_reads_s233.ctg000234l||full	Caudoviricetes
5516.L.hifi_reads_s240.ctg000241l||full	Caudoviricetes
5516.L.hifi_reads_s243.ctg000244l||full	Caudoviricetes
5516.L.hifi_reads_s246.ctg000247l||full	Caudoviricetes
5516.L.hifi_reads_s250.ctg000252l||full	Caudoviricetes
5516.L.hifi_reads_s251.ctg000253l||full	Caudoviricetes
5516.L.hifi_reads_s256.ctg000258l||full	Caudoviricetes
5516.L.hifi_reads_s257.ctg000259l||full	Caudoviricetes
5516.L.hifi_reads_s262.ctg000264l||full	Caudoviricetes
5516.L.hifi_reads_s265.ctg000267l||full	Caudoviricetes
5516.L.hifi_reads_s286.ctg000288l||full	Caudoviricetes
5516.L.hifi_reads_s288.ctg000290l||full	Caudoviricetes
5516.L.hifi_reads_s290.ctg000292l||full	Caudoviricetes
5516.L.hifi_reads_s293.ctg000295l||full	Caudoviricetes
5516.L.hifi_reads_s304.ctg000306l||full	Caudoviricetes
5516.L.hifi_reads_s308.ctg000310l||full	Caudoviricetes
5516.L.hifi_reads_s326.ctg000328l||full	Caudoviricetes
5516.L.hifi_reads_s327.ctg000329l||full	Caudoviricetes
5516.L.hifi_reads_s332.ctg000334l||full	Caudoviricetes
5516.L.hifi_reads_s340.ctg000342l||full	Caudoviricetes
5516.L.hifi_reads_s345.ctg000347l||full	Caudoviricetes
5516.L.hifi_reads_s354.ctg000357l||full	Caudoviricetes
5516.L.hifi_reads_s365.ctg000368l||full	Caudoviricetes
5516.L.hifi_reads_s368.ctg000371l||full	Caudoviricetes
5516.L.hifi_reads_s376.ctg000379l||full	Caudoviricetes
5516.L.hifi_reads_s378.ctg000381l||full	Caudoviricetes
5516.L.hifi_reads_s382.ctg000385l||full	Caudoviricetes
5516.L.hifi_reads_s383.ctg000386l||full	Caudoviricetes
5516.L.hifi_reads_s388.ctg000391l||full	Caudoviricetes
5516.L.hifi_reads_s389.ctg000392l||full	Caudoviricetes
5516.L.hifi_reads_s390.ctg000393l||full	Caudoviricetes
5516.L.hifi_reads_s401.ctg000404c||full	Caudoviricetes
5516.L.hifi_reads_s402.ctg000405l||full	Caudoviricetes
5516.L.hifi_reads_s405.ctg000408l||full	Caudoviricetes
5516.L.hifi_reads_s408.ctg000411l||full	Caudoviricetes
5516.L.hifi_reads_s421.ctg000425l||full	Caudoviricetes
5516.L.hifi_reads_s422.ctg000426l||full	Caudoviricetes
5516.L.hifi_reads_s427.ctg000431c||full	Caudoviricetes
5516.L.hifi_reads_s438.ctg000443l||full	Caudoviricetes
5516.L.hifi_reads_s4.ctg000444l||full	Caudoviricetes
5516.L.hifi_reads_s448.ctg000454l||full	Caudoviricetes
5516.L.hifi_reads_s451.ctg000457l||full	Caudoviricetes
5516.L.hifi_reads_s461.ctg000468l||full	Caudoviricetes
5516.L.hifi_reads_s463.ctg000470l||full	Caudoviricetes
5516.L.hifi_reads_s476.ctg000483l||full	Caudoviricetes
5516.L.hifi_reads_s4.ctg000485l||full	Caudoviricetes
5516.L.hifi_reads_s479.ctg000487l||full	Caudoviricetes
5516.L.hifi_reads_s499.ctg000507l||full	Caudoviricetes
5516.L.hifi_reads_s503.ctg000511c||full	Caudoviricetes
5516.L.hifi_reads_s511.ctg000519l||full	Caudoviricetes
5516.L.hifi_reads_s512.ctg000520c||full	Caudoviricetes
5516.L.hifi_reads_s515.ctg000523l||full	Caudoviricetes
5516.L.hifi_reads_s522.ctg000530l||full	Caudoviricetes
5516.L.hifi_reads_s525.ctg000533l||full	Caudoviricetes
5516.L.hifi_reads_s528.ctg000536l||full	Caudoviricetes
5516.L.hifi_reads_s529.ctg000537l||full	Caudoviricetes
5516.L.hifi_reads_s535.ctg000543l||full	Caudoviricetes
5516.L.hifi_reads_s544.ctg000552l||full	Caudoviricetes
5516.L.hifi_reads_s587.ctg000595l||full	Caudoviricetes
5516.L.hifi_reads_s603.ctg000611l||full	Caudoviricetes
5516.L.hifi_reads_s55.ctg000631l||full	Caudoviricetes
5516.L.hifi_reads_s628.ctg000637l||full	Caudoviricetes
5516.L.hifi_reads_s634.ctg000643l||full	Caudoviricetes
5516.L.hifi_reads_s635.ctg000644l||full	Caudoviricetes
5516.L.hifi_reads_s659.ctg000669l||full	Caudoviricetes
5516.L.hifi_reads_s668.ctg000678c||full	Caudoviricetes
5516.L.hifi_reads_s671.ctg000681l||full	Caudoviricetes
5516.L.hifi_reads_s684.ctg000694l||full	Caudoviricetes
5516.L.hifi_reads_s685.ctg000695l||full	Caudoviricetes
5516.L.hifi_reads_s713.ctg000723l||full	Caudoviricetes
5516.L.hifi_reads_s719.ctg000729l||full	Caudoviricetes
5516.L.hifi_reads_s402.ctg000756l||full	Caudoviricetes
5516.L.hifi_reads_s748.ctg000759l||full	Caudoviricetes
5516.L.hifi_reads_s761.ctg000772l||full	Caudoviricetes
5516.L.hifi_reads_s771.ctg000782l||full	Caudoviricetes
5516.L.hifi_reads_s776.ctg000787l||full	Caudoviricetes
5516.L.hifi_reads_s777.ctg000788c||full	Caudoviricetes
5516.L.hifi_reads_s778.ctg000789l||full	Caudoviricetes
5516.L.hifi_reads_s784.ctg000795l||full	Caudoviricetes
5516.L.hifi_reads_s790.ctg000801l||full	Caudoviricetes
5516.L.hifi_reads_s792.ctg000803l||full	Caudoviricetes
5516.L.hifi_reads_s801.ctg000812l||full	Caudoviricetes
5516.L.hifi_reads_s806.ctg000817l||full	Caudoviricetes
5516.L.hifi_reads_s826.ctg000837l||full	Caudoviricetes
5516.L.hifi_reads_s827.ctg000838l||full	Caudoviricetes
5516.L.hifi_reads_s828.ctg000839l||full	Caudoviricetes
5516.L.hifi_reads_s830.ctg000841l||full	Caudoviricetes
5516.L.hifi_reads_s833.ctg000844c||full	Caudoviricetes
5516.L.hifi_reads_s837.ctg000848l||full	Caudoviricetes
5516.L.hifi_reads_s839.ctg000850l||full	Caudoviricetes
5516.L.hifi_reads_s328.ctg000853l||full	Caudoviricetes
5516.L.hifi_reads_s843.ctg000855l||full	Caudoviricetes
5516.L.hifi_reads_s845.ctg000857l||full	Caudoviricetes
5516.L.hifi_reads_s847.ctg000860c||full	Caudoviricetes
5516.L.hifi_reads_s848.ctg000861l||full	Caudoviricetes
5516.L.hifi_reads_s853.ctg000866l||full	Caudoviricetes
5516.L.hifi_reads_s866.ctg000879l||full	Caudoviricetes
5516.L.hifi_reads_s55.ctg000896l||full	Caudoviricetes
5516.L.hifi_reads_s904.ctg000918l||full	Caudoviricetes
5516.L.hifi_reads_s905.ctg000919l||full	Caudoviricetes
5516.L.hifi_reads_s916.ctg000930l||full	Caudoviricetes
5516.L.hifi_reads_s923.ctg000938l||full	Caudoviricetes
5516.L.hifi_reads_s933.ctg000948l||full	Caudoviricetes
5516.L.hifi_reads_s941.ctg000956l||full	Caudoviricetes
5516.L.hifi_reads_s943.ctg000958l||full	Caudoviricetes
5516.L.hifi_reads_s951.ctg000966l||full	Caudoviricetes
5516.L.hifi_reads_s953.ctg000969l||full	Caudoviricetes
5516.L.hifi_reads_s301.ctg000981l||full	Caudoviricetes
5516.L.hifi_reads_s973.ctg000990l||full	Caudoviricetes
5516.L.hifi_reads_s978.ctg000995l||full	Caudoviricetes
5516.L.hifi_reads_s982.ctg001000l||full	Caudoviricetes
5516.L.hifi_reads_s989.ctg001007l||full	Caudoviricetes
5516.L.hifi_reads_s1000.ctg001018l||full	Caudoviricetes
5516.L.hifi_reads_s1002.ctg001020l||full	Caudoviricetes
5516.L.hifi_reads_s1004.ctg001022l||full	Caudoviricetes
5516.L.hifi_reads_s1013.ctg001031l||full	Caudoviricetes
5516.L.hifi_reads_s1022.ctg001040l||full	Caudoviricetes
5516.L.hifi_reads_s1030.ctg001049l||full	Caudoviricetes
5516.L.hifi_reads_s1032.ctg001051l||full	Caudoviricetes
5516.L.hifi_reads_s1042.ctg001061l||full	Caudoviricetes
5516.L.hifi_reads_s1043.ctg001062l||full	Caudoviricetes
5516.L.hifi_reads_s1048.ctg001067l||full	Caudoviricetes
5516.L.hifi_reads_s1051.ctg001070l||full	Caudoviricetes
5516.L.hifi_reads_s1054.ctg001073c||full	Caudoviricetes
5516.L.hifi_reads_s1074.ctg001093l||full	Caudoviricetes
5516.L.hifi_reads_s1077.ctg001096l||full	Caudoviricetes
5516.L.hifi_reads_s1081.ctg001100l||full	Caudoviricetes
5516.L.hifi_reads_s1084.ctg001103l||full	Caudoviricetes
5516.L.hifi_reads_s1087.ctg001106l||full	Caudoviricetes
5516.L.hifi_reads_s1089.ctg001108l||full	Caudoviricetes
5516.L.hifi_reads_s4.ctg001119l||full	Caudoviricetes
5516.L.hifi_reads_s1101.ctg001121l||full	Caudoviricetes
5516.L.hifi_reads_s1103.ctg001123l||full	Caudoviricetes
5516.L.hifi_reads_s1112.ctg001132l||full	Caudoviricetes
5516.L.hifi_reads_s1114.ctg001134l||full	Caudoviricetes
5516.L.hifi_reads_s1121.ctg001141l||full	Caudoviricetes
5516.L.hifi_reads_s1128.ctg001148l||full	Caudoviricetes
5516.L.hifi_reads_s1129.ctg001149l||full	Caudoviricetes
5516.L.hifi_reads_s4.ctg001151l||full	Caudoviricetes
5516.L.hifi_reads_s1137.ctg001158l||full	Caudoviricetes
5516.L.hifi_reads_s1138.ctg001159l||full	Caudoviricetes
5516.L.hifi_reads_s55.ctg001163l||full	Caudoviricetes
5516.L.hifi_reads_s1147.ctg001169l||full	Caudoviricetes
5516.L.hifi_reads_s1154.ctg001176l||full	Caudoviricetes
5516.L.hifi_reads_s1166.ctg001188l||full	Caudoviricetes
5516.L.hifi_reads_s1169.ctg001191c||full	Caudoviricetes
5516.L.hifi_reads_s1170.ctg001192c||full	Caudoviricetes
5516.L.hifi_reads_s1190.ctg001212l||full	Caudoviricetes
5516.L.hifi_reads_s1192.ctg001214l||full	Caudoviricetes
5516.L.hifi_reads_s1197.ctg001219c||full	Caudoviricetes
5516.L.hifi_reads_s1220.ctg001242c||full	Caudoviricetes
5516.L.hifi_reads_s1225.ctg001247l||full	Caudoviricetes
5516.L.hifi_reads_s1226.ctg001248l||full	Caudoviricetes
5516.L.hifi_reads_s1227.ctg001249l||full	Caudoviricetes
5516.L.hifi_reads_s4.ctg001256l||full	Caudoviricetes
5516.L.hifi_reads_s1238.ctg001261l||full	Caudoviricetes
5516.L.hifi_reads_s1239.ctg001262l||full	Caudoviricetes
5516.L.hifi_reads_s1242.ctg001266c||full	Caudoviricetes
5516.L.hifi_reads_s1256.ctg001280l||full	Caudoviricetes
5516.L.hifi_reads_s1262.ctg001286l||full	Caudoviricetes
5516.L.hifi_reads_s1263.ctg001287l||full	Caudoviricetes
5516.L.hifi_reads_s1276.ctg001300l||full	Caudoviricetes
5516.L.hifi_reads_s1286.ctg001311l||full	Caudoviricetes
5516.L.hifi_reads_s1292.ctg001317l||full	Caudoviricetes
5516.L.hifi_reads_s328.ctg001326l||full	Caudoviricetes
5516.L.hifi_reads_s1313.ctg001339l||full	Caudoviricetes
5516.L.hifi_reads_s1314.ctg001340l||full	Caudoviricetes
5516.L.hifi_reads_s1333.ctg001359l||full	Caudoviricetes
5516.L.hifi_reads_s1338.ctg001364l||full	Caudoviricetes
5516.L.hifi_reads_s1346.ctg001372l||full	Caudoviricetes
5516.L.hifi_reads_s1351.ctg001377l||full	Caudoviricetes
5516.L.hifi_reads_s1355.ctg001381l||full	Caudoviricetes
5516.L.hifi_reads_s1365.ctg001391l||full	Caudoviricetes
5516.L.hifi_reads_s1366.ctg001392l||full	Caudoviricetes
5516.L.hifi_reads_s1372.ctg001398l||full	Caudoviricetes
5516.L.hifi_reads_s1375.ctg001401l||full	Caudoviricetes
5516.L.hifi_reads_s1379.ctg001406l||full	Caudoviricetes
5516.L.hifi_reads_s1383.ctg001410l||full	Caudoviricetes
5516.L.hifi_reads_s1396.ctg001423l||full	Caudoviricetes
5516.L.hifi_reads_s1410.ctg001438l||full	Caudoviricetes
5516.L.hifi_reads_s1428.ctg001457l||full	Caudoviricetes
5516.L.hifi_reads_s1434.ctg001463l||full	Caudoviricetes
5516.L.hifi_reads_s1440.ctg001469l||full	Caudoviricetes
5516.L.hifi_reads_s1468.ctg001497l||full	Caudoviricetes
5516.L.hifi_reads_s1475.ctg001506l||full	Caudoviricetes
5516.L.hifi_reads_s1477.ctg001510l||full	Caudoviricetes
5516.L.hifi_reads_s1478.ctg001511l||full	Caudoviricetes
5516.L.hifi_reads_s1497.ctg001530c||full	Caudoviricetes
5516.L.hifi_reads_s1498.ctg001531l||full	Caudoviricetes
5516.L.hifi_reads_s1503.ctg001536l||full	Caudoviricetes
5516.L.hifi_reads_s1519.ctg001552l||full	Caudoviricetes
5516.L.hifi_reads_s1520.ctg001553l||full	Caudoviricetes
5516.L.hifi_reads_s1531.ctg001564l||full	Caudoviricetes
5516.L.hifi_reads_s1533.ctg001566l||full	Caudoviricetes
5516.L.hifi_reads_s1537.ctg001570l||full	Caudoviricetes
5516.L.hifi_reads_s1541.ctg001574l||full	Caudoviricetes
5516.L.hifi_reads_s1542.ctg001575l||full	Caudoviricetes
5516.L.hifi_reads_s1545.ctg001579l||full	Caudoviricetes
5516.L.hifi_reads_s1546.ctg001580l||full	Caudoviricetes
5516.L.hifi_reads_s1556.ctg001590c||full	Caudoviricetes
5516.L.hifi_reads_s1558.ctg001592l||full	Caudoviricetes
5516.L.hifi_reads_s1562.ctg001596l||full	Caudoviricetes
5516.L.hifi_reads_s1564.ctg001598l||full	Caudoviricetes
5516.L.hifi_reads_s1567.ctg001601l||full	Caudoviricetes
5516.L.hifi_reads_s1571.ctg001605l||full	Caudoviricetes
5516.L.hifi_reads_s1576.ctg001611l||full	Caudoviricetes
5516.L.hifi_reads_s1577.ctg001612l||full	Caudoviricetes
5516.L.hifi_reads_s1589.ctg001624l||full	Caudoviricetes
5516.L.hifi_reads_s1593.ctg001628l||full	Caudoviricetes
5516.L.hifi_reads_s1605.ctg001640c||full	Caudoviricetes
5516.L.hifi_reads_s1615.ctg001651l||full	Caudoviricetes
5516.L.hifi_reads_s1623.ctg001659l||full	Caudoviricetes
5516.L.hifi_reads_s1624.ctg001660l||full	Caudoviricetes
5516.L.hifi_reads_s1654.ctg001690l||full	Caudoviricetes
5516.L.hifi_reads_s1655.ctg001691l||full	Caudoviricetes
5516.L.hifi_reads_s1660.ctg001696l||full	Caudoviricetes
5516.L.hifi_reads_s1663.ctg001699c||full	Caudoviricetes
5516.L.hifi_reads_s1664.ctg001700l||full	Caudoviricetes
5516.L.hifi_reads_s1665.ctg001701l||full	Caudoviricetes
5516.L.hifi_reads_s1667.ctg001703l||full	Caudoviricetes
5516.L.hifi_reads_s1668.ctg001704l||full	Caudoviricetes
5516.L.hifi_reads_s1677.ctg001713l||full	Caudoviricetes
5516.L.hifi_reads_s1679.ctg001715l||full	Caudoviricetes
5516.L.hifi_reads_s1680.ctg001716l||full	Caudoviricetes
5516.L.hifi_reads_s1681.ctg001717l||full	Caudoviricetes
5516.L.hifi_reads_s1698.ctg001734l||full	Caudoviricetes
5516.L.hifi_reads_s1700.ctg001736l||full	Caudoviricetes
5516.L.hifi_reads_s1701.ctg001737c||full	Caudoviricetes
5516.L.hifi_reads_s1705.ctg001741l||full	Caudoviricetes
5516.L.hifi_reads_s1714.ctg001751l||full	Caudoviricetes
5516.L.hifi_reads_s1718.ctg001755l||full	Caudoviricetes
5516.L.hifi_reads_s1754.ctg001791l||full	Caudoviricetes
5516.L.hifi_reads_s1761.ctg001798l||full	Caudoviricetes
5516.L.hifi_reads_s1767.ctg001804l||full	Caudoviricetes
5516.L.hifi_reads_s1769.ctg001806l||full	Caudoviricetes
5516.L.hifi_reads_s1777.ctg001814l||full	Caudoviricetes
5516.L.hifi_reads_s1784.ctg001822l||full	Caudoviricetes
5516.L.hifi_reads_s1801.ctg001839l||full	Caudoviricetes
5516.L.hifi_reads_s1804.ctg001842l||full	Caudoviricetes
5516.L.hifi_reads_s1805.ctg001843l||full	Caudoviricetes
5516.L.hifi_reads_s1809.ctg001847l||full	Caudoviricetes
5516.L.hifi_reads_s1811.ctg001849l||full	Caudoviricetes
5516.L.hifi_reads_s1821.ctg001860l||full	Caudoviricetes
5516.L.hifi_reads_s1823.ctg001862l||full	Caudoviricetes
5516.L.hifi_reads_s1826.ctg001865l||full	Caudoviricetes
5516.L.hifi_reads_s1827.ctg001866l||full	Caudoviricetes
5516.L.hifi_reads_s1853.ctg001893l||full	Caudoviricetes
5516.L.hifi_reads_s1864.ctg001904l||full	Caudoviricetes
5516.L.hifi_reads_s1865.ctg001905l||full	Caudoviricetes
5516.L.hifi_reads_s1866.ctg001906l||full	Caudoviricetes
5516.L.hifi_reads_s1868.ctg001908l||full	Caudoviricetes
5516.L.hifi_reads_s1869.ctg001909l||full	Caudoviricetes
5516.L.hifi_reads_s1881.ctg001921l||full	Caudoviricetes
5516.L.hifi_reads_s1884.ctg001924l||full	Caudoviricetes
5516.L.hifi_reads_s1889.ctg001929l||full	Caudoviricetes
5516.L.hifi_reads_s1895.ctg001935l||full	Caudoviricetes
5516.L.hifi_reads_s1899.ctg001939l||full	Caudoviricetes
5516.L.hifi_reads_s1912.ctg001954l||full	Caudoviricetes
5516.L.hifi_reads_s1913.ctg001955l||full	Caudoviricetes
5516.L.hifi_reads_s328.ctg001956l||full	Caudoviricetes
5516.L.hifi_reads_s1917.ctg001961l||full	Caudoviricetes
5516.L.hifi_reads_s55.ctg001962l||full	Caudoviricetes
5516.L.hifi_reads_s1924.ctg001970l||full	Caudoviricetes
5516.L.hifi_reads_s1926.ctg001972l||full	Caudoviricetes
5516.L.hifi_reads_s1928.ctg001974l||full	Caudoviricetes
5516.L.hifi_reads_s1937.ctg001984l||full	Caudoviricetes
5516.L.hifi_reads_s1939.ctg001986l||full	Caudoviricetes
5516.L.hifi_reads_s1940.ctg001987l||full	Caudoviricetes
5516.L.hifi_reads_s55.ctg001993l||full	Caudoviricetes
5516.L.hifi_reads_s1963.ctg002011l||full	Caudoviricetes
5516.L.hifi_reads_s4.ctg002013l||full	Caudoviricetes
5516.L.hifi_reads_s1982.ctg002031l||full	Caudoviricetes
5516.L.hifi_reads_s328.ctg002035l||full	Caudoviricetes
5516.L.hifi_reads_s1990.ctg002042l||full	Caudoviricetes
5516.L.hifi_reads_s1993.ctg002045l||full	Caudoviricetes
5516.L.hifi_reads_s4.ctg002047l||full	Caudoviricetes
5516.L.hifi_reads_s1998.ctg002051l||full	Caudoviricetes
5516.L.hifi_reads_s2001.ctg002054l||full	Caudoviricetes
5516.L.hifi_reads_s2007.ctg002060l||full	Caudoviricetes
5516.L.hifi_reads_s2017.ctg002070l||full	Caudoviricetes
5516.L.hifi_reads_s2020.ctg002073l||full	Caudoviricetes
5516.L.hifi_reads_s2026.ctg002079c||full	Caudoviricetes
5516.L.hifi_reads_s2032.ctg002086l||full	Caudoviricetes
5516.L.hifi_reads_s2034.ctg002088l||full	Caudoviricetes
5516.L.hifi_reads_s2038.ctg002092l||full	Caudoviricetes
5516.L.hifi_reads_s2041.ctg002095l||full	Caudoviricetes
5516.L.hifi_reads_s2045.ctg002099l||full	Caudoviricetes
5516.L.hifi_reads_s2047.ctg002101c||full	Caudoviricetes
5516.L.hifi_reads_s2049.ctg002104l||full	Caudoviricetes
5516.L.hifi_reads_s2063.ctg002118l||full	Caudoviricetes
5516.L.hifi_reads_s2065.ctg002120l||full	Caudoviricetes
5516.L.hifi_reads_s2069.ctg002124l||full	Caudoviricetes
5516.L.hifi_reads_s2071.ctg002126l||full	Caudoviricetes
5516.L.hifi_reads_s2076.ctg002131l||full	Caudoviricetes
5516.L.hifi_reads_s2077.ctg002132l||full	Caudoviricetes
5516.L.hifi_reads_s2085.ctg002140l||full	Caudoviricetes
5516.L.hifi_reads_s2092.ctg002147l||full	Caudoviricetes
5516.L.hifi_reads_s2093.ctg002148l||full	Caudoviricetes
5516.L.hifi_reads_s2096.ctg002151l||full	Caudoviricetes
5516.L.hifi_reads_s2103.ctg002158l||full	Caudoviricetes
5516.L.hifi_reads_s2109.ctg002164l||full	Caudoviricetes
5516.L.hifi_reads_s402.ctg002172l||full	Caudoviricetes
5516.L.hifi_reads_s2118.ctg002174l||full	Caudoviricetes
5516.L.hifi_reads_s2120.ctg002176l||full	Caudoviricetes
5516.L.hifi_reads_s2122.ctg002178l||full	Caudoviricetes
5516.L.hifi_reads_s2126.ctg002182l||full	Caudoviricetes
5516.L.hifi_reads_s2127.ctg002183l||full	Caudoviricetes
5516.L.hifi_reads_s2130.ctg002186l||full	Caudoviricetes
5516.L.hifi_reads_s2133.ctg002189l||full	Caudoviricetes
5516.L.hifi_reads_s2135.ctg002191c||full	Caudoviricetes
5516.L.hifi_reads_s2141.ctg002197l||full	Caudoviricetes
5516.L.hifi_reads_s2153.ctg002210l||full	Caudoviricetes
5516.L.hifi_reads_s2162.ctg002219l||full	Caudoviricetes
5516.L.hifi_reads_s2168.ctg002225l||full	Caudoviricetes
5516.L.hifi_reads_s2169.ctg002226l||full	Caudoviricetes
5516.L.hifi_reads_s2171.ctg002228l||full	Caudoviricetes
5516.L.hifi_reads_s2184.ctg002241l||full	Caudoviricetes
5516.L.hifi_reads_s2189.ctg002247l||full	Caudoviricetes
5516.L.hifi_reads_s2192.ctg002250l||full	Caudoviricetes
5516.L.hifi_reads_s2193.ctg002251l||full	Caudoviricetes
5516.L.hifi_reads_s2201.ctg002261l||full	Caudoviricetes
5516.L.hifi_reads_s2207.ctg002268l||full	Caudoviricetes
5516.L.hifi_reads_s2211.ctg002272l||full	Caudoviricetes
5516.L.hifi_reads_s2225.ctg002286l||full	Caudoviricetes
5516.L.hifi_reads_s2233.ctg002294l||full	Caudoviricetes
5516.L.hifi_reads_s2241.ctg002302l||full	Caudoviricetes
5516.L.hifi_reads_s2255.ctg002316l||full	Caudoviricetes
5516.L.hifi_reads_s2256.ctg002317l||full	Caudoviricetes
5516.L.hifi_reads_s2257.ctg002318l||full	Caudoviricetes
5516.L.hifi_reads_s2259.ctg002320l||full	Caudoviricetes
5516.L.hifi_reads_s2275.ctg002336l||full	Caudoviricetes
5516.L.hifi_reads_s2277.ctg002338l||full	Caudoviricetes
5516.L.hifi_reads_s2278.ctg002339l||full	Caudoviricetes
5516.L.hifi_reads_s2279.ctg002340l||full	Caudoviricetes
5516.L.hifi_reads_s2288.ctg002349l||full	Caudoviricetes
5516.L.hifi_reads_s2300.ctg002362l||full	Caudoviricetes
5516.L.hifi_reads_s2301.ctg002363l||full	Caudoviricetes
5516.L.hifi_reads_s2302.ctg002364l||full	Caudoviricetes
5516.L.hifi_reads_s4.ctg002365l||full	Caudoviricetes
5516.L.hifi_reads_s2303.ctg002366l||full	Caudoviricetes
5516.L.hifi_reads_s2305.ctg002368l||full	Caudoviricetes
5516.L.hifi_reads_s2307.ctg002371l||full	Caudoviricetes
5516.L.hifi_reads_s2311.ctg002375l||full	Caudoviricetes
5516.L.hifi_reads_s2315.ctg002379l||full	Caudoviricetes
5516.L.hifi_reads_s2317.ctg002381l||full	Caudoviricetes
5516.L.hifi_reads_s2321.ctg002385l||full	Caudoviricetes
5516.L.hifi_reads_s2322.ctg002386c||full	Caudoviricetes
5516.L.hifi_reads_s4.ctg002388l||full	Caudoviricetes
5516.L.hifi_reads_s2325.ctg002390l||full	Caudoviricetes
5516.L.hifi_reads_s2333.ctg002398l||full	Caudoviricetes
5516.L.hifi_reads_s2336.ctg002401l||full	Caudoviricetes
5516.L.hifi_reads_s55.ctg002412l||full	Caudoviricetes
5516.L.hifi_reads_s55.ctg002417l||full	Caudoviricetes
5516.L.hifi_reads_s2351.ctg002419l||full	Caudoviricetes
5516.L.hifi_reads_s2368.ctg002436l||full	Caudoviricetes
5516.L.hifi_reads_s2370.ctg002438l||full	Caudoviricetes
5516.L.hifi_reads_s2374.ctg002442c||full	Caudoviricetes
5516.L.hifi_reads_s2397.ctg002466l||full	Caudoviricetes
5516.L.hifi_reads_s2404.ctg002474l||full	Caudoviricetes
5516.L.hifi_reads_s2405.ctg002475l||full	Caudoviricetes
5516.L.hifi_reads_s55.ctg002484l||full	Caudoviricetes
5516.L.hifi_reads_s2420.ctg002492l||full	Caudoviricetes
5516.L.hifi_reads_s2428.ctg002500l||full	Caudoviricetes
5516.L.hifi_reads_s2431.ctg002503l||full	Caudoviricetes
5516.L.hifi_reads_s2433.ctg002506l||full	Caudoviricetes
5516.L.hifi_reads_s2440.ctg002513l||full	Caudoviricetes
5516.L.hifi_reads_s2460.ctg002533l||full	Caudoviricetes
5516.L.hifi_reads_s2486.ctg002559l||full	Caudoviricetes
5516.L.hifi_reads_s2487.ctg002561l||full	Caudoviricetes
5516.L.hifi_reads_s2489.ctg002564l||full	Caudoviricetes
5516.L.hifi_reads_s2492.ctg002568l||full	Caudoviricetes
5516.L.hifi_reads_s402.ctg002590l||full	Caudoviricetes
5516.L.hifi_reads_s2515.ctg002592l||full	Caudoviricetes
5516.L.hifi_reads_s2519.ctg002596l||full	Caudoviricetes
5516.L.hifi_reads_s2528.ctg002605l||full	Caudoviricetes
5516.L.hifi_reads_s2542.ctg002619l||full	Caudoviricetes
5516.L.hifi_reads_s2547.ctg002624l||full	Caudoviricetes
5516.L.hifi_reads_s2552.ctg002630l||full	Caudoviricetes
5516.L.hifi_reads_s2563.ctg002644l||full	Caudoviricetes
5516.L.hifi_reads_s2569.ctg002650l||full	Caudoviricetes
5516.L.hifi_reads_s2570.ctg002651l||full	Caudoviricetes
5516.L.hifi_reads_s2571.ctg002653l||full	Caudoviricetes
5516.L.hifi_reads_s2581.ctg002664l||full	Caudoviricetes
5516.L.hifi_reads_s2624.ctg002708l||full	Caudoviricetes
5516.L.hifi_reads_s2627.ctg002711l||full	Caudoviricetes
5516.L.hifi_reads_s2648.ctg002733l||full	Caudoviricetes
5516.L.hifi_reads_s2649.ctg002734l||full	Caudoviricetes
5516.L.hifi_reads_s2665.ctg002752l||full	Caudoviricetes
5516.L.hifi_reads_s2669.ctg002757l||full	Caudoviricetes
5516.L.hifi_reads_s2674.ctg002762l||full	Caudoviricetes
5516.L.hifi_reads_s2676.ctg002765l||full	Caudoviricetes
5516.L.hifi_reads_s2679.ctg002768l||full	Caudoviricetes
5516.L.hifi_reads_s2684.ctg002774l||full	Caudoviricetes
5516.L.hifi_reads_s402.ctg002788l||full	Caudoviricetes
5516.L.hifi_reads_s2701.ctg002795l||full	Caudoviricetes
5516.L.hifi_reads_s2709.ctg002805l||full	Caudoviricetes
5516.L.hifi_reads_s2713.ctg002810l||full	Caudoviricetes
5516.L.hifi_reads_s2715.ctg002812l||full	Caudoviricetes
5516_M_hifi_reads_s16.ctg000017l||full_1	Caudoviricetes
5516_M_hifi_reads_s337.ctg000338l||full_1	Caudoviricetes
5516_M_hifi_reads_s556.ctg000557l||full_1	Caudoviricetes
5516_M_hifi_reads_s695.ctg000696l||full_1	Caudoviricetes
5516_M_hifi_reads_s1085.ctg001086l||full_1	Caudoviricetes
5516_M_hifi_reads_s1478.ctg001481l||full_1	Caudoviricetes
5516_M_hifi_reads_s1536.ctg001540l||full_1	Caudoviricetes
5516_M_hifi_reads_s1543.ctg001547l||full_1	Caudoviricetes
5516_M_hifi_reads_s1894.ctg001898l||full_1	Caudoviricetes
5516_M_hifi_reads_s2337.ctg002341l||full_1	Caudoviricetes
5516_M_hifi_reads_s2540.ctg002544l||full_1	Caudoviricetes
5516_M_hifi_reads_s1991.ctg001995l||full	Caudoviricetes
5516_M_hifi_reads_s6.ctg000007l||full	Caudoviricetes
5516_M_hifi_reads_s12.ctg000013l||full	Caudoviricetes
5516_M_hifi_reads_s20.ctg000021l||full	Caudoviricetes
5516_M_hifi_reads_s29.ctg000030l||full	Caudoviricetes
5516_M_hifi_reads_s31.ctg000032c||full	Caudoviricetes
5516_M_hifi_reads_s35.ctg000036l||full	Caudoviricetes
5516_M_hifi_reads_s39.ctg000040l||full	Caudoviricetes
5516_M_hifi_reads_s101.ctg000102l||full	Caudoviricetes
5516_M_hifi_reads_s104.ctg000105l||full	Caudoviricetes
5516_M_hifi_reads_s114.ctg000115l||full	Caudoviricetes
5516_M_hifi_reads_s124.ctg000125l||full	Caudoviricetes
5516_M_hifi_reads_s169.ctg000170l||full	Caudoviricetes
5516_M_hifi_reads_s173.ctg000174l||full	Caudoviricetes
5516_M_hifi_reads_s198.ctg000199l||full	Caudoviricetes
5516_M_hifi_reads_s205.ctg000206l||full	Caudoviricetes
5516_M_hifi_reads_s214.ctg000215l||full	Caudoviricetes
5516_M_hifi_reads_s216.ctg000217l||full	Caudoviricetes
5516_M_hifi_reads_s221.ctg000222l||full	Caudoviricetes
5516_M_hifi_reads_s241.ctg000242l||full	Caudoviricetes
5516_M_hifi_reads_s248.ctg000249l||full	Caudoviricetes
5516_M_hifi_reads_s251.ctg000252l||full	Caudoviricetes
5516_M_hifi_reads_s253.ctg000254l||full	Caudoviricetes
5516_M_hifi_reads_s263.ctg000264l||full	Caudoviricetes
5516_M_hifi_reads_s265.ctg000266l||full	Caudoviricetes
5516_M_hifi_reads_s279.ctg000280l||full	Caudoviricetes
5516_M_hifi_reads_s298.ctg000299l||full	Caudoviricetes
5516_M_hifi_reads_s342.ctg000343l||full	Caudoviricetes
5516_M_hifi_reads_s345.ctg000346l||full	Caudoviricetes
5516_M_hifi_reads_s381.ctg000382l||full	Caudoviricetes
5516_M_hifi_reads_s409.ctg000410l||full	Caudoviricetes
5516_M_hifi_reads_s447.ctg000448l||full	Caudoviricetes
5516_M_hifi_reads_s448.ctg000449l||full	Caudoviricetes
5516_M_hifi_reads_s450.ctg000451l||full	Caudoviricetes
5516_M_hifi_reads_s456.ctg000457l||full	Caudoviricetes
5516_M_hifi_reads_s497.ctg000498l||full	Caudoviricetes
5516_M_hifi_reads_s499.ctg000500l||full	Caudoviricetes
5516_M_hifi_reads_s506.ctg000507l||full	Caudoviricetes
5516_M_hifi_reads_s540.ctg000541l||full	Caudoviricetes
5516_M_hifi_reads_s543.ctg000544l||full	Caudoviricetes
5516_M_hifi_reads_s573.ctg000574c||full	Caudoviricetes
5516_M_hifi_reads_s589.ctg000590l||full	Caudoviricetes
5516_M_hifi_reads_s593.ctg000594l||full	Megaviricetes
5516_M_hifi_reads_s612.ctg000613l||full	Caudoviricetes
5516_M_hifi_reads_s640.ctg000641l||full	Caudoviricetes
5516_M_hifi_reads_s645.ctg000646l||full	Caudoviricetes
5516_M_hifi_reads_s654.ctg000655l||full	Caudoviricetes
5516_M_hifi_reads_s659.ctg000660l||full	Caudoviricetes
5516_M_hifi_reads_s662.ctg000663l||full	Caudoviricetes
5516_M_hifi_reads_s698.ctg000699l||full	Caudoviricetes
5516_M_hifi_reads_s701.ctg000702l||full	Caudoviricetes
5516_M_hifi_reads_s710.ctg000711l||full	Caudoviricetes
5516_M_hifi_reads_s731.ctg000732l||full	Caudoviricetes
5516_M_hifi_reads_s736.ctg000737l||full	Caudoviricetes
5516_M_hifi_reads_s737.ctg000738l||full	Caudoviricetes
5516_M_hifi_reads_s739.ctg000740l||full	Caudoviricetes
5516_M_hifi_reads_s746.ctg000747l||full	Caudoviricetes
5516_M_hifi_reads_s829.ctg000830l||full	Caudoviricetes
5516_M_hifi_reads_s832.ctg000833l||full	Caudoviricetes
5516_M_hifi_reads_s835.ctg000836l||full	Caudoviricetes
5516_M_hifi_reads_s842.ctg000843c||full	Caudoviricetes
5516_M_hifi_reads_s859.ctg000860l||full	Caudoviricetes
5516_M_hifi_reads_s868.ctg000869c||full	Caudoviricetes
5516_M_hifi_reads_s875.ctg000876l||full	Caudoviricetes
5516_M_hifi_reads_s876.ctg000877l||full	Caudoviricetes
5516_M_hifi_reads_s884.ctg000885l||full	Caudoviricetes
5516_M_hifi_reads_s891.ctg000892l||full	Caudoviricetes
5516_M_hifi_reads_s917.ctg000918l||full	Caudoviricetes
5516_M_hifi_reads_s928.ctg000929c||full	Caudoviricetes
5516_M_hifi_reads_s932.ctg000933l||full	Caudoviricetes
5516_M_hifi_reads_s937.ctg000938l||full	Caudoviricetes
5516_M_hifi_reads_s941.ctg000942l||full	Caudoviricetes
5516_M_hifi_reads_s951.ctg000952l||full	Caudoviricetes
5516_M_hifi_reads_s956.ctg000957l||full	Caudoviricetes
5516_M_hifi_reads_s966.ctg000967l||full	Caudoviricetes
5516_M_hifi_reads_s971.ctg000972l||full	Caudoviricetes
5516_M_hifi_reads_s987.ctg000988l||full	Caudoviricetes
5516_M_hifi_reads_s994.ctg000995l||full	Caudoviricetes
5516_M_hifi_reads_s1015.ctg001016l||full	Caudoviricetes
5516_M_hifi_reads_s1023.ctg001024l||full	Caudoviricetes
5516_M_hifi_reads_s1024.ctg001025l||full	Caudoviricetes
5516_M_hifi_reads_s1038.ctg001039l||full	Caudoviricetes
5516_M_hifi_reads_s1046.ctg001047l||full	Caudoviricetes
5516_M_hifi_reads_s1063.ctg001064l||full	Caudoviricetes
5516_M_hifi_reads_s1067.ctg001068l||full	Caudoviricetes
5516_M_hifi_reads_s1071.ctg001072l||full	Caudoviricetes
5516_M_hifi_reads_s1089.ctg001090l||full	Caudoviricetes
5516_M_hifi_reads_s1109.ctg001110l||full	Caudoviricetes
5516_M_hifi_reads_s1130.ctg001131l||full	Caudoviricetes
5516_M_hifi_reads_s1155.ctg001156c||full	Caudoviricetes
5516_M_hifi_reads_s1165.ctg001166l||full	Caudoviricetes
5516_M_hifi_reads_s1183.ctg001184l||full	Caudoviricetes
5516_M_hifi_reads_s1196.ctg001197l||full	Caudoviricetes
5516_M_hifi_reads_s1204.ctg001205l||full	Caudoviricetes
5516_M_hifi_reads_s1208.ctg001209l||full	Caudoviricetes
5516_M_hifi_reads_s1212.ctg001213l||full	Caudoviricetes
5516_M_hifi_reads_s1250.ctg001252l||full	Caudoviricetes
5516_M_hifi_reads_s1271.ctg001274l||full	Caudoviricetes
5516_M_hifi_reads_s1288.ctg001291l||full	Caudoviricetes
5516_M_hifi_reads_s1296.ctg001299l||full	Caudoviricetes
5516_M_hifi_reads_s1299.ctg001302l||full	Caudoviricetes
5516_M_hifi_reads_s1301.ctg001304l||full	Caudoviricetes
5516_M_hifi_reads_s1308.ctg001311l||full	Caudoviricetes
5516_M_hifi_reads_s1312.ctg001315l||full	Caudoviricetes
5516_M_hifi_reads_s1316.ctg001319l||full	Caudoviricetes
5516_M_hifi_reads_s1317.ctg001320l||full	Caudoviricetes
5516_M_hifi_reads_s1319.ctg001322c||full	Caudoviricetes
5516_M_hifi_reads_s1328.ctg001331l||full	Caudoviricetes
5516_M_hifi_reads_s1340.ctg001343l||full	Caudoviricetes
5516_M_hifi_reads_s1361.ctg001364l||full	Caudoviricetes
5516_M_hifi_reads_s1376.ctg001379c||full	Caudoviricetes
5516_M_hifi_reads_s1388.ctg001391l||full	Caudoviricetes
5516_M_hifi_reads_s1389.ctg001392l||full	Caudoviricetes
5516_M_hifi_reads_s1403.ctg001406l||full	Caudoviricetes
5516_M_hifi_reads_s1432.ctg001435l||full	Caudoviricetes
5516_M_hifi_reads_s1443.ctg001446l||full	Caudoviricetes
5516_M_hifi_reads_s1462.ctg001465l||full	Caudoviricetes
5516_M_hifi_reads_s1557.ctg001561l||full	Caudoviricetes
5516_M_hifi_reads_s1573.ctg001577l||full	Caudoviricetes
5516_M_hifi_reads_s1579.ctg001583l||full	Caudoviricetes
5516_M_hifi_reads_s1592.ctg001596l||full	Caudoviricetes
5516_M_hifi_reads_s1612.ctg001616l||full	Caudoviricetes
5516_M_hifi_reads_s1626.ctg001630l||full	Caudoviricetes
5516_M_hifi_reads_s1645.ctg001649c||full	Caudoviricetes
5516_M_hifi_reads_s1660.ctg001664l||full	Caudoviricetes
5516_M_hifi_reads_s1675.ctg001679l||full	Caudoviricetes
5516_M_hifi_reads_s1690.ctg001694l||full	Caudoviricetes
5516_M_hifi_reads_s1713.ctg001717l||full	Caudoviricetes
5516_M_hifi_reads_s1723.ctg001727l||full	Caudoviricetes
5516_M_hifi_reads_s1733.ctg001737l||full	Caudoviricetes
5516_M_hifi_reads_s1737.ctg001741l||full	Caudoviricetes
5516_M_hifi_reads_s1751.ctg001755l||full	Caudoviricetes
5516_M_hifi_reads_s1769.ctg001773l||full	Caudoviricetes
5516_M_hifi_reads_s1773.ctg001777l||full	Caudoviricetes
5516_M_hifi_reads_s1776.ctg001780l||full	Caudoviricetes
5516_M_hifi_reads_s1779.ctg001783l||full	Caudoviricetes
5516_M_hifi_reads_s1800.ctg001804l||full	Caudoviricetes
5516_M_hifi_reads_s1801.ctg001805l||full	Caudoviricetes
5516_M_hifi_reads_s1810.ctg001814l||full	Caudoviricetes
5516_M_hifi_reads_s1816.ctg001820l||full	Caudoviricetes
5516_M_hifi_reads_s1822.ctg001826l||full	Caudoviricetes
5516_M_hifi_reads_s1832.ctg001836l||full	Caudoviricetes
5516_M_hifi_reads_s1846.ctg001850l||full	Caudoviricetes
5516_M_hifi_reads_s1858.ctg001862l||full	Caudoviricetes
5516_M_hifi_reads_s1863.ctg001867l||full	Caudoviricetes
5516_M_hifi_reads_s1876.ctg001880l||full	Caudoviricetes
5516_M_hifi_reads_s1890.ctg001894l||full	Caudoviricetes
5516_M_hifi_reads_s1899.ctg001903l||full	Caudoviricetes
5516_M_hifi_reads_s1904.ctg001908l||full	Caudoviricetes
5516_M_hifi_reads_s1914.ctg001918l||full	Caudoviricetes
5516_M_hifi_reads_s1920.ctg001924l||full	Caudoviricetes
5516_M_hifi_reads_s1962.ctg001966l||full	Caudoviricetes
5516_M_hifi_reads_s1982.ctg001986l||full	Caudoviricetes
5516_M_hifi_reads_s1996.ctg002000l||full	Caudoviricetes
5516_M_hifi_reads_s2011.ctg002015l||full	Caudoviricetes
5516_M_hifi_reads_s2080.ctg002084l||full	Caudoviricetes
5516_M_hifi_reads_s2082.ctg002086l||full	Caudoviricetes
5516_M_hifi_reads_s2141.ctg002145l||full	Caudoviricetes
5516_M_hifi_reads_s2163.ctg002167l||full	Caudoviricetes
5516_M_hifi_reads_s2173.ctg002177l||full	Caudoviricetes
5516_M_hifi_reads_s2186.ctg002190l||full	Caudoviricetes
5516_M_hifi_reads_s2214.ctg002218l||full	Caudoviricetes
5516_M_hifi_reads_s2229.ctg002233l||full	Caudoviricetes
5516_M_hifi_reads_s2257.ctg002261l||full	Caudoviricetes
5516_M_hifi_reads_s2278.ctg002282l||full	Caudoviricetes
5516_M_hifi_reads_s2282.ctg002286l||full	Caudoviricetes
5516_M_hifi_reads_s2303.ctg002307l||full	Caudoviricetes
5516_M_hifi_reads_s2310.ctg002314l||full	Caudoviricetes
5516_M_hifi_reads_s2313.ctg002317l||full	Caudoviricetes
5516_M_hifi_reads_s2322.ctg002326l||full	Caudoviricetes
5516_M_hifi_reads_s2346.ctg002350l||full	Caudoviricetes
5516_M_hifi_reads_s2365.ctg002369l||full	Caudoviricetes
5516_M_hifi_reads_s2397.ctg002401l||full	Caudoviricetes
5516_M_hifi_reads_s2420.ctg002424l||full	Caudoviricetes
5516_M_hifi_reads_s2437.ctg002441l||full	Caudoviricetes
5516_M_hifi_reads_s2472.ctg002476l||full	Caudoviricetes
5516_M_hifi_reads_s2475.ctg002479l||full	Caudoviricetes
5516_M_hifi_reads_s2489.ctg002493l||full	Caudoviricetes
5516_M_hifi_reads_s2497.ctg002501l||full	Caudoviricetes
5516_M_hifi_reads_s2549.ctg002553l||full	Caudoviricetes
5516_M_hifi_reads_s2551.ctg002555l||full	Caudoviricetes
5516_M_hifi_reads_s2553.ctg002557l||full	Caudoviricetes
5516_M_hifi_reads_s2600.ctg002604l||full	Caudoviricetes
5516_M_hifi_reads_s2618.ctg002623l||full	Caudoviricetes
5516_M_hifi_reads_s2626.ctg002631l||full	Caudoviricetes
5516_M_hifi_reads_s2671.ctg002676l||full	Caudoviricetes
5516_M_hifi_reads_s2682.ctg002688c||full	Caudoviricetes
5516_M_hifi_reads_s2688.ctg002694l||full	Caudoviricetes
5516_M_hifi_reads_s2691.ctg002697l||full	Caudoviricetes
5516_M_hifi_reads_s2701.ctg002707l||full	Caudoviricetes
5516_M_hifi_reads_s2719.ctg002725l||full	Caudoviricetes
5516_M_hifi_reads_s2728.ctg002734l||full	Caudoviricetes
5516_M_hifi_reads_s2771.ctg002777l||full	Caudoviricetes
5516_M_hifi_reads_s2781.ctg002787l||full	Caudoviricetes
5516_M_hifi_reads_s2785.ctg002791l||full	Caudoviricetes
5516.N.hifi_reads_s109.ctg000110l||full_1	Caudoviricetes
5516.N.hifi_reads_s114.ctg000115l||full_1	Caudoviricetes
5516.N.hifi_reads_s142.ctg000144l||full_1	Caudoviricetes
5516.N.hifi_reads_s155.ctg000158l||full_1	Caudoviricetes
5516.N.hifi_reads_s359.ctg000363l||full_1	Caudoviricetes
5516.N.hifi_reads_s409.ctg000414l||full_1	Caudoviricetes
5516.N.hifi_reads_s409.ctg000414l||full_2	Caudoviricetes
5516.N.hifi_reads_s442.ctg000447l||full_1	Caudoviricetes
5516.N.hifi_reads_s552.ctg000558l||full_1	Caudoviricetes
5516.N.hifi_reads_s805.ctg000814l||full_1	Caudoviricetes
5516.N.hifi_reads_s1027.ctg001038l||full_1	Caudoviricetes
5516.N.hifi_reads_s1076.ctg001087l||full_1	Caudoviricetes
5516.N.hifi_reads_s1098.ctg001109l||full_1	Caudoviricetes
5516.N.hifi_reads_s1248.ctg001262l||full_1	Caudoviricetes
5516.N.hifi_reads_s1265.ctg001279l||full_1	Caudoviricetes
5516.N.hifi_reads_s1310.ctg001324l||full_1	Caudoviricetes
5516.N.hifi_reads_s1560.ctg001577l||full_1	Caudoviricetes
5516.N.hifi_reads_s1600.ctg001618l||full_1	Caudoviricetes
5516.N.hifi_reads_s1669.ctg001688l||full_1	Caudoviricetes
5516.N.hifi_reads_s2104.ctg002135l||full_1	Caudoviricetes
5516.N.hifi_reads_s2105.ctg002136l||full_1	Caudoviricetes
5516.N.hifi_reads_s2110.ctg002141l||full_1	Caudoviricetes
5516.N.hifi_reads_s2188.ctg002219l||full_1	Caudoviricetes
5516.N.hifi_reads_s2216.ctg002248l||full_1	Caudoviricetes
5516.N.hifi_reads_s247.ctg000251l||full	Caudoviricetes
5516.N.hifi_reads_s729.ctg000737l||full	Caudoviricetes
5516.N.hifi_reads_s1.ctg000002l||full	Caudoviricetes
5516.N.hifi_reads_s4.ctg000005l||full	Caudoviricetes
5516.N.hifi_reads_s6.ctg000007l||full	Caudoviricetes
5516.N.hifi_reads_s8.ctg000009l||full	Caudoviricetes
5516.N.hifi_reads_s11.ctg000012l||full	Megaviricetes
5516.N.hifi_reads_s22.ctg000023l||full	Caudoviricetes
5516.N.hifi_reads_s24.ctg000025l||full	Caudoviricetes
5516.N.hifi_reads_s32.ctg000033l||full	Caudoviricetes
5516.N.hifi_reads_s33.ctg000034l||full	Caudoviricetes
5516.N.hifi_reads_s40.ctg000041l||full	Caudoviricetes
5516.N.hifi_reads_s55.ctg000056l||full	Caudoviricetes
5516.N.hifi_reads_s63.ctg000064l||full	Caudoviricetes
5516.N.hifi_reads_s70.ctg000071l||full	Caudoviricetes
5516.N.hifi_reads_s71.ctg000072l||full	Caudoviricetes
5516.N.hifi_reads_s81.ctg000082c||full	Caudoviricetes
5516.N.hifi_reads_s89.ctg000090l||full	Caudoviricetes
5516.N.hifi_reads_s90.ctg000091c||full	Caudoviricetes
5516.N.hifi_reads_s91.ctg000092l||full	Caudoviricetes
5516.N.hifi_reads_s92.ctg000093l||full	Caudoviricetes
5516.N.hifi_reads_s96.ctg000097c||full	Caudoviricetes
5516.N.hifi_reads_s97.ctg000098l||full	Caudoviricetes
5516.N.hifi_reads_s98.ctg000099l||full	Caudoviricetes
5516.N.hifi_reads_s103.ctg000104l||full	Caudoviricetes
5516.N.hifi_reads_s106.ctg000107l||full	Caudoviricetes
5516.N.hifi_reads_s123.ctg000125c||full	Caudoviricetes
5516.N.hifi_reads_s129.ctg000131l||full	Caudoviricetes
5516.N.hifi_reads_s137.ctg000139l||full	Caudoviricetes
5516.N.hifi_reads_s138.ctg000140l||full	Caudoviricetes
5516.N.hifi_reads_s140.ctg000142l||full	Caudoviricetes
5516.N.hifi_reads_s30.ctg000145l||full	Caudoviricetes
5516.N.hifi_reads_s143.ctg000146l||full	Caudoviricetes
5516.N.hifi_reads_s145.ctg000148l||full	Caudoviricetes
5516.N.hifi_reads_s148.ctg000151l||full	Caudoviricetes
5516.N.hifi_reads_s150.ctg000153l||full	Caudoviricetes
5516.N.hifi_reads_s153.ctg000156l||full	Caudoviricetes
5516.N.hifi_reads_s157.ctg000160l||full	Caudoviricetes
5516.N.hifi_reads_s158.ctg000161l||full	Caudoviricetes
5516.N.hifi_reads_s161.ctg000164l||full	Caudoviricetes
5516.N.hifi_reads_s162.ctg000165c||full	Caudoviricetes
5516.N.hifi_reads_s174.ctg000177l||full	Caudoviricetes
5516.N.hifi_reads_s182.ctg000185l||full	Caudoviricetes
5516.N.hifi_reads_s98.ctg000186l||full	Caudoviricetes
5516.N.hifi_reads_s183.ctg000187l||full	Caudoviricetes
5516.N.hifi_reads_s184.ctg000188l||full	Caudoviricetes
5516.N.hifi_reads_s188.ctg000192l||full	Caudoviricetes
5516.N.hifi_reads_s189.ctg000193l||full	Caudoviricetes
5516.N.hifi_reads_s191.ctg000195c||full	Caudoviricetes
5516.N.hifi_reads_s201.ctg000205l||full	Caudoviricetes
5516.N.hifi_reads_s205.ctg000209l||full	Caudoviricetes
5516.N.hifi_reads_s210.ctg000214l||full	Caudoviricetes
5516.N.hifi_reads_s212.ctg000216c||full	Caudoviricetes
5516.N.hifi_reads_s214.ctg000218l||full	Caudoviricetes
5516.N.hifi_reads_s223.ctg000227l||full	Caudoviricetes
5516.N.hifi_reads_s226.ctg000230l||full	Caudoviricetes
5516.N.hifi_reads_s231.ctg000235l||full	Caudoviricetes
5516.N.hifi_reads_s254.ctg000258l||full	Caudoviricetes
5516.N.hifi_reads_s256.ctg000260l||full	Caudoviricetes
5516.N.hifi_reads_s262.ctg000266c||full	Caudoviricetes
5516.N.hifi_reads_s266.ctg000270l||full	Caudoviricetes
5516.N.hifi_reads_s267.ctg000271l||full	Caudoviricetes
5516.N.hifi_reads_s269.ctg000273l||full	Caudoviricetes
5516.N.hifi_reads_s298.ctg000302l||full	Caudoviricetes
5516.N.hifi_reads_s301.ctg000305l||full	Caudoviricetes
5516.N.hifi_reads_s304.ctg000308l||full	Caudoviricetes
5516.N.hifi_reads_s313.ctg000317l||full	Caudoviricetes
5516.N.hifi_reads_s314.ctg000318c||full	Caudoviricetes
5516.N.hifi_reads_s321.ctg000325l||full	Caudoviricetes
5516.N.hifi_reads_s327.ctg000331l||full	Caudoviricetes
5516.N.hifi_reads_s334.ctg000338l||full	Caudoviricetes
5516.N.hifi_reads_s335.ctg000339l||full	Caudoviricetes
5516.N.hifi_reads_s336.ctg000340l||full	Caudoviricetes
5516.N.hifi_reads_s343.ctg000347l||full	Caudoviricetes
5516.N.hifi_reads_s353.ctg000357l||full	Caudoviricetes
5516.N.hifi_reads_s357.ctg000361c||full	Caudoviricetes
5516.N.hifi_reads_s362.ctg000366l||full	Caudoviricetes
5516.N.hifi_reads_s365.ctg000369l||full	Caudoviricetes
5516.N.hifi_reads_s367.ctg000371l||full	Caudoviricetes
5516.N.hifi_reads_s372.ctg000376l||full	Caudoviricetes
5516.N.hifi_reads_s374.ctg000378l||full	Caudoviricetes
5516.N.hifi_reads_s379.ctg000383c||full	Caudoviricetes
5516.N.hifi_reads_s387.ctg000391c||full	Caudoviricetes
5516.N.hifi_reads_s388.ctg000392l||full	Caudoviricetes
5516.N.hifi_reads_s390.ctg000394l||full	Caudoviricetes
5516.N.hifi_reads_s393.ctg000397l||full	Caudoviricetes
5516.N.hifi_reads_s400.ctg000405l||full	Caudoviricetes
5516.N.hifi_reads_s403.ctg000408l||full	Caudoviricetes
5516.N.hifi_reads_s423.ctg000428l||full	Caudoviricetes
5516.N.hifi_reads_s424.ctg000429l||full	Caudoviricetes
5516.N.hifi_reads_s428.ctg000433l||full	Caudoviricetes
5516.N.hifi_reads_s431.ctg000436l||full	Caudoviricetes
5516.N.hifi_reads_s432.ctg000437l||full	Caudoviricetes
5516.N.hifi_reads_s433.ctg000438l||full	Caudoviricetes
5516.N.hifi_reads_s443.ctg000448l||full	Caudoviricetes
5516.N.hifi_reads_s445.ctg000450l||full	Caudoviricetes
5516.N.hifi_reads_s447.ctg000452l||full	Caudoviricetes
5516.N.hifi_reads_s448.ctg000453l||full	Caudoviricetes
5516.N.hifi_reads_s450.ctg000455l||full	Caudoviricetes
5516.N.hifi_reads_s478.ctg000483l||full	Caudoviricetes
5516.N.hifi_reads_s485.ctg000490l||full	Caudoviricetes
5516.N.hifi_reads_s491.ctg000496l||full	Caudoviricetes
5516.N.hifi_reads_s499.ctg000504l||full	Caudoviricetes
5516.N.hifi_reads_s504.ctg000509l||full	Caudoviricetes
5516.N.hifi_reads_s511.ctg000517l||full	Caudoviricetes
5516.N.hifi_reads_s515.ctg000521l||full	Caudoviricetes
5516.N.hifi_reads_s527.ctg000533l||full	Caudoviricetes
5516.N.hifi_reads_s534.ctg000540l||full	Caudoviricetes
5516.N.hifi_reads_s535.ctg000541l||full	Caudoviricetes
5516.N.hifi_reads_s537.ctg000543l||full	Caudoviricetes
5516.N.hifi_reads_s545.ctg000551l||full	Caudoviricetes
5516.N.hifi_reads_s550.ctg000556l||full	Caudoviricetes
5516.N.hifi_reads_s551.ctg000557l||full	Caudoviricetes
5516.N.hifi_reads_s556.ctg000563l||full	Caudoviricetes
5516.N.hifi_reads_s560.ctg000567l||full	Caudoviricetes
5516.N.hifi_reads_s568.ctg000575l||full	Caudoviricetes
5516.N.hifi_reads_s570.ctg000577l||full	Caudoviricetes
5516.N.hifi_reads_s571.ctg000578l||full	Caudoviricetes
5516.N.hifi_reads_s573.ctg000580l||full	Caudoviricetes
5516.N.hifi_reads_s575.ctg000582l||full	Caudoviricetes
5516.N.hifi_reads_s577.ctg000584l||full	Caudoviricetes
5516.N.hifi_reads_s579.ctg000586l||full	Caudoviricetes
5516.N.hifi_reads_s587.ctg000594l||full	Caudoviricetes
5516.N.hifi_reads_s592.ctg000599l||full	Caudoviricetes
5516.N.hifi_reads_s593.ctg000600l||full	Caudoviricetes
5516.N.hifi_reads_s596.ctg000603l||full	Caudoviricetes
5516.N.hifi_reads_s597.ctg000604l||full	Caudoviricetes
5516.N.hifi_reads_s606.ctg000613l||full	Caudoviricetes
5516.N.hifi_reads_s621.ctg000628c||full	Caudoviricetes
5516.N.hifi_reads_s622.ctg000629l||full	Caudoviricetes
5516.N.hifi_reads_s626.ctg000633l||full	Caudoviricetes
5516.N.hifi_reads_s634.ctg000641l||full	Caudoviricetes
5516.N.hifi_reads_s636.ctg000643l||full	Caudoviricetes
5516.N.hifi_reads_s638.ctg000645l||full	Caudoviricetes
5516.N.hifi_reads_s641.ctg000648l||full	Caudoviricetes
5516.N.hifi_reads_s647.ctg000654l||full	Caudoviricetes
5516.N.hifi_reads_s648.ctg000655l||full	Caudoviricetes
5516.N.hifi_reads_s652.ctg000659l||full	Caudoviricetes
5516.N.hifi_reads_s653.ctg000660l||full	Caudoviricetes
5516.N.hifi_reads_s655.ctg000662l||full	Caudoviricetes
5516.N.hifi_reads_s661.ctg000669l||full	Caudoviricetes
5516.N.hifi_reads_s665.ctg000673l||full	Caudoviricetes
5516.N.hifi_reads_s666.ctg000674c||full	Caudoviricetes
5516.N.hifi_reads_s667.ctg000675l||full	Caudoviricetes
5516.N.hifi_reads_s675.ctg000683l||full	Caudoviricetes
5516.N.hifi_reads_s676.ctg000684l||full	Caudoviricetes
5516.N.hifi_reads_s678.ctg000686l||full	Caudoviricetes
5516.N.hifi_reads_s679.ctg000687l||full	Caudoviricetes
5516.N.hifi_reads_s683.ctg000691l||full	Caudoviricetes
5516.N.hifi_reads_s684.ctg000692l||full	Caudoviricetes
5516.N.hifi_reads_s687.ctg000695l||full	Caudoviricetes
5516.N.hifi_reads_s689.ctg000697l||full	Caudoviricetes
5516.N.hifi_reads_s693.ctg000701l||full	Caudoviricetes
5516.N.hifi_reads_s705.ctg000713l||full	Caudoviricetes
5516.N.hifi_reads_s715.ctg000723l||full	Caudoviricetes
5516.N.hifi_reads_s717.ctg000725l||full	Caudoviricetes
5516.N.hifi_reads_s721.ctg000729l||full	Caudoviricetes
5516.N.hifi_reads_s724.ctg000732c||full	Caudoviricetes
5516.N.hifi_reads_s727.ctg000735l||full	Caudoviricetes
5516.N.hifi_reads_s733.ctg000741l||full	Caudoviricetes
5516.N.hifi_reads_s738.ctg000746l||full	Caudoviricetes
5516.N.hifi_reads_s755.ctg000763l||full	Caudoviricetes
5516.N.hifi_reads_s757.ctg000765l||full	Caudoviricetes
5516.N.hifi_reads_s758.ctg000766l||full	Caudoviricetes
5516.N.hifi_reads_s763.ctg000771l||full	Caudoviricetes
5516.N.hifi_reads_s764.ctg000772l||full	Caudoviricetes
5516.N.hifi_reads_s766.ctg000774l||full	Caudoviricetes
5516.N.hifi_reads_s771.ctg000779l||full	Caudoviricetes
5516.N.hifi_reads_s777.ctg000785c||full	Caudoviricetes
5516.N.hifi_reads_s778.ctg000786l||full	Caudoviricetes
5516.N.hifi_reads_s782.ctg000790l||full	Caudoviricetes
5516.N.hifi_reads_s786.ctg000795c||full	Caudoviricetes
5516.N.hifi_reads_s787.ctg000796l||full	Caudoviricetes
5516.N.hifi_reads_s788.ctg000797l||full	Caudoviricetes
5516.N.hifi_reads_s790.ctg000799l||full	Caudoviricetes
5516.N.hifi_reads_s794.ctg000803l||full	Caudoviricetes
5516.N.hifi_reads_s795.ctg000804l||full	Caudoviricetes
5516.N.hifi_reads_s796.ctg000805l||full	Caudoviricetes
5516.N.hifi_reads_s809.ctg000818l||full	Caudoviricetes
5516.N.hifi_reads_s812.ctg000821c||full	Caudoviricetes
5516.N.hifi_reads_s821.ctg000830l||full	Caudoviricetes
5516.N.hifi_reads_s828.ctg000837l||full	Caudoviricetes
5516.N.hifi_reads_s850.ctg000859l||full	Caudoviricetes
5516.N.hifi_reads_s862.ctg000871l||full	Caudoviricetes
5516.N.hifi_reads_s865.ctg000874l||full	Caudoviricetes
5516.N.hifi_reads_s866.ctg000875l||full	Caudoviricetes
5516.N.hifi_reads_s872.ctg000881l||full	Caudoviricetes
5516.N.hifi_reads_s876.ctg000885l||full	Caudoviricetes
5516.N.hifi_reads_s882.ctg000891l||full	Caudoviricetes
5516.N.hifi_reads_s913.ctg000923l||full	Caudoviricetes
5516.N.hifi_reads_s914.ctg000924l||full	Caudoviricetes
5516.N.hifi_reads_s931.ctg000942l||full	Caudoviricetes
5516.N.hifi_reads_s934.ctg000945l||full	Caudoviricetes
5516.N.hifi_reads_s937.ctg000948l||full	Caudoviricetes
5516.N.hifi_reads_s944.ctg000955l||full	Caudoviricetes
5516.N.hifi_reads_s946.ctg000957l||full	Caudoviricetes
5516.N.hifi_reads_s953.ctg000964l||full	Caudoviricetes
5516.N.hifi_reads_s964.ctg000975l||full	Caudoviricetes
5516.N.hifi_reads_s967.ctg000978l||full	Caudoviricetes
5516.N.hifi_reads_s969.ctg000980l||full	Caudoviricetes
5516.N.hifi_reads_s977.ctg000988c||full	Caudoviricetes
5516.N.hifi_reads_s981.ctg000992l||full	Caudoviricetes
5516.N.hifi_reads_s985.ctg000996l||full	Caudoviricetes
5516.N.hifi_reads_s989.ctg001000c||full	Caudoviricetes
5516.N.hifi_reads_s996.ctg001007l||full	Caudoviricetes
5516.N.hifi_reads_s997.ctg001008l||full	Caudoviricetes
5516.N.hifi_reads_s998.ctg001009l||full	Caudoviricetes
5516.N.hifi_reads_s1000.ctg001011l||full	Caudoviricetes
5516.N.hifi_reads_s1011.ctg001022l||full	Caudoviricetes
5516.N.hifi_reads_s1014.ctg001025l||full	Caudoviricetes
5516.N.hifi_reads_s1015.ctg001026l||full	Caudoviricetes
5516.N.hifi_reads_s1018.ctg001029l||full	Caudoviricetes
5516.N.hifi_reads_s1025.ctg001036l||full	Caudoviricetes
5516.N.hifi_reads_s1030.ctg001041c||full	Caudoviricetes
5516.N.hifi_reads_s1035.ctg001046l||full	Caudoviricetes
5516.N.hifi_reads_s1037.ctg001048l||full	Caudoviricetes
5516.N.hifi_reads_s1040.ctg001051l||full	Caudoviricetes
5516.N.hifi_reads_s1044.ctg001055l||full	Caudoviricetes
5516.N.hifi_reads_s1047.ctg001058l||full	Caudoviricetes
5516.N.hifi_reads_s1049.ctg001060l||full	Caudoviricetes
5516.N.hifi_reads_s1050.ctg001061l||full	Caudoviricetes
5516.N.hifi_reads_s1057.ctg001068l||full	Caudoviricetes
5516.N.hifi_reads_s1081.ctg001092c||full	Caudoviricetes
5516.N.hifi_reads_s1095.ctg001106l||full	Caudoviricetes
5516.N.hifi_reads_s1102.ctg001114l||full	Caudoviricetes
5516.N.hifi_reads_s1106.ctg001118l||full	Caudoviricetes
5516.N.hifi_reads_s1118.ctg001131l||full	Caudoviricetes
5516.N.hifi_reads_s1125.ctg001138l||full	Caudoviricetes
5516.N.hifi_reads_s1126.ctg001139l||full	Caudoviricetes
5516.N.hifi_reads_s1142.ctg001155l||full	Caudoviricetes
5516.N.hifi_reads_s1144.ctg001157l||full	Caudoviricetes
5516.N.hifi_reads_s1149.ctg001162l||full	Caudoviricetes
5516.N.hifi_reads_s1152.ctg001165l||full	Caudoviricetes
5516.N.hifi_reads_s1173.ctg001186l||full	Caudoviricetes
5516.N.hifi_reads_s1176.ctg001189l||full	Caudoviricetes
5516.N.hifi_reads_s1178.ctg001191l||full	Caudoviricetes
5516.N.hifi_reads_s1183.ctg001196l||full	Caudoviricetes
5516.N.hifi_reads_s1186.ctg001199l||full	Caudoviricetes
5516.N.hifi_reads_s1195.ctg001208c||full	Caudoviricetes
5516.N.hifi_reads_s1197.ctg001210l||full	Caudoviricetes
5516.N.hifi_reads_s1198.ctg001211c||full	Caudoviricetes
5516.N.hifi_reads_s1201.ctg001214l||full	Caudoviricetes
5516.N.hifi_reads_s1202.ctg001215l||full	Caudoviricetes
5516.N.hifi_reads_s1213.ctg001226l||full	Caudoviricetes
5516.N.hifi_reads_s306.ctg001231l||full	Caudoviricetes
5516.N.hifi_reads_s1223.ctg001237l||full	Caudoviricetes
5516.N.hifi_reads_s1235.ctg001249l||full	Caudoviricetes
5516.N.hifi_reads_s1236.ctg001250l||full	Caudoviricetes
5516.N.hifi_reads_s1252.ctg001266l||full	Caudoviricetes
5516.N.hifi_reads_s1253.ctg001267l||full	Caudoviricetes
5516.N.hifi_reads_s1257.ctg001271c||full	Caudoviricetes
5516.N.hifi_reads_s1267.ctg001281l||full	Caudoviricetes
5516.N.hifi_reads_s1268.ctg001282l||full	Caudoviricetes
5516.N.hifi_reads_s1272.ctg001286l||full	Caudoviricetes
5516.N.hifi_reads_s1273.ctg001287l||full	Caudoviricetes
5516.N.hifi_reads_s1275.ctg001289l||full	Caudoviricetes
5516.N.hifi_reads_s1279.ctg001293l||full	Caudoviricetes
5516.N.hifi_reads_s1281.ctg001295l||full	Caudoviricetes
5516.N.hifi_reads_s1285.ctg001299c||full	Caudoviricetes
5516.N.hifi_reads_s1288.ctg001302l||full	Caudoviricetes
5516.N.hifi_reads_s1318.ctg001332l||full	Caudoviricetes
5516.N.hifi_reads_s1319.ctg001333l||full	Caudoviricetes
5516.N.hifi_reads_s1321.ctg001335l||full	Caudoviricetes
5516.N.hifi_reads_s1340.ctg001354l||full	Caudoviricetes
5516.N.hifi_reads_s1352.ctg001367l||full	Caudoviricetes
5516.N.hifi_reads_s1353.ctg001368l||full	Caudoviricetes
5516.N.hifi_reads_s1360.ctg001375l||full	Caudoviricetes
5516.N.hifi_reads_s1361.ctg001376l||full	Caudoviricetes
5516.N.hifi_reads_s1366.ctg001381c||full	Caudoviricetes
5516.N.hifi_reads_s1367.ctg001382l||full	Caudoviricetes
5516.N.hifi_reads_s1373.ctg001389l||full	Caudoviricetes
5516.N.hifi_reads_s1374.ctg001390l||full	Caudoviricetes
5516.N.hifi_reads_s1382.ctg001398l||full	Caudoviricetes
5516.N.hifi_reads_s1388.ctg001404l||full	Caudoviricetes
5516.N.hifi_reads_s1391.ctg001407l||full	Caudoviricetes
5516.N.hifi_reads_s1392.ctg001408l||full	Caudoviricetes
5516.N.hifi_reads_s1410.ctg001426l||full	Caudoviricetes
5516.N.hifi_reads_s1413.ctg001429c||full	Caudoviricetes
5516.N.hifi_reads_s1414.ctg001430l||full	Caudoviricetes
5516.N.hifi_reads_s1418.ctg001434c||full	Caudoviricetes
5516.N.hifi_reads_s1420.ctg001436l||full	Caudoviricetes
5516.N.hifi_reads_s1425.ctg001441l||full	Caudoviricetes
5516.N.hifi_reads_s1428.ctg001444l||full	Caudoviricetes
5516.N.hifi_reads_s1430.ctg001446l||full	Caudoviricetes
5516.N.hifi_reads_s1432.ctg001448l||full	Caudoviricetes
5516.N.hifi_reads_s1436.ctg001452l||full	Caudoviricetes
5516.N.hifi_reads_s1437.ctg001453l||full	Caudoviricetes
5516.N.hifi_reads_s1442.ctg001458l||full	Caudoviricetes
5516.N.hifi_reads_s1448.ctg001464l||full	Caudoviricetes
5516.N.hifi_reads_s1452.ctg001468l||full	Caudoviricetes
5516.N.hifi_reads_s1455.ctg001471l||full	Caudoviricetes
5516.N.hifi_reads_s1457.ctg001473l||full	Caudoviricetes
5516.N.hifi_reads_s1458.ctg001474l||full	Caudoviricetes
5516.N.hifi_reads_s1466.ctg001482l||full	Caudoviricetes
5516.N.hifi_reads_s1468.ctg001484l||full	Caudoviricetes
5516.N.hifi_reads_s1483.ctg001499l||full	Caudoviricetes
5516.N.hifi_reads_s1487.ctg001503l||full	Caudoviricetes
5516.N.hifi_reads_s1495.ctg001511l||full	Caudoviricetes
5516.N.hifi_reads_s1504.ctg001520l||full	Caudoviricetes
5516.N.hifi_reads_s1509.ctg001525l||full	Caudoviricetes
5516.N.hifi_reads_s1510.ctg001526l||full	Caudoviricetes
5516.N.hifi_reads_s1511.ctg001527l||full	Caudoviricetes
5516.N.hifi_reads_s1523.ctg001539l||full	Caudoviricetes
5516.N.hifi_reads_s1527.ctg001543l||full	Caudoviricetes
5516.N.hifi_reads_s1532.ctg001548l||full	Caudoviricetes
5516.N.hifi_reads_s1533.ctg001549l||full	Caudoviricetes
5516.N.hifi_reads_s306.ctg001553l||full	Caudoviricetes
5516.N.hifi_reads_s1537.ctg001554l||full	Caudoviricetes
5516.N.hifi_reads_s1543.ctg001560l||full	Caudoviricetes
5516.N.hifi_reads_s1546.ctg001563l||full	Caudoviricetes
5516.N.hifi_reads_s1547.ctg001564l||full	Caudoviricetes
5516.N.hifi_reads_s1565.ctg001582c||full	Caudoviricetes
5516.N.hifi_reads_s1566.ctg001583c||full	Caudoviricetes
5516.N.hifi_reads_s1580.ctg001597l||full	Caudoviricetes
5516.N.hifi_reads_s1581.ctg001598l||full	Caudoviricetes
5516.N.hifi_reads_s800.ctg001607l||full	Caudoviricetes
5516.N.hifi_reads_s1591.ctg001609l||full	Caudoviricetes
5516.N.hifi_reads_s1610.ctg001628l||full	Caudoviricetes
5516.N.hifi_reads_s1611.ctg001630c||full	Caudoviricetes
5516.N.hifi_reads_s1615.ctg001634l||full	Caudoviricetes
5516.N.hifi_reads_s1617.ctg001636l||full	Caudoviricetes
5516.N.hifi_reads_s1619.ctg001638l||full	Caudoviricetes
5516.N.hifi_reads_s1631.ctg001650l||full	Caudoviricetes
5516.N.hifi_reads_s1660.ctg001679l||full	Caudoviricetes
5516.N.hifi_reads_s1672.ctg001691l||full	Caudoviricetes
5516.N.hifi_reads_s1675.ctg001694c||full	Caudoviricetes
5516.N.hifi_reads_s1677.ctg001696l||full	Caudoviricetes
5516.N.hifi_reads_s1678.ctg001697l||full	Caudoviricetes
5516.N.hifi_reads_s1681.ctg001700l||full	Caudoviricetes
5516.N.hifi_reads_s1688.ctg001707l||full	Caudoviricetes
5516.N.hifi_reads_s1698.ctg001717l||full	Caudoviricetes
5516.N.hifi_reads_s1709.ctg001728l||full	Caudoviricetes
5516.N.hifi_reads_s1723.ctg001744l||full	Caudoviricetes
5516.N.hifi_reads_s1728.ctg001749l||full	Caudoviricetes
5516.N.hifi_reads_s1729.ctg001750l||full	Caudoviricetes
5516.N.hifi_reads_s1737.ctg001758l||full	Caudoviricetes
5516.N.hifi_reads_s1740.ctg001761l||full	Caudoviricetes
5516.N.hifi_reads_s1743.ctg001764l||full	Caudoviricetes
5516.N.hifi_reads_s1744.ctg001765l||full	Caudoviricetes
5516.N.hifi_reads_s1745.ctg001766l||full	Caudoviricetes
5516.N.hifi_reads_s306.ctg001767l||full	Caudoviricetes
5516.N.hifi_reads_s1757.ctg001780l||full	Caudoviricetes
5516.N.hifi_reads_s1759.ctg001782l||full	Caudoviricetes
5516.N.hifi_reads_s1768.ctg001791l||full	Caudoviricetes
5516.N.hifi_reads_s1775.ctg001798l||full	Caudoviricetes
5516.N.hifi_reads_s1792.ctg001815l||full	Caudoviricetes
5516.N.hifi_reads_s1806.ctg001829l||full	Caudoviricetes
5516.N.hifi_reads_s1812.ctg001835l||full	Caudoviricetes
5516.N.hifi_reads_s1814.ctg001837l||full	Caudoviricetes
5516.N.hifi_reads_s1818.ctg001841l||full	Caudoviricetes
5516.N.hifi_reads_s1819.ctg001842l||full	Caudoviricetes
5516.N.hifi_reads_s1825.ctg001848l||full	Caudoviricetes
5516.N.hifi_reads_s1829.ctg001852l||full	Caudoviricetes
5516.N.hifi_reads_s1832.ctg001855l||full	Caudoviricetes
5516.N.hifi_reads_s1833.ctg001856l||full	Caudoviricetes
5516.N.hifi_reads_s98.ctg001865l||full	Caudoviricetes
5516.N.hifi_reads_s1845.ctg001869l||full	Caudoviricetes
5516.N.hifi_reads_s1849.ctg001873l||full	Caudoviricetes
5516.N.hifi_reads_s1853.ctg001877l||full	Caudoviricetes
5516.N.hifi_reads_s306.ctg001882l||full	Caudoviricetes
5516.N.hifi_reads_s1873.ctg001899l||full	Caudoviricetes
5516.N.hifi_reads_s1875.ctg001901l||full	Caudoviricetes
5516.N.hifi_reads_s1876.ctg001902l||full	Caudoviricetes
5516.N.hifi_reads_s1878.ctg001904l||full	Caudoviricetes
5516.N.hifi_reads_s1888.ctg001914l||full	Caudoviricetes
5516.N.hifi_reads_s1899.ctg001926l||full	Caudoviricetes
5516.N.hifi_reads_s1908.ctg001936l||full	Caudoviricetes
5516.N.hifi_reads_s1914.ctg001942l||full	Caudoviricetes
5516.N.hifi_reads_s1919.ctg001947l||full	Caudoviricetes
5516.N.hifi_reads_s1922.ctg001950l||full	Caudoviricetes
5516.N.hifi_reads_s1924.ctg001952l||full	Caudoviricetes
5516.N.hifi_reads_s1925.ctg001953l||full	Caudoviricetes
5516.N.hifi_reads_s1945.ctg001973l||full	Caudoviricetes
5516.N.hifi_reads_s1963.ctg001992l||full	Caudoviricetes
5516.N.hifi_reads_s1967.ctg001996l||full	Caudoviricetes
5516.N.hifi_reads_s1982.ctg002012l||full	Caudoviricetes
5516.N.hifi_reads_s1984.ctg002014c||full	Caudoviricetes
5516.N.hifi_reads_s1989.ctg002019l||full	Caudoviricetes
5516.N.hifi_reads_s1994.ctg002024l||full	Caudoviricetes
5516.N.hifi_reads_s1998.ctg002028l||full	Caudoviricetes
5516.N.hifi_reads_s2002.ctg002032l||full	Caudoviricetes
5516.N.hifi_reads_s2006.ctg002036l||full	Caudoviricetes
5516.N.hifi_reads_s2009.ctg002039l||full	Caudoviricetes
5516.N.hifi_reads_s2011.ctg002041l||full	Caudoviricetes
5516.N.hifi_reads_s30.ctg002045l||full	Caudoviricetes
5516.N.hifi_reads_s2027.ctg002058l||full	Caudoviricetes
5516.N.hifi_reads_s2030.ctg002061c||full	Caudoviricetes
5516.N.hifi_reads_s2032.ctg002063l||full	Caudoviricetes
5516.N.hifi_reads_s2034.ctg002065l||full	Caudoviricetes
5516.N.hifi_reads_s2043.ctg002074l||full	Caudoviricetes
5516.N.hifi_reads_s2057.ctg002088l||full	Caudoviricetes
5516.N.hifi_reads_s2060.ctg002091l||full	Caudoviricetes
5516.N.hifi_reads_s2080.ctg002111l||full	Caudoviricetes
5516.N.hifi_reads_s2081.ctg002112l||full	Caudoviricetes
5516.N.hifi_reads_s2083.ctg002114l||full	Caudoviricetes
5516.N.hifi_reads_s2085.ctg002116l||full	Caudoviricetes
5516.N.hifi_reads_s2086.ctg002117l||full	Caudoviricetes
5516.N.hifi_reads_s2091.ctg002122l||full	Caudoviricetes
5516.N.hifi_reads_s2112.ctg002143l||full	Caudoviricetes
5516.N.hifi_reads_s2122.ctg002153l||full	Caudoviricetes
5516.N.hifi_reads_s2127.ctg002158l||full	Caudoviricetes
5516.N.hifi_reads_s2137.ctg002168l||full	Caudoviricetes
5516.N.hifi_reads_s2139.ctg002170l||full	Caudoviricetes
5516.N.hifi_reads_s2141.ctg002172l||full	Caudoviricetes
5516.N.hifi_reads_s2144.ctg002175l||full	Megaviricetes
5516.N.hifi_reads_s2146.ctg002177l||full	Caudoviricetes
5516.N.hifi_reads_s2149.ctg002180l||full	Caudoviricetes
5516.N.hifi_reads_s2152.ctg002183l||full	Caudoviricetes
5516.N.hifi_reads_s2155.ctg002186l||full	Caudoviricetes
5516.N.hifi_reads_s2156.ctg002187l||full	Caudoviricetes
5516.N.hifi_reads_s2160.ctg002191c||full	Caudoviricetes
5516.N.hifi_reads_s2166.ctg002197l||full	Caudoviricetes
5516.N.hifi_reads_s2175.ctg002206l||full	Caudoviricetes
5516.N.hifi_reads_s2179.ctg002210l||full	Caudoviricetes
5516.N.hifi_reads_s2182.ctg002213l||full	Caudoviricetes
5516.N.hifi_reads_s2190.ctg002221l||full	Caudoviricetes
5516.N.hifi_reads_s2203.ctg002235l||full	Caudoviricetes
5516.N.hifi_reads_s2205.ctg002237c||full	Caudoviricetes
5516.N.hifi_reads_s2207.ctg002239l||full	Caudoviricetes
5516.N.hifi_reads_s2210.ctg002242l||full	Caudoviricetes
5516.N.hifi_reads_s2213.ctg002245c||full	Caudoviricetes
5516.N.hifi_reads_s2224.ctg002256l||full	Caudoviricetes
5516.N.hifi_reads_s2229.ctg002261l||full	Caudoviricetes
5516.N.hifi_reads_s2237.ctg002269l||full	Caudoviricetes
5516.N.hifi_reads_s2243.ctg002277l||full	Caudoviricetes
5516.N.hifi_reads_s306.ctg002278l||full	Caudoviricetes
5516.N.hifi_reads_s2248.ctg002283l||full	Caudoviricetes
5516.N.hifi_reads_s2251.ctg002286l||full	Caudoviricetes
5516.N.hifi_reads_s2254.ctg002289l||full	Caudoviricetes
5516.N.hifi_reads_s2257.ctg002292l||full	Caudoviricetes
5516.N.hifi_reads_s2259.ctg002294l||full	Caudoviricetes
5516.N.hifi_reads_s2260.ctg002295l||full	Caudoviricetes
5516.N.hifi_reads_s2289.ctg002325l||full	Caudoviricetes
5516.N.hifi_reads_s2300.ctg002336l||full	Caudoviricetes
5516.N.hifi_reads_s2308.ctg002344l||full	Caudoviricetes
5516.N.hifi_reads_s2310.ctg002346l||full	Caudoviricetes
5516.N.hifi_reads_s2315.ctg002351l||full	Caudoviricetes
5516.N.hifi_reads_s2316.ctg002352l||full	Caudoviricetes
5516.N.hifi_reads_s2327.ctg002364l||full	Caudoviricetes
5516.N.hifi_reads_s2329.ctg002366l||full	Caudoviricetes
5516.N.hifi_reads_s2330.ctg002367l||full	Caudoviricetes
5516.N.hifi_reads_s2336.ctg002373l||full	Caudoviricetes
5516.N.hifi_reads_s2349.ctg002387l||full	Caudoviricetes
5516.N.hifi_reads_s2350.ctg002388l||full	Caudoviricetes
5516.N.hifi_reads_s2360.ctg002398l||full	Caudoviricetes
5516.N.hifi_reads_s2371.ctg002409l||full	Caudoviricetes
5516.N.hifi_reads_s2373.ctg002411l||full	Caudoviricetes
5516.N.hifi_reads_s2375.ctg002413l||full	Caudoviricetes
5516.N.hifi_reads_s2379.ctg002417l||full	Caudoviricetes
5516.N.hifi_reads_s2390.ctg002428l||full	Caudoviricetes
5516.N.hifi_reads_s2391.ctg002429l||full	Caudoviricetes
5516.N.hifi_reads_s2394.ctg002432l||full	Caudoviricetes
5516.N.hifi_reads_s2400.ctg002439l||full	Caudoviricetes
5516.N.hifi_reads_s2413.ctg002452l||full	Caudoviricetes
5516.N.hifi_reads_s2417.ctg002456l||full	Caudoviricetes
5516.N.hifi_reads_s2434.ctg002474l||full	Caudoviricetes
5516.N.hifi_reads_s2435.ctg002475l||full	Caudoviricetes
5516.N.hifi_reads_s2447.ctg002487l||full	Caudoviricetes
5516.N.hifi_reads_s2449.ctg002489l||full	Caudoviricetes
5516.N.hifi_reads_s2454.ctg002494l||full	Caudoviricetes
5516.N.hifi_reads_s2473.ctg002513l||full	Caudoviricetes
5516.N.hifi_reads_s2474.ctg002514l||full	Caudoviricetes
5516.N.hifi_reads_s2480.ctg002521l||full	Caudoviricetes
5516.N.hifi_reads_s2487.ctg002528l||full	Caudoviricetes
5516.N.hifi_reads_s2489.ctg002530l||full	Caudoviricetes
5516.N.hifi_reads_s2493.ctg002534l||full	Caudoviricetes
5516.N.hifi_reads_s2496.ctg002537l||full	Caudoviricetes
5516.N.hifi_reads_s2527.ctg002568l||full	Caudoviricetes
5516.N.hifi_reads_s2528.ctg002569l||full	Caudoviricetes
5516.N.hifi_reads_s2540.ctg002582l||full	Caudoviricetes
5516.N.hifi_reads_s2544.ctg002586l||full	Caudoviricetes
5516.N.hifi_reads_s2551.ctg002593l||full	Caudoviricetes
5516.N.hifi_reads_s2563.ctg002605l||full	Caudoviricetes
5516.N.hifi_reads_s2568.ctg002610l||full	Caudoviricetes
5516.N.hifi_reads_s2570.ctg002612l||full	Caudoviricetes
5516.N.hifi_reads_s2575.ctg002617l||full	Caudoviricetes
5516.N.hifi_reads_s2580.ctg002622l||full	Caudoviricetes
5516.N.hifi_reads_s2586.ctg002629l||full	Caudoviricetes
5516.N.hifi_reads_s2589.ctg002632l||full	Caudoviricetes
5516.N.hifi_reads_s2592.ctg002635l||full	Caudoviricetes
5516.N.hifi_reads_s2593.ctg002636l||full	Caudoviricetes
5516.N.hifi_reads_s2599.ctg002642l||full	Caudoviricetes
5516.N.hifi_reads_s2601.ctg002644l||full	Caudoviricetes
5516.N.hifi_reads_s2602.ctg002645l||full	Caudoviricetes
5516.N.hifi_reads_s2607.ctg002650l||full	Caudoviricetes
5516.N.hifi_reads_s2615.ctg002658l||full	Caudoviricetes
5516.N.hifi_reads_s2663.ctg002709l||full	Caudoviricetes
5516.N.hifi_reads_s2666.ctg002714l||full	Caudoviricetes
5516.N.hifi_reads_s2668.ctg002717l||full	Caudoviricetes
5516_O_hifi_reads_s58.ctg000059l||full	Caudoviricetes
5516_O_hifi_reads_s213.ctg000214l||full	Caudoviricetes
5516_O_hifi_reads_s256.ctg000257l||full	Caudoviricetes
5516_O_hifi_reads_s306.ctg000307l||full	Caudoviricetes
5516_O_hifi_reads_s307.ctg000308l||full	Caudoviricetes
5516_O_hifi_reads_s507.ctg000508l||full	Caudoviricetes
5516_O_hifi_reads_s652.ctg000653l||full	Caudoviricetes
5516_O_hifi_reads_s725.ctg000726l||full	Caudoviricetes
5516_O_hifi_reads_s777.ctg000778l||full	Caudoviricetes
5516_O_hifi_reads_s852.ctg000853l||full	Caudoviricetes
5516_O_hifi_reads_s868.ctg000869l||full	Caudoviricetes
5516_O_hifi_reads_s872.ctg000873l||full	Caudoviricetes
5516_O_hifi_reads_s927.ctg000928l||full	Caudoviricetes
5516_O_hifi_reads_s987.ctg000988l||full	Caudoviricetes
5516_O_hifi_reads_s1048.ctg001049l||full	Caudoviricetes
5516_O_hifi_reads_s1078.ctg001079l||full	Caudoviricetes
5516_O_hifi_reads_s1348.ctg001349l||full	Caudoviricetes
5516_O_hifi_reads_s1438.ctg001439l||full	Caudoviricetes
5516_O_hifi_reads_s1479.ctg001480l||full	Caudoviricetes
5516_O_hifi_reads_s1488.ctg001489l||full	Caudoviricetes
5516_P_hifi_reads_s171.ctg000174l||full	Caudoviricetes
5516_P_hifi_reads_s213.ctg000216l||full	Caudoviricetes
5516_P_hifi_reads_s1197.ctg001207l||full	Caudoviricetes
5516_P_hifi_reads_s1223.ctg001233l||full	Caudoviricetes
5516_P_hifi_reads_s1732.ctg001745l||full	Caudoviricetes
5516.Q.hifi_reads_s10.ctg000011l||0_partial_1	Caudoviricetes
5516.Q.hifi_reads_s132.ctg000133c||full	Caudoviricetes
5516.Q.hifi_reads_s353.ctg000354l||full	Caudoviricetes
5516.Q.hifi_reads_s648.ctg000649l||full	Caudoviricetes
5516.Q.hifi_reads_s754.ctg000755l||full	Caudoviricetes
5516.Q.hifi_reads_s955.ctg000956l||full	Caudoviricetes
5516.Q.hifi_reads_s970.ctg000971l||full	Caudoviricetes
5516.Q.hifi_reads_s1041.ctg001042l||full	Caudoviricetes
5516.Q.hifi_reads_s1112.ctg001113l||full	Megaviricetes
5516.Q.hifi_reads_s1133.ctg001134l||full	Caudoviricetes
5516.Q.hifi_reads_s1432.ctg001433l||full	Caudoviricetes
5516.Q.hifi_reads_s1436.ctg001437l||full	Caudoviricetes
5516.Q.hifi_reads_s1958.ctg001960l||full	Caudoviricetes
5516.Q.hifi_reads_s2090.ctg002094l||full	Caudoviricetes
5516.Q.hifi_reads_s2098.ctg002103l||full	Caudoviricetes
5516_R_hifi_reads_s78.ctg000079l||0_partial_1	Caudoviricetes
5516_R_hifi_reads_s393.ctg000394c||full	Caudoviricetes
5516_R_hifi_reads_s453.ctg000454l||full	Caudoviricetes
5516_R_hifi_reads_s455.ctg000456l||full	Caudoviricetes
5516_R_hifi_reads_s517.ctg000518c||full	Caudoviricetes
5516_R_hifi_reads_s558.ctg000559l||full	Caudoviricetes
5516_R_hifi_reads_s573.ctg000574l||full	Caudoviricetes
5516_R_hifi_reads_s602.ctg000603l||full	Caudoviricetes
5516_R_hifi_reads_s716.ctg000717l||full	Caudoviricetes
5516_R_hifi_reads_s940.ctg000941l||full	Caudoviricetes
5516_R_hifi_reads_s953.ctg000954l||full	Caudoviricetes
5516_R_hifi_reads_s954.ctg000955l||full	Caudoviricetes
5516_R_hifi_reads_s1367.ctg001368l||full	Caudoviricetes
5516_R_hifi_reads_s1475.ctg001476l||full	Caudoviricetes
5516_R_hifi_reads_s1514.ctg001515l||full	Caudoviricetes
5516_R_hifi_reads_s1524.ctg001525l||full	Caudoviricetes
5516_R_hifi_reads_s1630.ctg001631l||full	Caudoviricetes
5516.S.hifi_reads_s10.ctg000011l||full_1	Caudoviricetes
5516.S.hifi_reads_s381.ctg000397l||full_1	Caudoviricetes
5516.S.hifi_reads_s1.ctg000002l||full	Megaviricetes
5516.S.hifi_reads_s3.ctg000004l||full	Caudoviricetes
5516.S.hifi_reads_s9.ctg000010l||full	Caudoviricetes
5516.S.hifi_reads_s18.ctg000019l||full	Caudoviricetes
5516.S.hifi_reads_s24.ctg000025l||full	Megaviricetes
5516.S.hifi_reads_s28.ctg000029l||full	Caudoviricetes
5516.S.hifi_reads_s29.ctg000030l||full	Caudoviricetes
5516.S.hifi_reads_s30.ctg000031l||full	Caudoviricetes
5516.S.hifi_reads_s33.ctg000034l||full	Caudoviricetes
5516.S.hifi_reads_s34.ctg000035l||full	Caudoviricetes
5516.S.hifi_reads_s44.ctg000045l||full	Caudoviricetes
5516.S.hifi_reads_s46.ctg000047l||full	Caudoviricetes
5516.S.hifi_reads_s49.ctg000050l||full	Caudoviricetes
5516.S.hifi_reads_s56.ctg000057l||full	Caudoviricetes
5516.S.hifi_reads_s60.ctg000061l||full	Caudoviricetes
5516.S.hifi_reads_s63.ctg000064l||full	Caudoviricetes
5516.S.hifi_reads_s68.ctg000069l||full	Caudoviricetes
5516.S.hifi_reads_s80.ctg000081c||full	Caudoviricetes
5516.S.hifi_reads_s84.ctg000085c||full	Caudoviricetes
5516.S.hifi_reads_s89.ctg000090l||full	Caudoviricetes
5516.S.hifi_reads_s95.ctg000097l||full	Caudoviricetes
5516.S.hifi_reads_s98.ctg000100l||full	Caudoviricetes
5516.S.hifi_reads_s101.ctg000103l||full	Caudoviricetes
5516.S.hifi_reads_s102.ctg000104l||full	Caudoviricetes
5516.S.hifi_reads_s103.ctg000105l||full	Caudoviricetes
5516.S.hifi_reads_s108.ctg000110l||full	Caudoviricetes
5516.S.hifi_reads_s109.ctg000111l||full	Caudoviricetes
5516.S.hifi_reads_s111.ctg000113l||full	Megaviricetes
5516.S.hifi_reads_s117.ctg000119l||full	Caudoviricetes
5516.S.hifi_reads_s121.ctg000123c||full	Caudoviricetes
5516.S.hifi_reads_s123.ctg000125l||full	Caudoviricetes
5516.S.hifi_reads_s125.ctg000127l||full	Caudoviricetes
5516.S.hifi_reads_s136.ctg000138l||full	Caudoviricetes
5516.S.hifi_reads_s137.ctg000139l||full	Caudoviricetes
5516.S.hifi_reads_s139.ctg000141l||full	Caudoviricetes
5516.S.hifi_reads_s140.ctg000142l||full	Caudoviricetes
5516.S.hifi_reads_s141.ctg000143l||full	Caudoviricetes
5516.S.hifi_reads_s144.ctg000147l||full	Caudoviricetes
5516.S.hifi_reads_s147.ctg000150l||full	Caudoviricetes
5516.S.hifi_reads_s148.ctg000151l||full	Megaviricetes
5516.S.hifi_reads_s149.ctg000152l||full	Caudoviricetes
5516.S.hifi_reads_s154.ctg000158c||full	Caudoviricetes
5516.S.hifi_reads_s158.ctg000162l||full	Caudoviricetes
5516.S.hifi_reads_s159.ctg000163c||full	Caudoviricetes
5516.S.hifi_reads_s163.ctg000167l||full	Caudoviricetes
5516.S.hifi_reads_s165.ctg000169l||full	Caudoviricetes
5516.S.hifi_reads_s166.ctg000170l||full	Caudoviricetes
5516.S.hifi_reads_s168.ctg000172l||full	Caudoviricetes
5516.S.hifi_reads_s169.ctg000173l||full	Megaviricetes
5516.S.hifi_reads_s172.ctg000176c||full	Caudoviricetes
5516.S.hifi_reads_s174.ctg000178l||full	Caudoviricetes
5516.S.hifi_reads_s175.ctg000179l||full	Caudoviricetes
5516.S.hifi_reads_s181.ctg000185l||full	Caudoviricetes
5516.S.hifi_reads_s187.ctg000192l||full	Caudoviricetes
5516.S.hifi_reads_s188.ctg000193l||full	Caudoviricetes
5516.S.hifi_reads_s189.ctg000194l||full	Caudoviricetes
5516.S.hifi_reads_s192.ctg000197l||full	Caudoviricetes
5516.S.hifi_reads_s193.ctg000198l||full	Megaviricetes
5516.S.hifi_reads_s194.ctg000199l||full	Caudoviricetes
5516.S.hifi_reads_s196.ctg000201l||full	Caudoviricetes
5516.S.hifi_reads_s199.ctg000204l||full	Caudoviricetes
5516.S.hifi_reads_s206.ctg000212l||full	Caudoviricetes
5516.S.hifi_reads_s211.ctg000217l||full	Caudoviricetes
5516.S.hifi_reads_s223.ctg000230l||full	Caudoviricetes
5516.S.hifi_reads_s224.ctg000231l||full	Caudoviricetes
5516.S.hifi_reads_s226.ctg000233l||full	Caudoviricetes
5516.S.hifi_reads_s229.ctg000236l||full	Caudoviricetes
5516.S.hifi_reads_s230.ctg000237l||full	Caudoviricetes
5516.S.hifi_reads_s232.ctg000240l||full	Caudoviricetes
5516.S.hifi_reads_s236.ctg000244l||full	Caudoviricetes
5516.S.hifi_reads_s238.ctg000246l||full	Caudoviricetes
5516.S.hifi_reads_s247.ctg000255l||full	Caudoviricetes
5516.S.hifi_reads_s252.ctg000260l||full	Caudoviricetes
5516.S.hifi_reads_s253.ctg000261l||full	Caudoviricetes
5516.S.hifi_reads_s255.ctg000264l||full	Caudoviricetes
5516.S.hifi_reads_s256.ctg000265l||full	Caudoviricetes
5516.S.hifi_reads_s263.ctg000272l||full	Caudoviricetes
5516.S.hifi_reads_s268.ctg000277l||full	Caudoviricetes
5516.S.hifi_reads_s272.ctg000281l||full	Megaviricetes
5516.S.hifi_reads_s275.ctg000284l||full	Caudoviricetes
5516.S.hifi_reads_s283.ctg000293l||full	Caudoviricetes
5516.S.hifi_reads_s285.ctg000295l||full	Caudoviricetes
5516.S.hifi_reads_s288.ctg000298l||full	Caudoviricetes
5516.S.hifi_reads_s289.ctg000299l||full	Caudoviricetes
5516.S.hifi_reads_s291.ctg000301l||full	Megaviricetes
5516.S.hifi_reads_s294.ctg000304l||full	Caudoviricetes
5516.S.hifi_reads_s298.ctg000308l||full	Caudoviricetes
5516.S.hifi_reads_s300.ctg000310l||full	Caudoviricetes
5516.S.hifi_reads_s301.ctg000311l||full	Caudoviricetes
5516.S.hifi_reads_s304.ctg000314l||full	Caudoviricetes
5516.S.hifi_reads_s313.ctg000323l||full	Caudoviricetes
5516.S.hifi_reads_s320.ctg000330l||full	Caudoviricetes
5516.S.hifi_reads_s329.ctg000339l||full	Caudoviricetes
5516.S.hifi_reads_s339.ctg000349l||full	Megaviricetes
5516.S.hifi_reads_s351.ctg000361l||full	Caudoviricetes
5516.S.hifi_reads_s361.ctg000376l||full	Caudoviricetes
5516.S.hifi_reads_s363.ctg000378l||full	Caudoviricetes
5516.S.hifi_reads_s367.ctg000382l||full	Caudoviricetes
5516.S.hifi_reads_s368.ctg000383l||full	Caudoviricetes
5516.S.hifi_reads_s375.ctg000390l||full	Caudoviricetes
5516.S.hifi_reads_s377.ctg000392l||full	Megaviricetes
5516.S.hifi_reads_s391.ctg000407l||full	Caudoviricetes
5516.S.hifi_reads_s392.ctg000408l||full	Megaviricetes
5516.S.hifi_reads_s393.ctg000409l||full	Caudoviricetes
5516.S.hifi_reads_s394.ctg000410l||full	Caudoviricetes
5516.S.hifi_reads_s403.ctg000419l||full	Megaviricetes
5516.S.hifi_reads_s410.ctg000427l||full	Megaviricetes
5516.S.hifi_reads_s415.ctg000433l||full	Caudoviricetes
5516.S.hifi_reads_s419.ctg000438l||full	Caudoviricetes
5516.S.hifi_reads_s421.ctg000440l||full	Megaviricetes
5516.S.hifi_reads_s423.ctg000442l||full	Caudoviricetes
5516.S.hifi_reads_s429.ctg000448l||full	Caudoviricetes
5516.S.hifi_reads_s430.ctg000449l||full	Caudoviricetes
5516.S.hifi_reads_s435.ctg000454l||full	Caudoviricetes
5516.S.hifi_reads_s436.ctg000455l||full	Caudoviricetes
5516.S.hifi_reads_s439.ctg000458l||full	Caudoviricetes
5516.S.hifi_reads_s441.ctg000460l||full	Megaviricetes
5516.S.hifi_reads_s451.ctg000471l||full	Caudoviricetes
5516.S.hifi_reads_s454.ctg000474l||full	Caudoviricetes
5516.S.hifi_reads_s458.ctg000478l||full	Megaviricetes
5516.S.hifi_reads_s460.ctg000480l||full	Caudoviricetes
5516.S.hifi_reads_s470.ctg000491l||full	Megaviricetes
5516.S.hifi_reads_s471.ctg000494l||full	Caudoviricetes
5516.S.hifi_reads_s474.ctg000497l||full	Caudoviricetes
5516.S.hifi_reads_s482.ctg000506l||full	Caudoviricetes
5516.S.hifi_reads_s490.ctg000517l||full	Caudoviricetes
5516_T_hifi_reads_s10.ctg000011l||full_1	Caudoviricetes
5516_T_hifi_reads_s95.ctg000096l||full_1	Caudoviricetes
5516_T_hifi_reads_s351.ctg000353l||full_1	Caudoviricetes
5516_T_hifi_reads_s395.ctg000397l||full_1	Caudoviricetes
5516_T_hifi_reads_s589.ctg000593l||full_1	Caudoviricetes
5516_T_hifi_reads_s627.ctg000631l||full_1	Caudoviricetes
5516_T_hifi_reads_s675.ctg000679l||full_1	Caudoviricetes
5516_T_hifi_reads_s687.ctg000691l||full_1	Caudoviricetes
5516_T_hifi_reads_s736.ctg000741l||full_1	Caudoviricetes
5516_T_hifi_reads_s820.ctg000825l||full_1	Caudoviricetes
5516_T_hifi_reads_s973.ctg000981l||full_1	Caudoviricetes
5516_T_hifi_reads_s1188.ctg001196l||full_1	Caudoviricetes
5516_T_hifi_reads_s1658.ctg001669l||full_1	Caudoviricetes
5516_T_hifi_reads_s1870.ctg001882l||full_1	Caudoviricetes
5516_T_hifi_reads_s1994.ctg002007l||full_1	Caudoviricetes
5516_T_hifi_reads_s2307.ctg002321l||full_1	Caudoviricetes
5516_T_hifi_reads_s0.ctg000001l||full	Caudoviricetes
5516_T_hifi_reads_s11.ctg000012l||full	Caudoviricetes
5516_T_hifi_reads_s26.ctg000027l||full	Caudoviricetes
5516_T_hifi_reads_s28.ctg000029l||full	Caudoviricetes
5516_T_hifi_reads_s31.ctg000032l||full	Caudoviricetes
5516_T_hifi_reads_s35.ctg000036l||full	Caudoviricetes
5516_T_hifi_reads_s41.ctg000042l||full	Caudoviricetes
5516_T_hifi_reads_s55.ctg000056l||full	Caudoviricetes
5516_T_hifi_reads_s97.ctg000098l||full	Caudoviricetes
5516_T_hifi_reads_s108.ctg000109l||full	Caudoviricetes
5516_T_hifi_reads_s120.ctg000121l||full	Caudoviricetes
5516_T_hifi_reads_s128.ctg000129l||full	Caudoviricetes
5516_T_hifi_reads_s140.ctg000141l||full	Caudoviricetes
5516_T_hifi_reads_s148.ctg000149l||full	Caudoviricetes
5516_T_hifi_reads_s191.ctg000192l||full	Caudoviricetes
5516_T_hifi_reads_s193.ctg000194l||full	Caudoviricetes
5516_T_hifi_reads_s197.ctg000198l||full	Caudoviricetes
5516_T_hifi_reads_s201.ctg000202l||full	Caudoviricetes
5516_T_hifi_reads_s226.ctg000227l||full	Caudoviricetes
5516_T_hifi_reads_s247.ctg000248l||full	Caudoviricetes
5516_T_hifi_reads_s251.ctg000252l||full	Caudoviricetes
5516_T_hifi_reads_s258.ctg000259l||full	Caudoviricetes
5516_T_hifi_reads_s259.ctg000260l||full	Caudoviricetes
5516_T_hifi_reads_s271.ctg000272l||full	Caudoviricetes
5516_T_hifi_reads_s280.ctg000281l||full	Caudoviricetes
5516_T_hifi_reads_s290.ctg000291l||full	Caudoviricetes
5516_T_hifi_reads_s292.ctg000293l||full	Caudoviricetes
5516_T_hifi_reads_s321.ctg000322l||full	Caudoviricetes
5516_T_hifi_reads_s324.ctg000325l||full	Caudoviricetes
5516_T_hifi_reads_s350.ctg000352l||full	Caudoviricetes
5516_T_hifi_reads_s367.ctg000369l||full	Caudoviricetes
5516_T_hifi_reads_s373.ctg000375c||full	Caudoviricetes
5516_T_hifi_reads_s382.ctg000384l||full	Caudoviricetes
5516_T_hifi_reads_s397.ctg000399l||full	Caudoviricetes
5516_T_hifi_reads_s402.ctg000404l||full	Caudoviricetes
5516_T_hifi_reads_s412.ctg000415l||full	Caudoviricetes
5516_T_hifi_reads_s432.ctg000435l||full	Caudoviricetes
5516_T_hifi_reads_s434.ctg000437l||full	Caudoviricetes
5516_T_hifi_reads_s456.ctg000459l||full	Caudoviricetes
5516_T_hifi_reads_s467.ctg000470l||full	Caudoviricetes
5516_T_hifi_reads_s472.ctg000475c||full	Caudoviricetes
5516_T_hifi_reads_s481.ctg000485l||full	Caudoviricetes
5516_T_hifi_reads_s493.ctg000497l||full	Caudoviricetes
5516_T_hifi_reads_s508.ctg000512l||full	Caudoviricetes
5516_T_hifi_reads_s512.ctg000516l||full	Caudoviricetes
5516_T_hifi_reads_s518.ctg000522l||full	Caudoviricetes
5516_T_hifi_reads_s531.ctg000535l||full	Caudoviricetes
5516_T_hifi_reads_s534.ctg000538l||full	Caudoviricetes
5516_T_hifi_reads_s542.ctg000546l||full	Caudoviricetes
5516_T_hifi_reads_s554.ctg000558l||full	Caudoviricetes
5516_T_hifi_reads_s564.ctg000568l||full	Caudoviricetes
5516_T_hifi_reads_s582.ctg000586l||full	Caudoviricetes
5516_T_hifi_reads_s593.ctg000597l||full	Caudoviricetes
5516_T_hifi_reads_s597.ctg000601l||full	Caudoviricetes
5516_T_hifi_reads_s598.ctg000602l||full	Caudoviricetes
5516_T_hifi_reads_s608.ctg000612l||full	Caudoviricetes
5516_T_hifi_reads_s613.ctg000617l||full	Caudoviricetes
5516_T_hifi_reads_s623.ctg000627l||full	Caudoviricetes
5516_T_hifi_reads_s632.ctg000636c||full	Caudoviricetes
5516_T_hifi_reads_s645.ctg000649l||full	Caudoviricetes
5516_T_hifi_reads_s670.ctg000674l||full	Caudoviricetes
5516_T_hifi_reads_s674.ctg000678l||full	Caudoviricetes
5516_T_hifi_reads_s682.ctg000686l||full	Caudoviricetes
5516_T_hifi_reads_s692.ctg000696l||full	Caudoviricetes
5516_T_hifi_reads_s703.ctg000707l||full	Caudoviricetes
5516_T_hifi_reads_s706.ctg000710l||full	Caudoviricetes
5516_T_hifi_reads_s723.ctg000728l||full	Caudoviricetes
5516_T_hifi_reads_s731.ctg000736l||full	Caudoviricetes
5516_T_hifi_reads_s740.ctg000745l||full	Caudoviricetes
5516_T_hifi_reads_s746.ctg000751l||full	Caudoviricetes
5516_T_hifi_reads_s752.ctg000757l||full	Caudoviricetes
5516_T_hifi_reads_s766.ctg000771c||full	Caudoviricetes
5516_T_hifi_reads_s770.ctg000775l||full	Caudoviricetes
5516_T_hifi_reads_s788.ctg000793l||full	Caudoviricetes
5516_T_hifi_reads_s791.ctg000796l||full	Caudoviricetes
5516_T_hifi_reads_s804.ctg000809l||full	Caudoviricetes
5516_T_hifi_reads_s806.ctg000811l||full	Caudoviricetes
5516_T_hifi_reads_s823.ctg000828l||full	Caudoviricetes
5516_T_hifi_reads_s855.ctg000860l||full	Caudoviricetes
5516_T_hifi_reads_s857.ctg000862l||full	Caudoviricetes
5516_T_hifi_reads_s860.ctg000865l||full	Caudoviricetes
5516_T_hifi_reads_s864.ctg000869l||full	Caudoviricetes
5516_T_hifi_reads_s738.ctg000885l||full	Caudoviricetes
5516_T_hifi_reads_s885.ctg000891l||full	Caudoviricetes
5516_T_hifi_reads_s897.ctg000903l||full	Caudoviricetes
5516_T_hifi_reads_s189.ctg000926l||full	Caudoviricetes
5516_T_hifi_reads_s922.ctg000929l||full	Caudoviricetes
5516_T_hifi_reads_s930.ctg000937l||full	Caudoviricetes
5516_T_hifi_reads_s936.ctg000943l||full	Caudoviricetes
5516_T_hifi_reads_s939.ctg000946l||full	Caudoviricetes
5516_T_hifi_reads_s944.ctg000951l||full	Caudoviricetes
5516_T_hifi_reads_s954.ctg000962l||full	Caudoviricetes
5516_T_hifi_reads_s961.ctg000969c||full	Caudoviricetes
5516_T_hifi_reads_s965.ctg000973l||full	Caudoviricetes
5516_T_hifi_reads_s971.ctg000979l||full	Caudoviricetes
5516_T_hifi_reads_s980.ctg000988l||full	Caudoviricetes
5516_T_hifi_reads_s994.ctg001002l||full	Caudoviricetes
5516_T_hifi_reads_s998.ctg001006l||full	Caudoviricetes
5516_T_hifi_reads_s1013.ctg001021l||full	Caudoviricetes
5516_T_hifi_reads_s1015.ctg001023l||full	Caudoviricetes
5516_T_hifi_reads_s1018.ctg001026l||full	Caudoviricetes
5516_T_hifi_reads_s1022.ctg001030l||full	Caudoviricetes
5516_T_hifi_reads_s1027.ctg001035l||full	Caudoviricetes
5516_T_hifi_reads_s1044.ctg001052l||full	Caudoviricetes
5516_T_hifi_reads_s1049.ctg001057l||full	Caudoviricetes
5516_T_hifi_reads_s1053.ctg001061l||full	Caudoviricetes
5516_T_hifi_reads_s1061.ctg001069l||full	Caudoviricetes
5516_T_hifi_reads_s1069.ctg001077l||full	Caudoviricetes
5516_T_hifi_reads_s1104.ctg001112l||full	Caudoviricetes
5516_T_hifi_reads_s1115.ctg001123l||full	Caudoviricetes
5516_T_hifi_reads_s1117.ctg001125l||full	Caudoviricetes
5516_T_hifi_reads_s1118.ctg001126l||full	Caudoviricetes
5516_T_hifi_reads_s1127.ctg001135l||full	Caudoviricetes
5516_T_hifi_reads_s1128.ctg001136l||full	Caudoviricetes
5516_T_hifi_reads_s1129.ctg001137l||full	Caudoviricetes
5516_T_hifi_reads_s1130.ctg001138l||full	Caudoviricetes
5516_T_hifi_reads_s1148.ctg001156c||full	Caudoviricetes
5516_T_hifi_reads_s1149.ctg001157l||full	Caudoviricetes
5516_T_hifi_reads_s1160.ctg001168l||full	Caudoviricetes
5516_T_hifi_reads_s1179.ctg001187l||full	Caudoviricetes
5516_T_hifi_reads_s1186.ctg001194l||full	Caudoviricetes
5516_T_hifi_reads_s1204.ctg001212l||full	Caudoviricetes
5516_T_hifi_reads_s1211.ctg001219l||full	Caudoviricetes
5516_T_hifi_reads_s1233.ctg001241l||full	Caudoviricetes
5516_T_hifi_reads_s1234.ctg001242l||full	Caudoviricetes
5516_T_hifi_reads_s1252.ctg001260l||full	Caudoviricetes
5516_T_hifi_reads_s1290.ctg001298l||full	Caudoviricetes
5516_T_hifi_reads_s1319.ctg001327l||full	Caudoviricetes
5516_T_hifi_reads_s1320.ctg001328l||full	Caudoviricetes
5516_T_hifi_reads_s1328.ctg001336l||full	Caudoviricetes
5516_T_hifi_reads_s1343.ctg001351l||full	Caudoviricetes
5516_T_hifi_reads_s1345.ctg001353l||full	Caudoviricetes
5516_T_hifi_reads_s1349.ctg001357l||full	Caudoviricetes
5516_T_hifi_reads_s1350.ctg001358l||full	Caudoviricetes
5516_T_hifi_reads_s1366.ctg001374l||full	Caudoviricetes
5516_T_hifi_reads_s1368.ctg001376l||full	Caudoviricetes
5516_T_hifi_reads_s1370.ctg001378l||full	Caudoviricetes
5516_T_hifi_reads_s1374.ctg001382l||full	Caudoviricetes
5516_T_hifi_reads_s1381.ctg001389l||full	Caudoviricetes
5516_T_hifi_reads_s1392.ctg001400l||full	Caudoviricetes
5516_T_hifi_reads_s1394.ctg001402l||full	Caudoviricetes
5516_T_hifi_reads_s1400.ctg001408l||full	Caudoviricetes
5516_T_hifi_reads_s1401.ctg001409l||full	Caudoviricetes
5516_T_hifi_reads_s738.ctg001410l||full	Caudoviricetes
5516_T_hifi_reads_s1417.ctg001426l||full	Caudoviricetes
5516_T_hifi_reads_s1445.ctg001454l||full	Caudoviricetes
5516_T_hifi_reads_s1450.ctg001459l||full	Caudoviricetes
5516_T_hifi_reads_s1452.ctg001461l||full	Caudoviricetes
5516_T_hifi_reads_s1455.ctg001464l||full	Caudoviricetes
5516_T_hifi_reads_s1467.ctg001477l||full	Caudoviricetes
5516_T_hifi_reads_s1477.ctg001487l||full	Caudoviricetes
5516_T_hifi_reads_s1478.ctg001488l||full	Caudoviricetes
5516_T_hifi_reads_s1496.ctg001506l||full	Caudoviricetes
5516_T_hifi_reads_s1498.ctg001508l||full	Caudoviricetes
5516_T_hifi_reads_s1501.ctg001511l||full	Caudoviricetes
5516_T_hifi_reads_s1510.ctg001520c||full	Caudoviricetes
5516_T_hifi_reads_s1511.ctg001521l||full	Caudoviricetes
5516_T_hifi_reads_s1561.ctg001571l||full	Caudoviricetes
5516_T_hifi_reads_s1578.ctg001588l||full	Caudoviricetes
5516_T_hifi_reads_s1586.ctg001596l||full	Caudoviricetes
5516_T_hifi_reads_s1609.ctg001619l||full	Caudoviricetes
5516_T_hifi_reads_s1612.ctg001622l||full	Caudoviricetes
5516_T_hifi_reads_s1616.ctg001626l||full	Caudoviricetes
5516_T_hifi_reads_s1621.ctg001631l||full	Caudoviricetes
5516_T_hifi_reads_s1631.ctg001641l||full	Caudoviricetes
5516_T_hifi_reads_s1682.ctg001693l||full	Caudoviricetes
5516_T_hifi_reads_s1688.ctg001699l||full	Caudoviricetes
5516_T_hifi_reads_s1693.ctg001704l||full	Caudoviricetes
5516_T_hifi_reads_s1698.ctg001709l||full	Caudoviricetes
5516_T_hifi_reads_s1701.ctg001712l||full	Caudoviricetes
5516_T_hifi_reads_s1710.ctg001721l||full	Caudoviricetes
5516_T_hifi_reads_s189.ctg001744l||full	Caudoviricetes
5516_T_hifi_reads_s1733.ctg001745l||full	Caudoviricetes
5516_T_hifi_reads_s1735.ctg001747l||full	Caudoviricetes
5516_T_hifi_reads_s1737.ctg001749l||full	Caudoviricetes
5516_T_hifi_reads_s1744.ctg001756l||full	Caudoviricetes
5516_T_hifi_reads_s1750.ctg001762l||full	Caudoviricetes
5516_T_hifi_reads_s1751.ctg001763l||full	Caudoviricetes
5516_T_hifi_reads_s1771.ctg001783l||full	Caudoviricetes
5516_T_hifi_reads_s1776.ctg001788l||full	Caudoviricetes
5516_T_hifi_reads_s1797.ctg001809l||full	Caudoviricetes
5516_T_hifi_reads_s1802.ctg001814l||full	Caudoviricetes
5516_T_hifi_reads_s1817.ctg001829l||full	Caudoviricetes
5516_T_hifi_reads_s1830.ctg001842l||full	Caudoviricetes
5516_T_hifi_reads_s1831.ctg001843l||full	Caudoviricetes
5516_T_hifi_reads_s1846.ctg001858l||full	Caudoviricetes
5516_T_hifi_reads_s1866.ctg001878l||full	Caudoviricetes
5516_T_hifi_reads_s1871.ctg001883l||full	Caudoviricetes
5516_T_hifi_reads_s1909.ctg001921l||full	Caudoviricetes
5516_T_hifi_reads_s1919.ctg001931l||full	Caudoviricetes
5516_T_hifi_reads_s1921.ctg001933l||full	Caudoviricetes
5516_T_hifi_reads_s1933.ctg001945l||full	Caudoviricetes
5516_T_hifi_reads_s1941.ctg001953l||full	Caudoviricetes
5516_T_hifi_reads_s1942.ctg001954l||full	Caudoviricetes
5516_T_hifi_reads_s1953.ctg001966l||full	Caudoviricetes
5516_T_hifi_reads_s1957.ctg001970l||full	Caudoviricetes
5516_T_hifi_reads_s1961.ctg001974l||full	Caudoviricetes
5516_T_hifi_reads_s2010.ctg002023l||full	Caudoviricetes
5516_T_hifi_reads_s2018.ctg002031l||full	Caudoviricetes
5516_T_hifi_reads_s2029.ctg002042l||full	Caudoviricetes
5516_T_hifi_reads_s2044.ctg002057l||full	Caudoviricetes
5516_T_hifi_reads_s2067.ctg002080l||full	Caudoviricetes
5516_T_hifi_reads_s2070.ctg002083l||full	Caudoviricetes
5516_T_hifi_reads_s2089.ctg002102l||full	Caudoviricetes
5516_T_hifi_reads_s2111.ctg002124l||full	Caudoviricetes
5516_T_hifi_reads_s2116.ctg002129l||full	Caudoviricetes
5516_T_hifi_reads_s2130.ctg002143l||full	Caudoviricetes
5516_T_hifi_reads_s2137.ctg002150l||full	Caudoviricetes
5516_T_hifi_reads_s2139.ctg002152l||full	Caudoviricetes
5516_T_hifi_reads_s2183.ctg002196l||full	Caudoviricetes
5516_T_hifi_reads_s2208.ctg002222l||full	Caudoviricetes
5516_T_hifi_reads_s2219.ctg002233l||full	Caudoviricetes
5516_T_hifi_reads_s2223.ctg002237l||full	Caudoviricetes
5516_T_hifi_reads_s2224.ctg002238c||full	Caudoviricetes
5516_T_hifi_reads_s2226.ctg002240l||full	Caudoviricetes
5516_T_hifi_reads_s2229.ctg002243l||full	Caudoviricetes
5516_T_hifi_reads_s2232.ctg002246l||full	Caudoviricetes
5516_T_hifi_reads_s2237.ctg002251l||full	Caudoviricetes
5516_T_hifi_reads_s2241.ctg002255l||full	Caudoviricetes
5516_T_hifi_reads_s2242.ctg002256l||full	Caudoviricetes
5516_T_hifi_reads_s2254.ctg002268l||full	Caudoviricetes
5516_T_hifi_reads_s2311.ctg002325l||full	Caudoviricetes
5516_T_hifi_reads_s2319.ctg002333l||full	Caudoviricetes
5516_T_hifi_reads_s2320.ctg002334l||full	Caudoviricetes
5516_T_hifi_reads_s2336.ctg002350l||full	Caudoviricetes
5516_T_hifi_reads_s2338.ctg002352l||full	Caudoviricetes
5516_T_hifi_reads_s2344.ctg002358c||full	Caudoviricetes
5516_T_hifi_reads_s2349.ctg002363l||full	Caudoviricetes
5516_T_hifi_reads_s2352.ctg002366l||full	Caudoviricetes
5516_T_hifi_reads_s2353.ctg002367l||full	Caudoviricetes
5516_T_hifi_reads_s2356.ctg002370l||full	Caudoviricetes
5516_T_hifi_reads_s2418.ctg002432l||full	Caudoviricetes
5516_T_hifi_reads_s2443.ctg002457l||full	Caudoviricetes
5516_T_hifi_reads_s2445.ctg002459l||full	Caudoviricetes
5516_T_hifi_reads_s2455.ctg002469l||full	Caudoviricetes
5516_U_hifi_reads_s572.ctg000574l||full_1	Caudoviricetes
5516_U_hifi_reads_s662.ctg000664l||full_1	Caudoviricetes
5516_U_hifi_reads_s936.ctg000938l||full_1	Caudoviricetes
5516_U_hifi_reads_s957.ctg000959l||full_1	Caudoviricetes
5516_U_hifi_reads_s1801.ctg001806l||full_1	Caudoviricetes
5516_U_hifi_reads_s2087.ctg002092l||full_1	Caudoviricetes
5516_U_hifi_reads_s2176.ctg002181l||full_1	Caudoviricetes
5516_U_hifi_reads_s2.ctg000003l||full	Caudoviricetes
5516_U_hifi_reads_s27.ctg000028l||full	Caudoviricetes
5516_U_hifi_reads_s34.ctg000035l||full	Caudoviricetes
5516_U_hifi_reads_s69.ctg000070l||full	Caudoviricetes
5516_U_hifi_reads_s72.ctg000073l||full	Caudoviricetes
5516_U_hifi_reads_s73.ctg000074l||full	Caudoviricetes
5516_U_hifi_reads_s80.ctg000081l||full	Caudoviricetes
5516_U_hifi_reads_s86.ctg000087l||full	Caudoviricetes
5516_U_hifi_reads_s88.ctg000089l||full	Caudoviricetes
5516_U_hifi_reads_s89.ctg000090l||full	Caudoviricetes
5516_U_hifi_reads_s114.ctg000115l||full	Caudoviricetes
5516_U_hifi_reads_s124.ctg000125l||full	Caudoviricetes
5516_U_hifi_reads_s131.ctg000132l||full	Caudoviricetes
5516_U_hifi_reads_s137.ctg000138l||full	Caudoviricetes
5516_U_hifi_reads_s147.ctg000148l||full	Caudoviricetes
5516_U_hifi_reads_s148.ctg000149l||full	Caudoviricetes
5516_U_hifi_reads_s151.ctg000152l||full	Caudoviricetes
5516_U_hifi_reads_s153.ctg000154l||full	Caudoviricetes
5516_U_hifi_reads_s171.ctg000172l||full	Caudoviricetes
5516_U_hifi_reads_s191.ctg000192l||full	Caudoviricetes
5516_U_hifi_reads_s203.ctg000204l||full	Caudoviricetes
5516_U_hifi_reads_s214.ctg000215l||full	Caudoviricetes
5516_U_hifi_reads_s223.ctg000224l||full	Caudoviricetes
5516_U_hifi_reads_s229.ctg000230l||full	Caudoviricetes
5516_U_hifi_reads_s264.ctg000265l||full	Caudoviricetes
5516_U_hifi_reads_s287.ctg000288l||full	Caudoviricetes
5516_U_hifi_reads_s289.ctg000290c||full	Caudoviricetes
5516_U_hifi_reads_s295.ctg000296l||full	Caudoviricetes
5516_U_hifi_reads_s312.ctg000313l||full	Caudoviricetes
5516_U_hifi_reads_s321.ctg000322l||full	Caudoviricetes
5516_U_hifi_reads_s323.ctg000324l||full	Caudoviricetes
5516_U_hifi_reads_s329.ctg000330l||full	Caudoviricetes
5516_U_hifi_reads_s367.ctg000368l||full	Caudoviricetes
5516_U_hifi_reads_s374.ctg000375l||full	Caudoviricetes
5516_U_hifi_reads_s385.ctg000386l||full	Caudoviricetes
5516_U_hifi_reads_s394.ctg000395l||full	Caudoviricetes
5516_U_hifi_reads_s407.ctg000408l||full	Caudoviricetes
5516_U_hifi_reads_s422.ctg000423l||full	Caudoviricetes
5516_U_hifi_reads_s435.ctg000436l||full	Caudoviricetes
5516_U_hifi_reads_s449.ctg000450l||full	Caudoviricetes
5516_U_hifi_reads_s457.ctg000458l||full	Caudoviricetes
5516_U_hifi_reads_s463.ctg000464l||full	Caudoviricetes
5516_U_hifi_reads_s494.ctg000495l||full	Caudoviricetes
5516_U_hifi_reads_s514.ctg000515l||full	Caudoviricetes
5516_U_hifi_reads_s520.ctg000521l||full	Caudoviricetes
5516_U_hifi_reads_s523.ctg000524l||full	Caudoviricetes
5516_U_hifi_reads_s531.ctg000532l||full	Caudoviricetes
5516_U_hifi_reads_s367.ctg000537l||full	Caudoviricetes
5516_U_hifi_reads_s536.ctg000538l||full	Caudoviricetes
5516_U_hifi_reads_s582.ctg000584l||full	Caudoviricetes
5516_U_hifi_reads_s614.ctg000616l||full	Caudoviricetes
5516_U_hifi_reads_s619.ctg000621l||full	Caudoviricetes
5516_U_hifi_reads_s622.ctg000624l||full	Caudoviricetes
5516_U_hifi_reads_s637.ctg000639l||full	Caudoviricetes
5516_U_hifi_reads_s647.ctg000649l||full	Caudoviricetes
5516_U_hifi_reads_s693.ctg000695l||full	Caudoviricetes
5516_U_hifi_reads_s695.ctg000697l||full	Caudoviricetes
5516_U_hifi_reads_s716.ctg000718l||full	Caudoviricetes
5516_U_hifi_reads_s723.ctg000725l||full	Caudoviricetes
5516_U_hifi_reads_s725.ctg000727l||full	Caudoviricetes
5516_U_hifi_reads_s755.ctg000757l||full	Caudoviricetes
5516_U_hifi_reads_s761.ctg000763l||full	Caudoviricetes
5516_U_hifi_reads_s763.ctg000765l||full	Caudoviricetes
5516_U_hifi_reads_s770.ctg000772l||full	Caudoviricetes
5516_U_hifi_reads_s782.ctg000784l||full	Caudoviricetes
5516_U_hifi_reads_s786.ctg000788l||full	Caudoviricetes
5516_U_hifi_reads_s807.ctg000809l||full	Caudoviricetes
5516_U_hifi_reads_s811.ctg000813l||full	Caudoviricetes
5516_U_hifi_reads_s833.ctg000835l||full	Caudoviricetes
5516_U_hifi_reads_s836.ctg000838l||full	Caudoviricetes
5516_U_hifi_reads_s840.ctg000842l||full	Caudoviricetes
5516_U_hifi_reads_s851.ctg000853l||full	Caudoviricetes
5516_U_hifi_reads_s869.ctg000871l||full	Caudoviricetes
5516_U_hifi_reads_s876.ctg000878l||full	Caudoviricetes
5516_U_hifi_reads_s890.ctg000892l||full	Caudoviricetes
5516_U_hifi_reads_s900.ctg000902l||full	Caudoviricetes
5516_U_hifi_reads_s906.ctg000908l||full	Caudoviricetes
5516_U_hifi_reads_s908.ctg000910l||full	Caudoviricetes
5516_U_hifi_reads_s910.ctg000912l||full	Caudoviricetes
5516_U_hifi_reads_s916.ctg000918c||full	Caudoviricetes
5516_U_hifi_reads_s928.ctg000930l||full	Caudoviricetes
5516_U_hifi_reads_s940.ctg000942l||full	Caudoviricetes
5516_U_hifi_reads_s973.ctg000975l||full	Caudoviricetes
5516_U_hifi_reads_s983.ctg000985l||full	Caudoviricetes
5516_U_hifi_reads_s1012.ctg001014l||full	Caudoviricetes
5516_U_hifi_reads_s1045.ctg001048l||full	Caudoviricetes
5516_U_hifi_reads_s1047.ctg001050l||full	Caudoviricetes
5516_U_hifi_reads_s1051.ctg001054l||full	Caudoviricetes
5516_U_hifi_reads_s1053.ctg001056l||full	Caudoviricetes
5516_U_hifi_reads_s367.ctg001066l||full	Caudoviricetes
5516_U_hifi_reads_s1086.ctg001090l||full	Caudoviricetes
5516_U_hifi_reads_s1087.ctg001091l||full	Caudoviricetes
5516_U_hifi_reads_s1091.ctg001095l||full	Caudoviricetes
5516_U_hifi_reads_s1093.ctg001097l||full	Caudoviricetes
5516_U_hifi_reads_s1099.ctg001103l||full	Caudoviricetes
5516_U_hifi_reads_s1102.ctg001106l||full	Caudoviricetes
5516_U_hifi_reads_s1127.ctg001132l||full	Caudoviricetes
5516_U_hifi_reads_s1136.ctg001141l||full	Caudoviricetes
5516_U_hifi_reads_s1139.ctg001144l||full	Caudoviricetes
5516_U_hifi_reads_s1172.ctg001177l||full	Caudoviricetes
5516_U_hifi_reads_s1173.ctg001178l||full	Caudoviricetes
5516_U_hifi_reads_s1177.ctg001182l||full	Caudoviricetes
5516_U_hifi_reads_s1185.ctg001190l||full	Caudoviricetes
5516_U_hifi_reads_s1198.ctg001203l||full	Caudoviricetes
5516_U_hifi_reads_s1213.ctg001218l||full	Caudoviricetes
5516_U_hifi_reads_s1217.ctg001222l||full	Caudoviricetes
5516_U_hifi_reads_s1224.ctg001229l||full	Caudoviricetes
5516_U_hifi_reads_s1243.ctg001248l||full	Caudoviricetes
5516_U_hifi_reads_s1255.ctg001260l||full	Caudoviricetes
5516_U_hifi_reads_s1258.ctg001263l||full	Caudoviricetes
5516_U_hifi_reads_s1292.ctg001297l||full	Caudoviricetes
5516_U_hifi_reads_s1325.ctg001330l||full	Caudoviricetes
5516_U_hifi_reads_s1342.ctg001347l||full	Caudoviricetes
5516_U_hifi_reads_s1355.ctg001360l||full	Caudoviricetes
5516_U_hifi_reads_s1362.ctg001367l||full	Caudoviricetes
5516_U_hifi_reads_s1387.ctg001392c||full	Caudoviricetes
5516_U_hifi_reads_s1411.ctg001416l||full	Caudoviricetes
5516_U_hifi_reads_s1413.ctg001418l||full	Caudoviricetes
5516_U_hifi_reads_s1423.ctg001428l||full	Caudoviricetes
5516_U_hifi_reads_s1425.ctg001430l||full	Caudoviricetes
5516_U_hifi_reads_s1428.ctg001433l||full	Caudoviricetes
5516_U_hifi_reads_s1432.ctg001437l||full	Caudoviricetes
5516_U_hifi_reads_s1434.ctg001439l||full	Caudoviricetes
5516_U_hifi_reads_s1456.ctg001461l||full	Caudoviricetes
5516_U_hifi_reads_s1464.ctg001469c||full	Caudoviricetes
5516_U_hifi_reads_s1480.ctg001485l||full	Caudoviricetes
5516_U_hifi_reads_s1482.ctg001487l||full	Caudoviricetes
5516_U_hifi_reads_s1486.ctg001491l||full	Caudoviricetes
5516_U_hifi_reads_s1496.ctg001501l||full	Caudoviricetes
5516_U_hifi_reads_s1498.ctg001503l||full	Caudoviricetes
5516_U_hifi_reads_s1499.ctg001504l||full	Caudoviricetes
5516_U_hifi_reads_s1530.ctg001535l||full	Caudoviricetes
5516_U_hifi_reads_s1533.ctg001538l||full	Caudoviricetes
5516_U_hifi_reads_s1544.ctg001549l||full	Caudoviricetes
5516_U_hifi_reads_s1556.ctg001561l||full	Caudoviricetes
5516_U_hifi_reads_s1566.ctg001571l||full	Caudoviricetes
5516_U_hifi_reads_s1572.ctg001577l||full	Caudoviricetes
5516_U_hifi_reads_s1584.ctg001589l||full	Caudoviricetes
5516_U_hifi_reads_s1590.ctg001595l||full	Caudoviricetes
5516_U_hifi_reads_s1603.ctg001608l||full	Caudoviricetes
5516_U_hifi_reads_s1609.ctg001614l||full	Caudoviricetes
5516_U_hifi_reads_s1625.ctg001630l||full	Caudoviricetes
5516_U_hifi_reads_s1628.ctg001633l||full	Caudoviricetes
5516_U_hifi_reads_s1630.ctg001635l||full	Caudoviricetes
5516_U_hifi_reads_s1633.ctg001638l||full	Caudoviricetes
5516_U_hifi_reads_s1638.ctg001643l||full	Caudoviricetes
5516_U_hifi_reads_s1645.ctg001650l||full	Caudoviricetes
5516_U_hifi_reads_s1648.ctg001653l||full	Caudoviricetes
5516_U_hifi_reads_s1700.ctg001705l||full	Caudoviricetes
5516_U_hifi_reads_s1730.ctg001735l||full	Caudoviricetes
5516_U_hifi_reads_s1735.ctg001740l||full	Caudoviricetes
5516_U_hifi_reads_s1747.ctg001752l||full	Caudoviricetes
5516_U_hifi_reads_s1779.ctg001784l||full	Caudoviricetes
5516_U_hifi_reads_s1805.ctg001810c||full	Caudoviricetes
5516_U_hifi_reads_s1815.ctg001820l||full	Caudoviricetes
5516_U_hifi_reads_s1819.ctg001824l||full	Caudoviricetes
5516_U_hifi_reads_s1824.ctg001829l||full	Caudoviricetes
5516_U_hifi_reads_s1829.ctg001834l||full	Caudoviricetes
5516_U_hifi_reads_s1834.ctg001839l||full	Caudoviricetes
5516_U_hifi_reads_s1837.ctg001842l||full	Caudoviricetes
5516_U_hifi_reads_s1879.ctg001884l||full	Caudoviricetes
5516_U_hifi_reads_s1880.ctg001885l||full	Caudoviricetes
5516_U_hifi_reads_s1890.ctg001895l||full	Caudoviricetes
5516_U_hifi_reads_s1924.ctg001929l||full	Caudoviricetes
5516_U_hifi_reads_s1927.ctg001932l||full	Caudoviricetes
5516_U_hifi_reads_s1941.ctg001946l||full	Caudoviricetes
5516_U_hifi_reads_s1946.ctg001951l||full	Caudoviricetes
5516_U_hifi_reads_s1949.ctg001954l||full	Caudoviricetes
5516_U_hifi_reads_s1956.ctg001961l||full	Caudoviricetes
5516_U_hifi_reads_s1978.ctg001983l||full	Caudoviricetes
5516_U_hifi_reads_s2001.ctg002006l||full	Caudoviricetes
5516_U_hifi_reads_s2032.ctg002037l||full	Caudoviricetes
5516_U_hifi_reads_s2035.ctg002040l||full	Caudoviricetes
5516_U_hifi_reads_s2047.ctg002052l||full	Caudoviricetes
5516_U_hifi_reads_s2062.ctg002067l||full	Caudoviricetes
5516_U_hifi_reads_s2072.ctg002077l||full	Caudoviricetes
5516_U_hifi_reads_s2089.ctg002094l||full	Caudoviricetes
5516_U_hifi_reads_s2090.ctg002095l||full	Caudoviricetes
5516_U_hifi_reads_s2091.ctg002096l||full	Caudoviricetes
5516_U_hifi_reads_s2100.ctg002105l||full	Caudoviricetes
5516_U_hifi_reads_s2132.ctg002137l||full	Caudoviricetes
5516_U_hifi_reads_s2137.ctg002142l||full	Caudoviricetes
5516_U_hifi_reads_s2153.ctg002158l||full	Caudoviricetes
5516_U_hifi_reads_s2172.ctg002177l||full	Caudoviricetes
5516_U_hifi_reads_s2182.ctg002187l||full	Caudoviricetes
5516_U_hifi_reads_s2205.ctg002210l||full	Caudoviricetes
5516_U_hifi_reads_s2210.ctg002215l||full	Caudoviricetes
5516_U_hifi_reads_s2218.ctg002223l||full	Caudoviricetes
5516_U_hifi_reads_s2221.ctg002226l||full	Caudoviricetes
4752_CF_run525_CCS_trimmed_deduplicated_s103.ctg000104l||full	Other
5516_AB_hifi_reads_s221.ctg000222l||full	Other
5516_AB_hifi_reads_s463.ctg000464l||full	Other
5516.AD.hifi_reads_s1227.ctg001231l||full	Other
5516.AD.hifi_reads_s2295.ctg002301l||full	Other
5516.AF.hifi_reads_s4994.ctg005025l||full	Other
5516.D.hifi_reads_s160.ctg000161l||full	Other
5516.H.hifi_reads_s1930.ctg002193l||full	Other
5516_R_hifi_reads_s1287.ctg001288l||full_1	Other
5516.S.hifi_reads_s198.ctg000203l||full	Other
